,ret_1d,ret_5d,ma_gap,vol_20,dxy_chg_5d_dir,us10y_chg_5d_dir,cpi_surprise_dir,nfp_surprise_dir,fed_exp_level,fed_exp_chg,demand_chg_5d,gpr_level_z,gpr_chg_5d,ev_supply_5d,ev_geo_5d,ev_demand_5d,ev_cpi_5d,ev_jobs_5d,ev_fed_5d,ev_view_5d,inst_bias
2023-09-06,,,,,,,,,,,,,,0.0,0.0,0.0,,0.0,0.0,,
2023-09-07,-0.007683083490920062,,,,,,,,,,,,,0.0,0.0,0.0,,0.0,0.0,,
2023-09-08,0.0073403242759111365,,,,,,,,,,,,,0.0,0.0,0.0,,0.0,0.0,,
2023-09-11,-0.0025171638004817254,,,,,,,,,,,,,0.0,0.0,0.0,,0.0,0.0,,
2023-09-12,0.01760109027896828,,0.01397008695506674,,,,,,,,,,,0.0,0.0,0.0,,0.0,0.0,,
2023-09-13,-0.003608483843377641,0.011132683420099987,0.00863466925973988,0.01021369733045176,0.6664637133401818,0.04999999999999982,,,,,0.0,,0.0,0.0,0.0,0.0,,0.0,0.0,,
2023-09-14,0.018357354548672156,0.037173121459692204,0.02313602040721019,0.011261567594710137,0.584898419716473,-0.020000000000000462,,,,,0.0,,0.0,0.0,0.0,0.0,,0.0,0.0,,
2023-09-15,0.006742964807014751,0.03657576199079582,0.02614411206244771,0.010303547998905037,0.6137887205559855,-0.07000000000000028,,,,,0.0,,0.0,0.0,0.0,0.0,,0.0,0.0,,
2023-09-18,0.007791534616044871,0.046884460407322415,0.030165019269770887,0.009583943761576766,0.11933547939403377,-0.03000000000000025,,,,,0.0,,0.0,0.0,0.0,0.0,,0.0,0.0,,
2023-09-19,-0.0030654720742946395,0.026217898054059496,0.02438959247592809,0.009408944868206835,0.10454171074100183,-0.10000000000000053,,,,,0.0,,0.0,0.0,0.0,0.0,,0.0,0.0,,
2023-09-20,-0.010138945130950816,0.01968743676648632,0.012955133949979825,0.01001355292325363,0.07442904004711925,-0.09999999999999964,,,,,0.0,,0.0,0.0,0.0,0.0,,0.0,0.0,,
2023-09-21,-0.007225866580064633,-0.005895784362250467,0.005251828422422555,0.009995170008374273,-0.2584141307082177,-0.20000000000000018,,,,,0.0,,0.0,0.0,0.0,0.0,,0.0,0.0,,
2023-09-22,0.004452862751114672,-0.008185886418150545,0.008958176467880108,0.009553280731108386,-0.27359961715855974,-0.11000000000000032,,,,,0.0,,0.0,0.0,0.0,0.0,,0.0,0.0,,
2023-09-25,-0.003895169356480821,-0.019872590390676237,0.004701363746299592,0.009308473449860489,-0.7595273025517768,-0.22999999999999954,,,,,0.0,,0.0,0.0,0.0,0.0,,0.0,0.0,,
2023-09-26,0.007885863046414698,-0.008921255269966899,0.011748078339866908,0.009087242408917354,-1.0809271692616251,-0.1899999999999995,,,,,0.0,,0.0,0.0,0.0,0.0,,0.0,0.0,,
2023-09-27,0.03575107747914252,0.03696876734012644,0.04453045858032123,0.012301606934560876,-1.6737927066386327,-0.2600000000000007,,,,,0.0,,0.0,0.0,0.0,0.0,,0.0,0.0,,
2023-09-28,-0.02125329471860926,0.022941339201581812,0.021907918928669723,0.013518688212764396,-0.8073857615785052,-0.09999999999999964,,,,,0.0,,0.0,0.0,0.0,0.0,,0.0,0.0,,
2023-09-29,-0.010082277187186683,0.008406199263280456,0.011168661644734179,0.013463275415270405,-0.6394274363822783,-0.14999999999999947,,,,,0.0,,0.0,0.0,0.0,0.0,,0.0,0.0,,
2023-10-02,-0.02193729751970963,-0.009635928899948354,-0.010201865565766077,0.014241328654309238,-0.7699343975275719,-0.14000000000000057,,,,,-0.5070511159216973,,0.0,0.0,0.0,0.0,,0.0,0.0,,
2023-10-03,0.0046054560481039175,-0.012916335898259135,-0.0053165890417794515,0.0138674987501033,-1.0701029278003205,-0.25,2.924038303442686,-2.92403830344269,,,-0.5070511159216973,,0.0,0.0,0.0,0.0,,0.0,0.0,,
2023-10-04,-0.05778488317827879,-0.10645229655568045,-0.061168301768610434,0.018841623683361723,-0.4919932189333176,-0.1200000000000001,2.390457218668788,-2.3904572186687876,-0.32941328449386337,,-0.5070511159216973,,0.0,0.0,0.0,0.0,,0.0,0.0,,
2023-10-05,-0.02293981574922821,-0.1081388175862994,-0.08141211045347418,0.019387608807564762,-1.1140563206027299,-0.1299999999999999,2.0725478391232732,-2.072547839123273,-0.7583442875896136,,-0.5070511159216973,,0.0,0.0,0.0,0.0,,0.0,0.0,,
2023-10-06,0.0058146741661611046,-0.09224186623295161,-0.0728251467174621,0.019349004459703712,-0.8573458580285687,-0.1900000000000004,1.8556611384812587,-1.8556611384812602,-0.8555061461067279,,-0.5070511159216973,,0.0,0.0,0.0,0.0,,0.0,0.0,,
2023-10-09,0.04244888638184108,-0.0278556823314009,-0.029852273274885377,0.021833204890350906,-0.8573458580285687,-0.1900000000000004,1.6955824957813153,-1.6955824957813161,-0.8555061461067279,,0.0,,0.0,0.0,0.0,0.0,,0.0,0.0,,
2023-10-10,-0.004757769346202423,-0.03721890772570724,-0.03296811257909393,0.021424897510754576,0.6920074193277337,0.14999999999999947,1.5711688096991447,-1.5711688096991443,0.16722298237942015,,0.0,,0.0,0.0,0.0,0.0,,0.0,0.0,,
2023-10-11,-0.029271533980443465,-0.008705558527871915,-0.05931456401069113,0.022299512039038693,0.6674239813066252,0.15000000000000036,1.4708710135363803,-1.47087101353638,-0.2522047523146391,0.07720853217922424,0.0,,0.0,0.0,0.0,0.0,,0.0,0.0,,
2023-10-12,-0.006971182077782245,0.007263075143574049,-0.06209423670830372,0.021739423999307547,0.5562581870922623,0.019999999999999574,1.3877773329774215,-1.3877773329774228,-0.5136944591717275,0.24464982841788607,0.0,,0.0,0.0,0.0,0.0,,0.0,0.0,,
2023-10-13,0.05605218566313663,0.05750058664054958,-0.004316002707803079,0.025513276898880985,-0.1938287708045605,0.15000000000000036,1.3174650984805187,-1.3174650984805187,-0.17462122529099497,0.6808849208157329,0.0,,0.0,0.0,0.0,0.0,,0.0,0.0,,
2023-10-16,-0.01181545147950036,0.0032362487792081396,-0.013425056545163017,0.025505013583052866,-0.1938287708045605,0.15000000000000036,1.2569555696504298,-1.256955569650429,-0.35118071643447896,0.6808849208157329,0.0,,0.0,0.0,0.0,0.0,,0.0,0.0,,
2023-10-17,0.0,0.007994018125410562,-0.010871932506735682,0.025511952242615262,-0.15618873456211269,-0.16999999999999993,1.2041594578792294,-1.2041594578792287,-0.8836395586459032,-1.0508625410253234,0.0,,0.0,0.0,0.0,0.0,,0.0,0.0,,
2023-10-18,0.018974166217021526,0.056239718322875554,0.00919970218131283,0.025884190784537804,-0.8512686762287558,-0.33000000000000007,1.1575622541394623,-1.1575622541394632,-0.526847203495301,-0.2746424511806619,0.0,,0.0,0.0,0.0,0.0,,0.0,0.0,,
2023-10-19,0.011818472864515428,0.07502937326517323,0.021163426544626773,0.02599692821205593,-0.4771524412365613,-0.28000000000000025,1.1160357137142667,-1.1160357137142674,-0.1488685763244572,0.3648258828472703,0.0,,0.0,0.0,0.0,0.0,,0.0,0.0,,
2023-10-20,-0.006961627037775031,0.012015560564261563,0.01491777549509532,0.02601595769884026,-0.013430920568247018,-0.2999999999999998,1.0787197799411885,-1.0787197799411854,0.22682311203803887,0.40144433732903384,0.0,,0.0,0.0,0.0,0.0,,0.0,0.0,,
2023-10-23,0.0,0.023831012043761923,0.01543899301551388,0.026005483003535577,0.027489792691282045,-0.15000000000000036,1.0449458190288539,-1.0449458190288534,0.30723128332335303,0.6584119997578319,0.0,,0.0,0.0,0.0,0.0,,0.0,0.0,,
2023-10-24,-0.05810666776452855,-0.03427565572076663,-0.038846830688049394,0.028907358513847667,-0.4234885908242614,-0.0,1.014185105674219,-1.0141851056742188,0.15528847894124556,1.0389280375871488,0.0,,0.0,0.0,0.0,0.0,,0.0,0.0,,
2023-10-25,0.019512237328518367,-0.03373758460926979,-0.014701807291032765,0.02794956252834759,0.02237212352643736,-0.040000000000000036,0.9860132971832694,-0.9860132971832687,0.15726705302603244,0.6841142565213334,0.0,,0.0,0.0,0.0,0.0,,0.0,0.0,,
2023-10-26,-0.025861465007176676,-0.07141752248096189,-0.03570007771528427,0.02811230916484514,-0.16833874537551807,0.1200000000000001,0.9600853447127984,-0.9600853447127962,0.15885949870900565,0.3077280750334629,0.0,,0.0,0.0,0.0,0.0,,0.0,0.0,,
2023-10-27,0.027616569886424358,-0.0368393255567625,-0.005105255599614722,0.02899398551808657,-0.006471863573120906,0.08999999999999986,0.9361174015441023,-0.9361174015441033,0.3176318355545833,0.09080872351654443,0.0,,0.0,0.0,0.0,0.0,,0.0,0.0,,
2023-10-30,-0.03849149581420974,-0.07533082137097225,-0.0397907892698548,0.029789097021506415,-0.09976915202709602,-0.019999999999999574,0.9138735334633746,-0.9138735334633743,0.7232592322960649,0.4160279489727119,0.0,,0.0,0.0,0.0,0.0,,0.0,0.0,,
2023-10-31,-0.015796569210008826,-0.03302072281645252,-0.05076129507298699,0.029835184365069687,-0.15755215073243178,-0.04999999999999982,0.8931557942079729,-0.8931557942079711,0.6508184979166937,0.4955300189754481,0.0,,0.0,0.0,0.0,0.0,,0.0,0.0,,
2023-11-01,-0.0071844728700929394,-0.059717433015063826,-0.05564972505161325,0.0271308056831351,-0.004119976960437199,0.1800000000000006,1.3781153310113774,1.321482120673088,0.7962036059040526,0.6389365528780202,0.683862656348555,,0.0,0.0,0.0,0.0,,0.0,0.0,,
2023-11-02,0.024801762374302427,-0.009054205633584722,-0.030938998692021435,0.027318486609116524,0.9068886767134576,0.1900000000000004,1.3315076414561176,1.2790723116231706,0.39704993532647825,0.2381904366174726,0.683862656348555,,0.0,0.0,0.0,0.0,,0.0,0.0,,
2023-11-03,-0.023931926966864303,-0.06060270248687338,-0.05347463161694499,0.027796056331802557,1.507523054521931,0.2699999999999996,1.2893598694038573,1.2405265995837873,1.0,0.6823681644454167,0.683862656348555,,0.0,0.0,0.0,0.0,,0.0,0.0,,
2023-11-06,0.003843059338437982,-0.01826814733422566,-0.04630498688439477,0.025864347222606287,1.4255199841824995,0.20999999999999996,1.251002272516893,1.2052907860837303,1.0,0.6823681644454167,0.683862656348555,,0.0,0.0,0.0,0.0,,0.0,0.0,,
2023-11-07,-0.04362535108896459,-0.046096929213181426,-0.08466037349211053,0.027392596455858505,1.4201801731962505,0.2999999999999998,1.2158979786534176,1.172915956268047,0.3387330812466931,-0.31208541667000056,0.683862656348555,,0.0,0.0,0.0,0.0,,0.0,0.0,,
2023-11-08,-0.026720646723759067,-0.06563310306684755,-0.10623860009745378,0.02728066941437451,1.3729459529760235,0.27999999999999936,1.183610911036774,1.1430340856255778,0.40160602949766855,-0.39459757640638404,0.0,,0.0,0.0,0.0,0.0,,0.0,0.0,,
2023-11-09,0.00542796063604456,-0.08500690480510542,-0.09628817647868448,0.027377637044069886,0.6133536455357858,0.04999999999999982,1.1537826951112202,1.1153402160910098,0.20306147977726552,-0.19398845554921273,0.0,,0.0,0.0,0.0,0.0,,0.0,0.0,,
2023-11-10,0.018704357995863674,-0.042370619842377444,-0.07119396411673318,0.024106801109414405,0.6133536455357858,-0.040000000000000036,1.1261157186780364,1.0895792082383648,-0.0,-1.0,0.0,,0.0,0.0,0.0,0.0,,0.0,0.0,,
2023-11-13,0.014025836312754336,-0.03218784286806109,-0.052070337827504254,0.024490163491499777,-0.6395480746150373,0.040000000000000036,1.1003604971647054,1.0655357430230703,0.4839805118582361,-1.0,0.0,,0.0,0.0,0.0,0.0,,0.0,0.0,,
2023-11-14,0.0,0.011437508220903503,-0.04697254785102967,0.024490163491499777,0.5960957652380361,0.13999999999999968,1.0763061080968803,1.0430266712971707,1.0,0.6612669187533069,0.0,,0.0,0.0,0.0,0.0,,0.0,0.0,,
2023-11-15,-0.020656556829857564,0.017501598114805006,-0.060549778552069,0.02403909150740099,0.8335476515366258,-0.040000000000000036,1.0537728509316346,1.021895086249652,1.0,0.5983939705023315,0.0,,0.0,0.0,0.0,0.0,,0.0,0.0,,
2023-11-16,-0.05029142093779626,-0.038217783459035815,-0.10065637867093091,0.02544028806016949,0.7800825526639743,0.16999999999999993,1.0326065452449287,1.0020056782598852,1.0,0.7969385202227345,0.0,,0.0,0.0,0.0,0.0,,0.0,0.0,,
2023-11-17,0.04019628440120915,-0.01672585705369034,-0.05263316902273729,0.027828071996297814,0.7800825526639743,0.16999999999999993,1.0126740519606963,0.9832410566887582,1.0,1.0,0.0,,0.0,0.0,0.0,0.0,,0.0,0.0,,
2023-11-20,0.022282503773351614,-0.008469189593093063,-0.023637865191067142,0.028593449459604237,1.7750256480628446,0.20999999999999996,0.9938597192240167,0.9654988094121594,0.9219335385475768,0.43795302668934066,0.0,,0.0,0.0,0.0,0.0,,0.0,0.0,,
2023-11-21,0.0021883255176788907,-0.006280864075414172,-0.017751489279180355,0.02594553787410018,0.9278121137206274,0.03000000000000025,0.9760625354841141,0.9486891313795638,0.9028317790340691,-0.09716822096593092,0.0,,0.0,0.0,0.0,0.0,,0.0,0.0,,
2023-11-22,-0.0086524721375687,0.005723220616874691,-0.02129767554923845,0.02537758446431448,0.32599655254722526,0.11000000000000032,0.9591938292888658,0.932732896487001,1.0,0.0,0.0,,0.0,0.0,0.0,0.0,,0.0,0.0,,
2023-11-23,0.0,0.05601464155467095,-0.017484462932085165,0.024919100682059967,0.32599655254722526,0.11000000000000032,0.9431753959019553,0.917560078044684,1.0,0.0,0.0,,0.0,0.0,0.0,0.0,,0.0,0.0,,
2023-11-24,-0.02044096328497247,-0.004622606131510665,-0.031709336941335486,0.024030073851183373,0.5272752398266634,-0.02999999999999936,0.927937960198269,0.9031084457274855,0.39127378683521286,-0.6087262131647871,0.0,,0.0,0.0,0.0,0.0,,0.0,0.0,,
2023-11-27,-0.009042614808028482,-0.03594772471289076,-0.03600830652395004,0.0228200858966827,0.06677571426313422,0.03000000000000025,0.9134199067549723,0.8893224835774788,1.0,0.07806646145242324,0.0,,0.0,0.0,0.0,0.0,,0.0,0.0,,
2023-11-28,0.020493875183192678,-0.017642175047376973,-0.012585308335004264,0.02333202630264645,0.5270989759956657,0.07000000000000028,0.8995662239286867,0.8761524860665326,1.0,0.09716822096593092,0.0,,0.0,0.0,0.0,0.0,,0.0,0.0,,
2023-11-29,0.018798764522834688,0.009809061613026415,0.00784341732393834,0.02380128505937675,0.716190394116023,0.15000000000000036,0.8863276205719886,0.8635537985943155,1.0,0.0,0.0,,0.0,0.0,0.0,0.0,,0.0,0.0,,
2023-11-30,-0.024705456238224954,-0.014896394625198539,-0.012756716847554195,0.02347990907228898,0.716190394116023,0.15000000000000036,0.8736597829941474,0.851486175916557,1.0,0.0,0.0,,0.0,0.0,0.0,0.0,,0.0,0.0,,
2023-12-01,-0.02519629391888678,-0.01965172525911285,-0.03378447035210552,0.023537731603164056,0.22302544286896264,0.25,0.0858755363183251,-1.6007766396368526,1.0,0.6087262131647871,0.9290952615338854,,0.0,0.0,0.0,0.0,,0.0,0.0,,
2023-12-04,-0.014003355738484657,-0.024612466189569027,-0.04272696492241046,0.023556298193159336,-0.24939046208383164,0.10999999999999943,0.08520773955945372,-1.557062958845633,1.0,0.0,0.9290952615338854,,0.0,0.0,0.0,0.0,,0.0,0.0,,
2023-12-05,-0.009906520202792812,-0.05501286157555452,-0.04925856550133023,0.021791472327192044,-1.004177592850275,0.16000000000000014,0.08455528065281885,-1.516759022677209,1.0,0.0,0.9290952615338854,,0.0,0.0,0.0,0.0,,0.0,0.0,,
2023-12-06,-0.04150207454231669,-0.1153137006407059,-0.08664664902884756,0.022849887130302452,-0.598835379945406,0.14999999999999947,0.083917581421633,-1.4794431735071751,1.0,0.0,0.9290952615338854,,0.0,0.0,0.0,0.0,,0.0,0.0,,
2023-12-07,-0.000576701284726866,-0.09118494568720781,-0.0828091262027355,0.022757173853964748,-0.2976462741406172,0.23000000000000043,0.08329409374376802,-1.4447633179078707,1.0,0.0,0.9290952615338854,,0.0,0.0,0.0,0.0,,0.0,0.0,,
2023-12-08,0.026892137733385724,-0.039096514034935304,-0.05191215334538768,0.023262979106203577,-0.6822441438557147,-0.010000000000000675,0.08268429757280872,-1.4124228354061248,1.0,0.0,0.0,,0.0,0.0,0.0,0.0,,0.0,0.0,,
2023-12-11,0.0012627150046764513,-0.023830443291774195,-0.0460064471513455,0.022914779015942705,-0.37784493914387873,0.04999999999999982,0.0820876991160729,-1.3821698256913353,0.9251036956393326,-0.07489630436066741,0.0,,0.0,0.0,0.0,0.0,,0.0,0.0,,
2023-12-12,-0.03873849629214021,-0.052662419381121595,-0.07816502743951137,0.024107836022339523,0.09073501154470698,-0.020000000000000462,0.08150382915503046,-1.353788798108662,0.20704815363199922,-0.7929518463680008,0.0,,0.0,0.0,0.0,0.0,,0.0,0.0,,
2023-12-13,0.012456708001990613,0.0012963631631857098,-0.060784066675140025,0.024226979542316368,-0.5174499350387496,0.08000000000000007,0.0809322414952264,-1.3270941738484225,1.0,0.0,0.0,,0.0,0.0,0.0,0.0,,0.0,0.0,,
2023-12-14,0.029920700633089936,0.03179376508100251,-0.029949719358213223,0.02292582527202329,0.8565413473984096,0.21999999999999975,0.08037251153400551,-1.301925151374101,1.0,0.0,0.0,,0.0,0.0,0.0,0.0,,0.0,0.0,,
2023-12-15,-0.0020977561709987214,0.002803871176618067,-0.029019126816764995,0.02078487837439275,0.8467158603751024,0.3200000000000003,0.0798242349356526,-1.2781416094978142,1.0,0.0,0.0,,0.0,0.0,0.0,0.0,,0.0,0.0,,
2023-12-18,0.014454733954309518,0.015995890126251133,-0.011144655659056646,0.020352379194536026,0.8415758480879831,0.28000000000000025,0.07928702640453994,-1.2556208090604948,1.0,0.07489630436066741,0.0,,0.0,0.0,0.0,0.0,,0.0,0.0,,
2023-12-19,0.013296063191044816,0.06803044960943616,0.005015757851719371,0.020662661420030867,1.009680838105531,0.27,0.07876051854781062,-1.2342547155405006,1.0,0.7929518463680008,0.0,,0.0,0.0,0.0,0.0,,0.0,0.0,,
2023-12-20,0.010564909320216032,0.06613865092766158,0.017484148418777323,0.020825519814087517,1.3318245484581603,0.18000000000000016,0.07824436082002582,-1.2139478090168794,1.0,0.0,0.0,,0.0,0.0,0.0,0.0,,0.0,0.0,,
2023-12-21,-0.004456154831895098,0.031761795462676545,0.015154282575317701,0.020827920621371062,0.21034003159700054,0.029999999999999805,0.07773821854281635,-1.1946152800066172,1.0,0.0,0.0,,0.0,0.0,0.0,0.0,,0.0,0.0,,
2023-12-22,-0.0044761010644354116,0.029383450569239855,0.0120062273882926,0.020390392154034365,0.5643144794226118,0.010000000000000231,0.07724177199338916,-1.1761815333204497,1.0,0.0,0.0,,0.0,0.0,0.0,0.0,,0.0,0.0,,
2023-12-25,0.0,0.014928716614930337,0.012882142525300289,0.02031042568634425,0.5643144794226118,0.010000000000000231,0.0767547155562118,-1.1585789396612243,1.0,0.0,0.0,,0.0,0.0,0.0,0.0,,0.0,0.0,,
2023-12-26,0.02695797929650734,0.02859063272039286,0.04039283175315056,0.020715774498723225,0.4819057249429104,0.040000000000000036,0.07627675693275701,-1.141746787901012,0.9276217679495632,-0.07237823205043681,0.0,,0.0,0.0,0.0,0.0,,0.0,0.0,,
2023-12-27,-0.019508903069360706,-0.0014831796691838761,0.02335202199474118,0.020603023249634426,0.8955735778189533,0.06999999999999984,0.07580761640468284,-1.1256304009964035,0.8310462748540035,-0.1689537251459965,0.0,,0.0,0.0,0.0,0.0,,0.0,0.0,,
2023-12-28,-0.03208391452128723,-0.029110939358576005,-0.00589487630144081,0.021082645952918495,0.7596583213763775,0.050000000000000266,0.0753470261462449,-1.1101803861721806,0.8610602894609187,-0.1689537251459965,0.0,,0.0,0.0,0.0,0.0,,0.0,0.0,,
2023-12-29,-0.00167340716779929,-0.026308245461939883,-0.005907411581688393,0.020415205406679605,0.538960629921259,0.020000000000000018,0.07489472958207266,-1.0953519959222515,0.5884888339154281,-0.41151116608457194,0.0,,0.0,0.0,0.0,0.0,,0.0,0.0,,
2024-01-01,0.0,-0.026308245461939883,-0.004946707481062518,0.020208711661533305,0.538960629921259,0.020000000000000018,1.1936899857495218,-4.536923341685536,0.5884888339154281,-0.41151116608457194,-2.114914020366432,,0.0,0.0,0.0,0.0,,0.0,0.0,,
2024-01-02,-0.01788402238074216,-0.07115024713918938,-0.021471150652280002,0.02047159464925821,-0.3205551466722856,-0.06000000000000005,1.1767911901252321,-4.042258079460203,0.4200722521925715,-0.5075495157569917,-2.114914020366432,,0.0,0.0,0.0,0.0,,0.0,0.0,,
2024-01-03,0.032432252646034776,-0.0192090914237939,0.008623964843860854,0.019493306940370703,-1.0322191826147575,-0.1200000000000001,1.160592937375195,-3.6806864205295193,0.4654650534156355,-0.365581221438368,-2.114914020366432,,0.0,0.0,0.0,0.0,,0.0,0.0,,
2024-01-04,-0.0070398523884041,0.005834970709089227,-0.0004298671392524156,0.01959744902334218,-1.0222075087999105,-0.15000000000000036,1.145048074120036,-3.4015584223989497,0.3430643179270165,-0.5179959715339022,-2.114914020366432,,0.0,0.0,0.0,0.0,,0.0,0.0,,
2024-01-05,0.02219269163089166,0.029701069507780176,0.019983817202054333,0.019309519855038072,-0.8167484090632726,-0.16999999999999993,1.1301137751438621,-3.177660346118787,0.5300886210126161,-0.05840021290281194,-2.114914020366432,,0.0,0.0,0.0,0.0,,0.0,0.0,,
2024-01-08,-0.04205904169426766,-0.012357972186487487,-0.021688143946851035,0.02165757778459899,-0.8167484090632726,-0.16999999999999993,1.115751045645377,-2.9928935712043994,0.5979116808381103,-0.05840021290281194,0.0,,0.0,0.0,0.0,0.0,,0.0,0.0,,
2024-01-09,0.02055872702103656,0.026084777215291233,-0.0037071975461113738,0.020136443218854567,-0.3337005716508745,-0.0699999999999994,1.1019242917066288,-2.8370453816568495,0.638446857394995,0.21837460520242347,0.0,,0.0,0.0,0.0,0.0,,0.0,0.0,,
2024-01-10,-0.012116296125753934,-0.018463771556497477,-0.01717262408577458,0.020251291866823104,-0.054805598859775095,-0.1299999999999999,1.0886009481989827,-2.703282948825317,0.1574217918437553,-0.3080432615718802,0.0,,0.0,0.0,0.0,0.0,,0.0,0.0,,
2024-01-11,0.009066245237753456,-0.002357673930339921,-0.008412786492163704,0.019213010181087516,-0.22638203389375722,0.010000000000000231,1.075751155265081,-2.586839030107039,0.1928408174576441,-0.15022350046937244,0.0,,0.0,0.0,0.0,0.0,,0.0,0.0,,
2024-01-12,0.009122385307240855,-0.015427980253990725,-0.00015781590297780923,0.01930271636722817,-0.12229034743860279,0.08999999999999986,1.0633474760562227,-2.4842727787298644,0.5188418470917279,-0.011246773920888242,0.0,,0.0,0.0,0.0,0.0,,0.0,0.0,,
2024-01-15,0.0,0.026631061440276937,-0.0003024939233160495,0.019035966680139446,-0.12229034743860279,0.08999999999999986,1.051364649648837,-2.3930301107183256,0.5188418470917279,-0.011246773920888242,0.0,,0.0,0.0,0.0,0.0,,0.0,0.0,,
2024-01-16,-0.003859944136299198,0.002212390282941179,-0.0034493157135875308,0.01879719206191598,-0.7598611475549522,-0.05000000000000071,1.0397793740733074,-2.3111699818444014,0.32930344933211786,-0.3091434080628771,0.0,,0.0,0.0,0.0,0.0,,0.0,0.0,,
2024-01-17,0.002207506415210503,0.016536192823905616,-0.00011081680709867925,0.018625390033032194,-1.067789788696527,-0.05999999999999961,1.0285701152122955,-2.2371873189005114,-0.0,-0.1574217918437553,0.0,,0.0,0.0,0.0,0.0,,0.0,0.0,,
2024-01-18,0.020731784531042408,0.028201732117194567,0.0204925632470756,0.019230459150767813,-0.8323352094725678,-0.1599999999999997,1.0177169380007016,-2.1698946982116722,-0.017693765683045957,-0.21053458314069004,0.0,,0.0,0.0,0.0,0.0,,0.0,0.0,,
2024-01-19,-0.009085424215234283,0.009993922594719429,0.011509200712512602,0.019315975796883145,-0.9287734033831319,-0.1900000000000004,1.0072013569155374,-2.1083410443405004,-0.14307657250855418,-0.6619184196002821,0.0,,0.0,0.0,0.0,0.0,,0.0,0.0,,
2024-01-22,0.023958077267245415,0.03395199986196484,0.03437143579706792,0.020051528219773355,-0.9287734033831319,-0.1900000000000004,0.9970062032035317,-2.051754395556581,-0.14307657250855418,-0.6619184196002821,0.0,,0.0,0.0,0.0,0.0,,0.0,0.0,,
2024-01-23,-0.01096560867472629,0.02684633532353775,0.024206164338212766,0.019254432749342923,-0.4347469104522439,-0.0699999999999994,0.9871155066762933,-1.9995007457370444,-0.09254349654618547,-0.42184694587830335,0.0,,0.0,0.0,0.0,0.0,,0.0,0.0,,
2024-01-24,0.00963475939658398,0.03427358830491123,0.03318407782737065,0.01886286184320491,0.45323784990440874,-0.08000000000000007,0.9775143902210227,-1.9510538848616625,-0.2618760245169067,-0.2618760245169067,0.0,,0.0,0.0,0.0,0.0,,0.0,0.0,,
2024-01-25,0.02978245703324589,0.04332426080711471,0.0592163703754629,0.018274680521272214,0.04830857932243138,-0.0,0.9681889754413442,-1.9059729252673339,-0.03785538323223914,-0.02016161754919318,0.0,,0.0,0.0,0.0,0.0,,0.0,0.0,,
2024-01-26,0.008367172455183258,0.06077685747753225,0.06333134936434437,0.018255750335743674,0.022296969104185216,-0.0,0.9591262980665031,-1.863885301277963,-0.20903788123218403,-0.06596130872362985,0.0,,0.0,0.0,0.0,0.0,,0.0,0.0,,
2024-01-29,-0.01589283402757058,0.02092594618271626,0.04398096357185022,0.01878869741554008,-0.19565934712786337,0.03000000000000025,0.9503142319559743,-1.8244737335342152,-0.20903788123218403,-0.06596130872362985,0.0,,0.0,0.0,0.0,0.0,,0.0,0.0,,
2024-01-30,0.013454277983756313,0.04534583284119886,0.05241077477245781,0.018213146142097045,0.41089974327023215,0.08000000000000007,0.9417414206859833,-1.7874661096831883,-0.058543896742364265,0.03399959980382121,0.0,,0.0,0.0,0.0,0.0,,0.0,0.0,,
2024-01-31,-0.025640761761866138,0.010070311682748745,0.024649196947838625,0.018242808130394604,0.0485511023175178,0.1899999999999995,0.9333972158399496,-1.7526275404494678,0.11878661357081126,0.380662638087718,0.0,,0.0,0.0,0.0,0.0,,0.0,0.0,,
2024-02-01,-0.027128008192689457,-0.0468401535431866,-0.003595219517389836,0.019296304656916657,0.41181450801988095,0.2699999999999996,0.5918739173809385,-4.297097478546892,0.36564634232048054,0.4035017255527197,0.9219282724149069,,0.0,0.0,0.0,0.0,,0.0,0.0,,
2024-02-02,-0.02108223187782432,-0.07628955787619418,-0.023630113492317584,0.019234746586824565,-0.23603579254385387,0.1200000000000001,0.5881909610918971,-3.9500437421668804,0.08487325467564326,0.2939111359078273,0.9219282724149069,,0.0,0.0,0.0,0.0,,0.0,0.0,,
2024-02-05,0.006893726459986205,-0.0535029973886374,-0.018136687537147367,0.01668724068006501,-0.4097512862648811,-0.08999999999999986,0.5845760693491548,-3.6754832196240788,-0.2228832398595152,0.2939111359078273,0.9219282724149069,,0.0,0.0,0.0,0.0,,0.0,0.0,,
2024-02-06,0.00725583305148092,-0.05970144232091279,-0.01161601029200554,0.016139538952202024,-0.2954333450799096,-0.03000000000000025,0.5810271678700033,-3.451251041856723,-0.0680777752969353,-0.009533878554571038,0.9219282724149069,,0.0,0.0,0.0,0.0,,0.0,0.0,,
2024-02-07,0.007474384188922656,-0.026586296370123996,-0.005856315925155009,0.015911394921934413,-0.3917527656433384,-0.09999999999999964,0.5775422699008342,-3.2636400555428886,-0.09405968968882973,-0.212846303259641,0.9219282724149069,,0.0,0.0,0.0,0.0,,0.0,0.0,,
2024-02-08,0.0314524860212968,0.03199419784386226,0.022762168234892854,0.01719166145151908,-0.6201930468240358,-0.28000000000000025,0.5741194715214851,-3.1036578900130083,-0.48379782857258447,-0.849444170893065,0.0,,0.0,0.0,0.0,0.0,,0.0,0.0,,
2024-02-09,0.008101442454641727,0.06117787217632831,0.028080655970915025,0.017173512796462523,-0.11331491621313639,-0.13999999999999968,0.570756947254014,-2.965127859420585,-0.8561725153854927,-0.9410457700611359,0.0,,0.0,0.0,0.0,0.0,,0.0,0.0,,
2024-02-12,0.0010405828202229017,0.055324728536565004,0.026286254931507713,0.017166212493198326,0.3388573453427801,-0.0,0.567452945952798,-2.843648224604221,-0.8561725153854927,-0.9410457700611359,0.0,,0.0,0.0,0.0,0.0,,0.0,0.0,,
2024-02-13,0.012274848868315757,0.06034374435339984,0.034919380289962554,0.01721408632046129,-0.4641249747848075,-0.21999999999999975,0.5642057869549305,-2.7359860318263785,-1.0,-0.9319222247030647,0.0,,0.0,0.0,0.0,0.0,,0.0,0.0,,
2024-02-14,-0.015921635926289923,0.03694772423818726,0.016262477970886202,0.017762179443041173,-0.4096608160628623,-0.17999999999999972,0.5610138564716437,-2.6397061633866734,-0.6363316331062054,-0.5422719434173757,0.0,,0.0,0.0,0.0,0.0,,0.0,0.0,,
2024-02-15,0.017974234466064942,0.023469472682955406,0.03163932354741483,0.017625305718123277,-0.10926678108156285,-0.08999999999999986,0.5578756042030867,-2.55293482596087,-0.6389759708131044,-0.15517814224051996,0.0,,0.0,0.0,0.0,0.0,,0.0,0.0,,
2024-02-16,0.014756660093651064,0.030124690321964742,0.042606490536083896,0.017599811805891926,-0.09211906906037015,-0.1299999999999999,0.5547895401603388,-2.4742034471443874,-0.7729155176054844,0.08325699778000828,0.0,,0.0,0.0,0.0,0.0,,0.0,0.0,,
2024-02-19,0.0,0.02908410750174184,0.04001490129446417,0.01695846805087538,-0.09211906906037015,-0.1299999999999999,0.5517542316798124,-2.4023425496740036,-0.7729155176054844,0.08325699778000828,0.0,,0.0,0.0,0.0,0.0,,0.0,0.0,,
2024-02-20,-0.01283616785751196,0.003973090775914123,0.02468067215447256,0.017042124679441075,0.4117010998994419,0.040000000000000036,0.5487683006163868,-2.3364077314293086,-0.9376267508942572,0.06237324910574282,0.0,,0.0,0.0,0.0,0.0,,0.0,0.0,,
2024-02-21,-0.003459546022042126,0.01643518068016192,0.019377780120881205,0.017005005209466854,0.2984344342101597,-0.05000000000000071,0.5362763919159635,-2.2655442345634986,-1.0,-0.36366836689379456,0.0,,0.0,0.0,0.0,0.0,,0.0,0.0,,
2024-02-22,0.008944603462897938,0.007405549676994916,0.02752093025074842,0.015798662446619968,0.09083251589568908,-0.08999999999999986,0.5237884915367065,-2.1995676458699824,-1.0,-0.3610240291868956,0.0,,0.0,0.0,0.0,0.0,,0.0,0.0,,
2024-02-23,-0.02733890447188969,-0.03469001488854584,0.0011658762921804566,0.01687921550001056,0.09376766913878898,0.040000000000000036,0.5112999154806008,-2.1379122540607827,-1.0,-0.22708448239451562,0.0,,0.0,0.0,0.0,0.0,,0.0,0.0,,
2024-02-26,0.014149648678046134,-0.020540366210499705,0.014797251348268148,0.016819268198629715,0.09376766913878898,0.040000000000000036,0.49880685992825297,-2.0801001649745947,-1.0,-0.22708448239451562,0.0,,0.0,0.0,0.0,0.0,,0.0,0.0,,
2024-02-27,0.016491265398077992,0.008787067045090247,0.030618393753671924,0.016955363946822708,0.04561233317826874,-0.040000000000000036,0.48630680584790875,-2.0257244911376,-1.0,-0.06237324910574282,0.0,,0.0,0.0,0.0,0.0,,0.0,0.0,,
2024-02-28,-0.0041928782600351155,0.008053734807097257,0.024682998325870287,0.0158456178635855,-0.07443949374534853,0.05000000000000071,0.47379911754924886,-1.974436317356725,-1.0,0.0,0.0,,0.0,0.0,0.0,0.0,,0.0,0.0,,
2024-02-29,-0.0035714323675977155,-0.004462301023398396,0.01819121999925244,0.014395857803260702,-0.06639031560171649,0.08000000000000007,0.46128593876730367,-1.9259344788944948,-1.0,0.0,0.0,,0.0,0.0,0.0,0.0,,0.0,0.0,,
2024-03-01,0.021614947561531928,0.04449155101002322,0.03475096262979527,0.013802718354694371,0.02131581360725887,0.0699999999999994,-1.5817995260617994,-2.534847124500812,-0.5865412386420263,0.41345876135797366,-0.20298598438930338,,0.0,0.0,0.0,0.0,,0.0,0.0,,
2024-03-04,-0.015500278828207037,0.014841623503770052,0.015315179135010126,0.014534638885527194,0.15463508762655342,0.0600000000000005,-1.6301344592491829,-2.4498305834815888,-0.49802475376492317,0.5019752462350768,-0.20298598438930338,,0.0,0.0,0.0,0.0,,0.0,0.0,,
2024-03-05,-0.007521228648105449,-0.00917087054241339,0.00459729890530447,0.014731228739184705,0.0662176651535451,0.17999999999999972,-1.6820375105526926,-2.3714915918227586,-0.5152350912802979,0.4847649087197021,-0.20298598438930338,,0.0,0.0,0.0,0.0,,0.0,0.0,,
2024-03-06,0.012462012753616136,0.007484020471237862,0.013613278649086347,0.01484920164894686,0.5474374215705735,0.15999999999999925,-1.7379991726592658,-2.2989647060017697,-0.4777048926737931,0.5222951073262069,-0.20298598438930338,,0.0,0.0,0.0,0.0,,0.0,0.0,,
2024-03-07,-0.0025306859007905302,0.008524766938045047,0.009335718334566145,0.013343821678115755,0.8181881197269592,0.16000000000000014,-1.7986104597651282,-2.2315342736145647,-0.1362689783339635,0.8637310216660365,-0.20298598438930338,,0.0,0.0,0.0,0.0,,0.0,0.0,,
2024-03-08,-0.011724360120089372,-0.024814540743576252,-0.0031442260705158986,0.013581206955630504,0.8562024475440744,0.10000000000000053,-1.8645911208675103,-2.168602634941245,-0.0,0.5865412386420263,0.0,,0.0,0.0,0.0,0.0,,0.0,0.0,,
2024-03-11,-0.0010260357447524626,-0.010340297660121678,-0.004822515172013375,0.013586785114515373,0.6888278509497692,0.1200000000000001,-1.9368281900283364,-2.1096662102942587,-0.16958233968973577,0.32844241407518737,0.0,,0.0,0.0,0.0,0.0,,0.0,0.0,,
2024-03-12,-0.004759157481018406,-0.007578226493034634,-0.009382225692308843,0.013351728919046438,0.5937894487800799,-0.03000000000000025,-2.0164296734261655,-2.05429726092298,0.2015101514858904,0.7167452427661882,0.0,,0.0,0.0,0.0,0.0,,0.0,0.0,,
2024-03-13,0.027468664970142775,0.007428425723492005,0.01611637119373377,0.014163158134997593,0.41563974236478174,-0.08000000000000007,-2.1048009443779043,-2.0021297979082546,-0.16624702075730177,0.3114578719164913,0.0,,0.0,0.0,0.0,0.0,,0.0,0.0,,
2024-03-14,0.019133395214987026,0.02909250683926956,0.03322174028717573,0.0142342899416573,-0.04168368819936763,-0.20000000000000018,-2.2037561548142306,-1.952848568144972,-0.3913298077167668,-0.2550608293828033,0.0,,0.0,0.0,0.0,0.0,,0.0,0.0,,
2024-03-15,-0.002711030619153121,0.03810583634020581,0.02935606808211677,0.013945136329604728,-0.3544905188580971,-0.21999999999999975,-2.315685376467793,-1.9061803534471482,-0.2550120063001753,-0.2550120063001753,0.0,,0.0,0.0,0.0,0.0,,0.0,0.0,,
2024-03-18,0.020518550819691228,0.0596504229046495,0.04769404977491831,0.014595325414250302,-0.4463534472848085,-0.2400000000000002,-2.250034555705574,-1.8604468163539816,-0.2550120063001753,-0.2550120063001753,0.0,,0.0,0.0,0.0,0.0,,0.0,0.0,,
2024-03-19,0.009025875102525838,0.07343545548819375,0.05344625360255151,0.014225450382531417,-0.6377801522550408,-0.13999999999999968,-2.1886379692505713,-1.8169727246685992,-0.2799973316387672,-0.48150748312465763,0.0,,0.0,0.0,0.0,0.0,,0.0,0.0,,
2024-03-20,-0.02167811200623504,0.02428867851181593,0.02940539862063485,0.015227338295153593,-0.8041565733777123,-0.07999999999999918,-2.1310317755824113,-1.775560948530163,0.15839678856697378,0.32464380932427556,0.0,,0.0,0.0,0.0,0.0,,0.0,0.0,,
2024-03-21,-0.007496194856794425,-0.0023409115599655195,0.020368500704142534,0.015296933945949323,-0.4720519623090391,0.020000000000000462,-2.076820100508564,-1.7360375262926009,0.22334876654674843,0.6146785742635152,0.0,,0.0,0.0,0.0,0.0,,0.0,0.0,,
2024-03-22,-0.005442190302685113,-0.005072071243497511,0.012290771633300501,0.013834897406557587,-0.6510781119316134,0.08999999999999986,-2.025662722624666,-1.6982482627901918,0.25963305584874924,0.5146450621489245,0.0,,0.0,0.0,0.0,0.0,,0.0,0.0,,
2024-03-25,0.016238516492908417,-0.009352105570280322,0.025789305967307996,0.013933925744242431,-0.37677731407452786,0.08999999999999986,-1.97726538221547,-1.662055919154156,0.49042063038389755,0.5146450621489245,0.0,,0.0,0.0,0.0,0.0,,0.0,0.0,,
2024-03-26,-0.004034975212179326,-0.022412955884985486,0.020040660626739815,0.013620161864815182,-0.11659329282611708,0.05999999999999961,-1.9313720774319432,-1.6273378762545625,0.46052216771070936,0.7405194993494766,0.0,,0.0,0.0,0.0,0.0,,0.0,0.0,,
2024-03-27,-0.003313496312612685,-0.004048340191363131,0.014969525088369018,0.013601497205090901,-0.0661545751263759,0.0699999999999994,-1.8877588832259753,-1.5939841801695225,0.3315386515142642,0.17314186294729042,0.0,,0.0,0.0,0.0,0.0,,0.0,0.0,,
2024-03-28,0.022125872215549514,0.025573726880980807,0.034052892849000926,0.014268961781505314,-0.21099491261384884,0.0699999999999994,-1.8462289494951893,-1.5618958979407602,0.16583649660801572,-0.05751226993873271,0.0,,0.0,0.0,0.0,0.0,,0.0,0.0,,
2024-03-29,0.0,0.03101591718366592,0.03209113577216183,0.013590676038768672,0.13623888262661588,0.0699999999999994,-1.8066084213482319,-1.5309837269889541,0.16583649660801572,-0.05751226993873271,0.0,,0.0,0.0,0.0,0.0,,0.0,0.0,,
2024-04-01,0.006471738791368864,0.021249139482126367,0.03550251660571124,0.012979136675179795,-0.40122449485455736,-0.08000000000000007,-0.8947806741092029,3.1795553600706628,-0.3581888179973066,-0.8486094483812041,-0.43979363391469795,,0.0,0.0,0.0,0.0,,0.0,0.0,,
2024-04-02,0.01705596243673213,0.04234007713103782,0.04826926153038347,0.01308757313633096,-0.1893879951302635,-0.1200000000000001,-0.8853613983780338,3.0406323369775983,-0.5170461134339142,-0.9775682811446236,-0.43979363391469795,,0.0,0.0,0.0,0.0,,0.0,0.0,,
2024-04-03,0.0032829200548301074,0.048936493498480615,0.047721918708092836,0.012946066475860971,-0.009007601920196784,-0.16000000000000014,-0.8760498730387365,2.9166365530346434,-0.41825457967366686,-0.7497932311879311,-0.43979363391469795,,0.0,0.0,0.0,0.0,,0.0,0.0,,
2024-04-04,0.013487008296182879,0.04029762957911398,0.0565777794173048,0.013027046446194318,0.24962106663032335,-0.10999999999999943,-0.866843153799853,2.805010120341912,-0.490737306505127,-0.6565738031131427,-0.43979363391469795,,0.0,0.0,0.0,0.0,,0.0,0.0,,
2024-04-05,0.003688764989658644,0.043986394568772624,0.054864740564505965,0.012451763930075757,0.04503421360759763,-0.10999999999999943,-0.8577383974456487,2.7037707113996086,-0.8514365418212705,-0.6565738031131427,-0.43979363391469795,,0.0,0.0,0.0,0.0,,0.0,0.0,,
2024-04-08,-0.005538262684821937,0.03197639309258182,0.04415028538423105,0.01261417748471273,0.641237179576859,-0.08999999999999986,-0.8487328572115568,2.6113549370903684,-0.9042409197138468,-0.5460521017165402,0.0,,0.0,0.0,0.0,0.0,,0.0,0.0,,
2024-04-09,-0.013981353230340332,0.0009390774255093604,0.02545384944590179,0.013153506502789937,0.49355542090705473,-0.0,-0.8398238784122629,2.5265108718674667,-0.5482510230833209,-0.031204909649406698,0.0,,0.0,0.0,0.0,0.0,,0.0,0.0,,
2024-04-10,0.011432695687626726,0.009088853058305979,0.032973260889667344,0.012143491078507157,-0.45686738864219034,-0.1899999999999995,-0.8310088943061438,2.448222477936406,-1.0,-0.5817454203263331,0.0,,0.0,0.0,0.0,0.0,,0.0,0.0,,
2024-04-11,-0.013899657291188916,-0.018297812529065816,0.016811971979925566,0.012210679355569012,-0.7012180226612319,-0.25,-0.82228542218099,2.375655308513109,-0.784509898795385,-0.29377259229025804,0.0,,0.0,0.0,0.0,0.0,,0.0,0.0,,
2024-04-12,0.007499449256580526,-0.014487128262143933,0.02153926562416597,0.012205278808519371,-1.0944524265776856,-0.11000000000000032,-0.8136510596470647,2.3081167519495214,-0.49049696989285224,0.36093957192841825,0.0,,0.0,0.0,0.0,0.0,,0.0,0.0,,
2024-04-15,-0.0029227822291693073,-0.011871647806491303,0.017016394435099613,0.011517562686445697,-1.3990039416611033,-0.20999999999999996,-0.8051034811244616,2.24502642669064,-0.5964889912116536,0.30775192850219324,0.0,,0.0,0.0,0.0,0.0,,0.0,0.0,,
2024-04-16,-0.0005855829645575739,0.0015241224592914548,0.01531129541399956,0.011391239963245165,-2.0037314174746967,-0.3099999999999996,-0.7966404345127489,2.185893798808086,-0.8456084545201592,-0.29735743143683835,0.0,,0.0,0.0,0.0,0.0,,0.0,0.0,,
2024-04-17,-0.03177893125942255,-0.04168750448775782,-0.017082110939306006,0.01261352923010959,-1.1910568737882876,-0.040000000000000036,-0.783502563218663,2.1339324555884045,-0.9776444126418088,0.02235558735819121,0.0,,0.0,0.0,0.0,0.0,,0.0,0.0,,
2024-04-18,0.00048361746801628414,-0.02730422972855262,-0.017611959181413894,0.012468848677636627,-1.1459762959868725,-0.08000000000000007,-0.7704994350528881,2.0847776005653635,-1.0,-0.21549010120461498,0.0,,0.0,0.0,0.0,0.0,,0.0,0.0,,
2024-04-19,0.004943640622399492,-0.029860038362733654,-0.014201075815392983,0.012401929106425668,-0.6697277340060648,-0.1200000000000001,-0.7576243965904751,2.038171684466322,-1.0,-0.5095030301071477,0.0,,0.0,0.0,0.0,0.0,,0.0,0.0,,
2024-04-22,-0.003494189951918969,-0.030431446085483316,-0.018241387701447564,0.011947012231616906,-0.5194200530937332,0.009999999999999787,-0.7448709860184384,1.9938891476967089,-1.0,-0.40351100878834645,0.0,,0.0,0.0,0.0,0.0,,0.0,0.0,,
2024-04-23,0.006136834132484559,-0.023709028988441183,-0.01315926597033279,0.011958232686135077,0.325445853509565,0.05999999999999961,-0.7322329168974532,1.9517314767106286,-0.8493411811473864,-0.003732726627227234,0.0,,0.0,0.0,0.0,0.0,,0.0,0.0,,
2024-04-24,-0.006619750959448112,0.0014501513115332543,-0.020668416598809358,0.012044340940343323,0.10624228280281534,-0.0600000000000005,-0.7197040626244432,1.9115231638646641,-1.0,-0.02235558735819121,0.0,,0.0,0.0,0.0,0.0,,0.0,0.0,,
2024-04-25,0.009135776967736042,0.010102310811253012,-0.011772534537710655,0.011156387522905289,0.13276239271490242,-0.0600000000000005,-0.7072784415061899,1.873108381801311,-1.0,0.0,0.0,,0.0,0.0,0.0,0.0,,0.0,0.0,,
2024-04-26,0.003344884255873204,0.008503554444726724,-0.008834789401269028,0.011177653141829289,0.13029263042462214,-0.04999999999999982,-0.6949502023585413,1.8363482275973797,-1.0,0.0,0.0,,0.0,0.0,0.0,0.0,,0.0,0.0,,
2024-04-29,-0.01465667755612543,-0.002658933159479737,-0.022842185259451142,0.011566005929829407,0.4193045882160851,-0.009999999999999787,-0.6827136105495644,1.8011184247415144,-0.7483347368961398,0.25166526310386017,0.0,,0.0,0.0,0.0,0.0,,0.0,0.0,,
2024-04-30,-0.008507586559368896,-0.017303353851333192,-0.02942231267107065,0.010899734192246586,-0.21397834304492935,-0.08000000000000007,-0.6705630344076994,1.7673073956423857,-1.0,-0.15065881885261356,0.0,,0.0,0.0,0.0,0.0,,0.0,0.0,,
2024-05-01,-0.036417371686702005,-0.047100974578587085,-0.06192721062294737,0.013260309318180771,-0.10318170721783648,0.020000000000000462,0.1467474549047398,1.2499016827831402,-0.8350715563189378,0.1649284436810622,0.9321098155499641,,0.0,0.0,0.0,0.0,,0.0,0.0,,
2024-05-02,-0.0006331117653708418,-0.05686986331169397,-0.0579418426504148,0.012646871074477166,0.32563107301950556,0.1200000000000001,0.15373721669832216,1.2357003510348483,-0.6638618726311766,0.3361381273688234,0.9321098155499641,,0.0,0.0,0.0,0.0,,0.0,0.0,,
2024-05-03,-0.010696651079444841,-0.07091139864701201,-0.06330074318850176,0.01255830707169766,0.6584945883229443,0.16999999999999993,0.16078509735743152,1.221762016281675,-0.2451357612580299,0.3361381273688234,0.9321098155499641,,0.0,0.0,0.0,0.0,,0.0,0.0,,
2024-05-06,0.004725725634902034,-0.05152899545598455,-0.05375046642822845,0.012757817682654295,0.5333555292794667,0.13999999999999968,0.16789299035042837,1.208077181064648,-0.12504189271858213,0.6232928441775577,0.9321098155499641,,0.0,0.0,0.0,0.0,,0.0,0.0,,
2024-05-07,-0.0012750224856228343,-0.04429643138223849,-0.05083625432571459,0.012593139141232135,0.7255338646163345,0.22000000000000064,0.1750628569147978,1.1946368143238284,-0.24999867075130108,0.7500013292486989,0.9321098155499641,,0.0,0.0,0.0,0.0,,0.0,0.0,,
2024-05-08,0.007752469404842088,-0.00012659029069439498,-0.03871053901859778,0.012377905401877456,0.6699897900124263,0.14999999999999947,0.18229672955838197,1.1814323220951513,0.4087025642298366,1.2437741205487745,0.0,,0.0,0.0,0.0,0.0,,0.0,0.0,,
2024-05-09,0.0034123255859617174,0.003918847060638164,-0.03179056667421776,0.012281598714099852,0.2246027390099936,0.1299999999999999,0.1895967157786055,1.1684555204277987,0.41254491805233934,1.076406790683516,0.0,,0.0,0.0,0.0,0.0,,0.0,0.0,,
2024-05-10,-0.012696970980022648,0.001918527160060357,-0.0399700698839931,0.012158619251502446,0.10111554600348294,-0.0,0.1969650020161159,1.1556986103256968,0.03165580933269813,0.27679157059072806,0.0,,0.0,0.0,0.0,0.0,,0.0,0.0,,
2024-05-13,0.010929070532190721,0.008121872057349044,-0.025216124219622493,0.012639260580189625,-0.11059033745639546,0.009999999999999787,0.2044038578607693,1.1431541545365145,0.25442933362501896,0.3794712263436011,0.0,,0.0,0.0,0.0,0.0,,0.0,0.0,,
2024-05-14,-0.014000483235946604,-0.004603588692974725,-0.034720987309818874,0.012813067468993126,0.13710859754449967,0.019999999999999574,0.2119156405294264,1.1308150560291081,0.5124434221644489,0.76244209291575,0.0,,0.0,0.0,0.0,0.0,,0.0,0.0,,
2024-05-15,0.0077881019249144146,-0.004567956172902399,-0.024415616898372683,0.011349826147909742,0.6860480912919464,0.1200000000000001,0.21950279963680086,1.118674538015942,0.6431412873743463,0.2344387231445097,0.0,,0.0,0.0,0.0,0.0,,0.0,0.0,,
2024-05-16,0.00760170897372614,-0.0003785727851379761,-0.014652544013399549,0.011558563799790157,0.7692975146402214,0.07000000000000028,0.22716788228263818,1.1067261253909189,0.6437438332476739,0.2311989151953346,0.0,,0.0,0.0,0.0,0.0,,0.0,0.0,,
2024-05-17,0.010421338587276452,0.022739736782161124,-0.00234372641311964,0.01179819477528584,0.6381234940252778,0.08000000000000007,0.22285603777863658,1.092923299020946,0.45070802132696147,0.41905221199426335,0.0,,0.0,0.0,0.0,0.0,,0.0,0.0,,
2024-05-20,-0.00325284910866408,0.008557817141306323,-0.0037211635509430963,0.011796588272044954,0.6533028589785328,0.040000000000000036,0.2185470110738108,1.0793586001792481,0.48286342941257854,0.22843409578755958,0.0,,0.0,0.0,0.0,0.0,,0.0,0.0,,
2024-05-21,-0.006789916693474396,0.01576838368377853,-0.007989330732279143,0.011688121786546117,0.44806012847179444,0.040000000000000036,0.21424055898152086,1.0660233399114551,0.12872242501977735,-0.38372099714467156,0.0,,0.0,0.0,0.0,0.0,,0.0,0.0,,
2024-05-22,-0.021552833259509185,-0.01357255150064507,-0.026273760364647458,0.012417878267015315,-0.15813201509959907,-0.0699999999999994,0.20993643848719334,1.0529092469733932,0.09668095441208825,-0.546460332962258,0.0,,0.0,0.0,0.0,0.0,,0.0,0.0,,
2024-05-23,-0.009065071141739267,-0.030239331616110476,-0.03116038547377098,0.012124452080692278,-0.43234155725451195,-0.08999999999999986,0.20563440667924412,1.0400084418015338,0.16077171923817712,-0.4829721140094968,0.0,,0.0,0.0,0.0,0.0,,0.0,0.0,,
2024-05-24,0.010996941148198935,-0.029663729055187993,-0.016367601137573295,0.012489592731986321,-0.31492451874617355,-0.040000000000000036,0.20133422067982817,1.027313412431741,0.09738541046724898,-0.3533226108597125,0.0,,0.0,0.0,0.0,0.0,,0.0,0.0,,
2024-05-27,0.0,-0.026410879946523913,-0.01330459182738064,0.012246413864117235,-0.31492451874617355,-0.040000000000000036,0.1970356375755354,1.0148169921957737,0.09738541046724898,-0.3533226108597125,0.0,,0.0,0.0,0.0,0.0,,0.0,0.0,,
2024-05-28,0.026786749148468125,0.007165785895418608,0.014780449845888555,0.013857543167339512,-0.04176988992357078,-0.1299999999999999,0.19273841434782932,1.002512339041989,0.3287522886294246,0.20002986360964728,0.0,,0.0,0.0,0.0,0.0,,0.0,0.0,,
2024-05-29,-0.007544358680556584,0.02117426047437121,0.007090733039825103,0.011268445994056577,-0.508366366040236,-0.1800000000000006,0.18844230780332555,0.9903929163417907,-0.0,-0.09668095441208825,0.0,,0.0,0.0,0.0,0.0,,0.0,0.0,,
2024-05-30,-0.016800700634384214,0.013438630981726263,-0.009046946276614953,0.011890006801222474,-0.17445914789355754,-0.08000000000000007,0.1841470745037056,0.9784524750568244,-0.17059149119629807,-0.3313632104344752,0.0,,0.0,0.0,0.0,0.0,,0.0,0.0,,
2024-05-31,-0.011878771052808546,-0.009437081219281218,-0.02020359001281058,0.011945319317782315,-0.39533881720676955,-0.04999999999999982,0.17985247069538432,0.9666850371538759,-0.28408171983481645,-0.3814671303020654,0.0,,0.0,0.0,0.0,0.0,,0.0,0.0,,
2024-06-03,-0.03664188765750698,-0.046078968876788196,-0.0540549696890853,0.014301469427930067,-0.39533881720676955,-0.04999999999999982,2.1193550568493285,0.5941473334207211,-0.0,-0.3814671303020654,0.8384713670209432,,0.0,0.0,0.0,0.0,,0.0,0.0,,
2024-06-04,-0.013155407735274238,-0.08602112576053056,-0.06382585018064368,0.014480814532742907,-1.066952153504075,0.20999999999999996,2.0616879035434277,0.5884577318272899,0.18957312612919447,-0.13917916250023016,0.8384713670209432,,0.0,0.0,0.0,0.0,,0.0,0.0,,
2024-06-05,0.01113234412802111,-0.06734442295195286,-0.04947797254506625,0.014636510735177952,-0.3027075875809748,0.3200000000000003,2.0074277559071505,0.5827996550086582,0.4626285974855822,0.4626285974855822,0.8384713670209432,,0.0,0.0,0.0,0.0,,0.0,0.0,,
2024-06-06,0.019784096693550524,-0.030759625624018128,-0.02729693089933871,0.015461283075174354,-0.3371594480489959,0.2699999999999996,1.9562283018105602,0.5771724716608416,0.309898290889268,0.4804897820855661,0.8384713670209432,,0.0,0.0,0.0,0.0,,0.0,0.0,,
2024-06-07,-0.00026476039339229374,-0.019145614964601876,-0.02578635686988573,0.015274164451430795,-1.1883896542121963,0.08000000000000007,1.9077905312852874,0.5715755626925126,-0.0,0.28408171983481645,0.8384713670209432,,0.0,0.0,0.0,0.0,,0.0,0.0,,
2024-06-10,0.028839997098720538,0.04633626979162564,0.003933428323353638,0.016531562234719948,-1.2763289849114345,-0.05999999999999961,1.8618547169590731,0.5660083208532671,-0.07794175146539699,-0.07794175146539699,0.0,,0.0,0.0,0.0,0.0,,0.0,0.0,,
2024-06-11,0.002056027452625564,0.06154770497952544,0.006066418336069468,0.01624829423216629,-1.066851577828909,-0.05999999999999961,1.8181939970159011,0.560470150374201,-0.0,-0.18957312612919447,0.0,,0.0,0.0,0.0,0.0,,0.0,0.0,,
2024-06-12,0.0076726719116599895,0.05808803276316432,0.013821824308482888,0.016245373709935777,-1.0573400503860464,-0.019999999999999574,1.776609195288724,0.554960466620281,-0.08095973012511823,-0.5435883276107004,0.0,,0.0,0.0,0.0,0.0,,0.0,0.0,,
2024-06-13,0.00152749520535167,0.03983143127496547,0.015735764263006047,0.01615065346963438,-1.3501531813423506,0.040000000000000036,1.7369246059943066,0.5494786957540261,0.40977654356388166,0.09987825267461364,0.0,,0.0,0.0,0.0,0.0,,0.0,0.0,,
2024-06-14,-0.0021646408146729357,0.037931550853684826,0.014586867167603046,0.015951343779645858,-0.5021489449529959,0.22999999999999954,1.6989845376235364,0.544024274410031,0.6681165668020926,0.6681165668020926,0.0,,0.0,0.0,0.0,0.0,,0.0,0.0,,
2024-06-17,0.023681671006680283,0.03277322476164457,0.037937555887785024,0.016863455090321614,-0.26349238373852835,0.1899999999999995,1.6789560274126099,0.5359848185757308,0.30716011599883436,0.38510186746423136,0.0,,0.0,0.0,0.0,0.0,,0.0,0.0,,
2024-06-18,0.015318397126767636,0.04603559443578664,0.05181955503704305,0.01709512512599523,0.04619667529057736,0.16999999999999993,1.659423392759985,0.5279868243601937,0.5923456971831005,0.5923456971831005,0.0,,0.0,0.0,0.0,0.0,,0.0,0.0,,
2024-06-19,0.0,0.03836292252412665,0.04930551539655781,0.016226935070075183,0.04619667529057736,0.16999999999999993,1.6403648227588248,0.5200287282824437,0.5923456971831005,0.5923456971831005,0.0,,0.0,0.0,0.0,0.0,,0.0,0.0,,
2024-06-20,0.007328724630607297,0.04416415194938228,0.05330051059806262,0.016024032233945693,-0.13586134885725798,-0.009999999999999787,1.6217598292765285,0.5121089931994215,1.0,0.5902234564361184,0.0,,0.0,0.0,0.0,0.0,,0.0,0.0,,
2024-06-21,-0.01768001853617207,0.028648774227883145,0.0337206106170056,0.01657575426642231,0.048965365057740406,-0.04999999999999982,1.603589145265002,0.5042261068069461,1.0,0.33188343319790736,0.0,,0.0,0.0,0.0,0.0,,0.0,0.0,,
2024-06-24,0.011086588056340219,0.01605369127754308,0.04235298782564545,0.016693833351900268,0.4237799724724156,0.03000000000000025,1.5858346324756272,0.4963785801846004,1.0,0.33188343319790736,0.0,,0.0,0.0,0.0,0.0,,0.0,0.0,,
2024-06-25,-0.009848657717511422,-0.009113363566735977,0.031881889603731395,0.015873144931981574,0.028956843816940747,-0.010000000000000675,1.568479197567266,0.48856494638124764,1.0,0.4076543028168995,0.0,,0.0,0.0,0.0,0.0,,0.0,0.0,,
2024-06-26,0.0008656403186932948,-0.008247723248042682,0.031704589468058764,0.01575637549101952,0.028956843816940747,-0.010000000000000675,1.5515067157193843,0.48078375903802745,1.0,0.4076543028168995,0.0,,0.0,0.0,0.0,0.0,,0.0,0.0,,
2024-06-27,0.010329654071684402,-0.005246793806965577,0.03963478535007514,0.015300582580666616,-0.11747938675599201,-0.040000000000000036,1.5349019609688361,0.47303359104580645,1.0,0.0,0.0,,0.0,0.0,0.0,0.0,,0.0,0.0,,
2024-06-28,-0.0024497807450236664,0.009983443984182827,0.03431409689999487,0.01497937303494722,-0.08194436163166952,-0.11000000000000032,1.5186505425815966,0.4653130332341599,0.8966149290953576,-0.10338507090464244,0.0,,0.0,0.0,0.0,0.0,,0.0,0.0,,
2024-07-01,0.022314775061543557,0.021211630989386165,0.05081013112052801,0.01236774091260748,-0.6096392846317134,-0.23000000000000043,1.6646304672437588,0.7117759047664655,0.24878984809694213,-0.10338507090464244,-1.696109397222123,,0.0,0.0,0.0,0.0,,0.0,0.0,,
2024-07-02,-0.006859645407041981,0.024200643299855606,0.03781695675606489,0.011931825251559969,-0.2823908337549197,-0.1999999999999993,1.6430999502502797,0.7011370479875287,0.14927390885815997,-0.8507260911418401,-1.696109397222123,,0.0,0.0,0.0,0.0,,0.0,0.0,,
2024-07-03,0.012838378988110577,0.03617338196927289,0.044436505043749186,0.011975461656673177,0.3888620634154294,-0.040000000000000036,1.6221418666439988,0.690590700531809,0.04987073892085829,-0.9501292610791418,-1.696109397222123,,0.0,0.0,0.0,0.0,,0.0,0.0,,
2024-07-04,0.0,0.025843727897588487,0.0392068791780007,0.011607413342650997,0.3888620634154294,-0.040000000000000036,1.601729034980577,0.6801332508386637,0.04987073892085829,-0.9501292610791418,-1.696109397222123,,0.0,0.0,0.0,0.0,,0.0,0.0,,
2024-07-05,-0.00862074304390692,0.019672765598705233,0.02577430940087133,0.011960597947343657,0.5910137887115585,0.08000000000000007,1.5818360493653483,0.6697611872319478,1.0,0.10338507090464244,-1.696109397222123,,0.0,0.0,0.0,0.0,,0.0,0.0,,
2024-07-08,-0.010030901679478177,-0.0126729111423165,0.01287512592708051,0.01096758006924474,0.8910817110118541,0.20000000000000018,1.5624391325850002,0.65947109192984,1.0,0.7512101519030578,0.0,,0.0,0.0,0.0,0.0,,0.0,0.0,,
2024-07-09,-0.011237445724447959,-0.01705071145972248,-0.0005659279328273925,0.011413160476519737,0.7117128496914926,0.1299999999999999,1.5435160038357318,0.6492596353368222,0.8758630345086983,0.7265891256505383,0.0,,0.0,0.0,0.0,0.0,,0.0,0.0,,
2024-07-10,0.008439900872495798,-0.021449189575337257,0.0056320033561680916,0.01143378112550469,0.4744831018413831,0.08000000000000007,1.5250457593628641,0.6391235705953253,0.5891483891271484,0.5392776502062901,0.0,,0.0,0.0,0.0,0.0,,0.0,0.0,,
2024-07-11,0.006313765510236102,-0.015135424065101155,0.00946448576765846,0.011468077650484668,0.4744831018413831,0.08000000000000007,1.5070087645472996,0.6290597283760528,0.7808331592457477,0.5392776502062901,0.0,,0.0,0.0,0.0,0.0,,0.0,0.0,,
2024-07-12,-0.0049748328045762236,-0.011489513825770459,0.002148879463832465,0.011544954448992355,0.8388661134696496,0.10000000000000053,1.4893865561628463,0.6190650118873214,0.9016101954767025,-0.09838980452329749,0.0,,0.0,0.0,0.0,0.0,,0.0,0.0,,
2024-07-15,-0.00365586563653153,-0.005114477782823812,-0.002480882839789089,0.010451875229312119,0.5860198317736431,0.04999999999999982,1.472161753689778,0.6091363920849712,1.0,0.0,0.0,,0.0,0.0,0.0,0.0,,0.0,0.0,,
2024-07-16,-0.014139290082873401,-0.008016322141249255,-0.016121185229269308,0.01039951459871173,0.5515890090602604,0.1299999999999999,1.4553179787086856,0.5992709030654645,0.9561385268872761,0.08027549237857778,0.0,,0.0,0.0,0.0,0.0,,0.0,0.0,,
2024-07-17,0.025549950427935286,0.009093727414190234,0.008650255370660886,0.011921908987182653,0.5450951582724128,0.1200000000000001,1.43883978151809,0.5894656376257748,0.9561385268872761,0.08027549237857778,0.0,,0.0,0.0,0.0,0.0,,0.0,0.0,,
2024-07-18,-0.00036216575515091165,0.0024177961488032196,0.007894124306793593,0.01182313677577313,-0.01783837939544064,-0.0,1.4176900073456784,0.5773412714449836,0.8211245420562694,0.04029138281052169,0.0,,0.0,0.0,0.0,0.0,,0.0,0.0,,
2024-07-19,-0.0330192623274419,-0.025626633374062457,-0.02475214113980062,0.013443752159098762,-0.5770971019369409,-0.07000000000000028,1.3970970867728068,0.5652447986792182,0.7105434556318992,-0.19106673984480327,0.0,,0.0,0.0,0.0,0.0,,0.0,0.0,,
2024-07-22,-0.004377469312719207,-0.026348237050250134,-0.027983410703219747,0.0131923259774276,-0.47498791125188955,-0.02999999999999936,1.3770334875094368,0.553169716665489,0.7077335085603852,-0.2922664914396148,0.0,,0.0,0.0,0.0,0.0,,0.0,0.0,,
2024-07-23,-0.035987040119809244,-0.048195987087185976,-0.061517331953614196,0.01523621458116688,-0.5360704787233939,-0.08000000000000007,1.3574735290785258,0.5411093953978593,0.8357912551551692,-0.12034727173210691,0.0,,0.0,0.0,0.0,0.0,,0.0,0.0,,
2024-07-24,0.00815274654840703,-0.06559319096671423,-0.05127582184727686,0.015405941409175514,-0.8484467588435907,-0.1200000000000001,1.338393224633418,0.529057051408053,1.0,-0.12034727173210691,0.0,,0.0,0.0,0.0,0.0,,0.0,0.0,,
2024-07-25,0.00885358962201721,-0.05637743558954611,-0.040259665444846604,0.015346740853618321,-0.6007774191735704,-0.0699999999999994,1.3197701389943473,0.5170057194973584,0.9194417097464136,0.0983171676901442,0.0,,0.0,0.0,0.0,0.0,,0.0,0.0,,
2024-07-26,-0.014410954490347017,-0.037769127752451226,-0.051909994467514764,0.015589662005548057,-0.42631976418425754,0.04999999999999982,1.3015832609726843,0.5049482219568914,1.0,0.28945654436810075,0.0,,0.0,0.0,0.0,0.0,,0.0,0.0,,
2024-07-29,-0.017650977969315917,-0.05104263640904794,-0.06480205931760885,0.014744842956907157,-0.748272156809282,0.08999999999999986,1.2838128883123232,0.49287713485673434,1.0,0.2922664914396148,0.0,,0.0,0.0,0.0,0.0,,0.0,0.0,,
2024-07-30,-0.014348592126013138,-0.02940418841525183,-0.07401729098845156,0.0148953227095542,-0.7304008694785313,0.09999999999999964,1.2664405237990677,0.4807847509163577,1.0,0.16420874484483083,0.0,,0.0,0.0,0.0,0.0,,0.0,0.0,,
2024-07-31,0.04167269640056759,0.004115761436908727,-0.028652950003336564,0.017832251651884696,-0.06458531452966376,0.1900000000000004,1.2494487812776776,0.46866303838651385,1.0,0.0,0.0,,0.0,0.0,0.0,0.0,,0.0,0.0,,
2024-08-01,-0.02075032304122537,-0.025488151226333855,-0.04467411230795282,0.018205892996471868,-0.27580657434795874,0.27999999999999936,2.7713311604300515,0.7170791232360394,1.0,0.0,0.517633645181037,,0.0,0.0,0.0,0.0,,0.0,0.0,,
2024-08-02,-0.03724651325410999,-0.04832370999009683,-0.0757601763149447,0.019599809776288616,0.16487159583413735,0.40000000000000036,2.6658359124138755,0.7038410382100728,1.0,0.0,0.517633645181037,,0.0,0.0,0.0,0.0,,0.0,0.0,,
2024-08-05,-0.00792029266689731,-0.038593024687678223,-0.07762555018535178,0.019583548728700106,0.45150927346075953,0.3900000000000001,2.569910078191306,0.690685503031732,1.0,0.0,0.517633645181037,,0.0,0.0,0.0,0.0,,0.0,0.0,,
2024-08-06,0.0035582355867314064,-0.02068619697493368,-0.06875217986768867,0.01965679309115567,0.5087480035885106,0.25000000000000044,2.4821393371628133,0.6776048067808432,1.0,0.0,0.517633645181037,,0.0,0.0,0.0,0.0,,0.0,0.0,,
2024-08-07,0.02735466660486452,-0.03500422677063675,-0.03702811681851159,0.020776539495400613,0.054595174757132714,0.1299999999999999,2.4013862583045094,0.6645912210511838,1.0,0.0,0.517633645181037,,0.0,0.0,0.0,0.0,,0.0,0.0,,
2024-08-08,0.012680132912787911,-0.0015737708166234654,-0.02029690583153876,0.020996437348087604,0.3412467818902587,-0.0,2.326724201785801,0.6516369694548098,0.8431452931039877,0.0,0.0,,0.0,0.0,0.0,0.0,,0.0,0.0,,
2024-08-09,0.00849511741543818,0.04416785985292471,-0.008424207852916865,0.021180476319685778,0.43776489635785065,-0.14000000000000012,2.257389545789036,0.6387341952434036,0.7140127185118135,-0.28598728148818653,0.0,,0.0,0.0,0.0,0.0,,0.0,0.0,,
2024-08-12,0.04105101566407132,0.09313916818389334,0.03376904430930949,0.023393123622808234,0.2899366962105909,-0.1200000000000001,2.192746520242051,0.6258749265973251,0.7463570321118472,-0.25364296788815277,0.0,,0.0,0.0,0.0,0.0,,0.0,0.0,,
2024-08-13,-0.02159038476239772,0.06799054783476421,0.013693450779041605,0.023668715582037207,0.5164443783096551,0.04999999999999982,2.1322608942467602,0.6130510390616535,0.8391908377200805,-0.16080916227991948,0.0,,0.0,0.0,0.0,0.0,,0.0,0.0,,
2024-08-14,-0.017640320946429533,0.022995560283470162,-0.0002725653665383021,0.02303111892422618,0.922636437058244,0.1299999999999999,2.0754799971229714,0.6002542145197953,0.7854499576163475,-0.2145500423836525,0.0,,0.0,0.0,0.0,0.0,,0.0,0.0,,
2024-08-15,0.015212359878926662,0.025527787249608913,0.017835373031532598,0.023409201839365654,0.6984396492086486,0.07000000000000028,2.0220173461371362,0.5874758959848098,0.6188571356401639,-0.2242881574638238,0.0,,0.0,0.0,0.0,0.0,,0.0,0.0,,
2024-08-16,-0.019508402416703596,-0.0024757325825328635,0.000547006138436501,0.022677656879404103,0.4314734852059243,0.04999999999999982,1.9750066334770682,0.5750781864937332,0.6985306562567692,-0.015482062255044227,0.0,,0.0,0.0,0.0,0.0,,0.0,0.0,,
2024-08-19,-0.030196970602614392,-0.07372371884921858,-0.026138953876075455,0.023525986027523406,1.088780753836216,0.040000000000000036,1.9305046852119019,0.5627173178995836,0.7083886021191046,-0.037968429992742636,0.0,,0.0,0.0,0.0,0.0,,0.0,0.0,,
2024-08-20,-0.004447147009911667,-0.05658048109673253,-0.028652084953378676,0.022257363024359128,1.0094736722307762,0.03000000000000025,1.888294646734949,0.5503901774260742,0.657615576604989,-0.18157526111509148,0.0,,0.0,0.0,0.0,0.0,,0.0,0.0,,
2024-08-21,-0.028912063826032508,-0.0678522239763355,-0.05377689232808258,0.022906901108561528,0.47063743519750734,0.040000000000000036,1.8481863867802366,0.5380946260374412,0.7177876523499801,-0.0676623052663674,0.0,,0.0,0.0,0.0,0.0,,0.0,0.0,,
2024-08-22,0.014902994188729757,-0.06816158966653241,-0.035389111916358296,0.02312153355448067,0.1809365628905435,0.06000000000000005,1.8100125441650665,0.5258298398742428,0.670194217143989,0.0513370815038251,0.0,,0.0,0.0,0.0,0.0,,0.0,0.0,,
2024-08-23,0.024622456024272488,-0.024030731225556323,-0.009233540194823142,0.02378849403568258,0.7659488942557524,0.08000000000000007,1.7736252850751681,0.5135967931204666,0.7287403968808228,0.03020974062405357,0.0,,0.0,0.0,0.0,0.0,,0.0,0.0,,
2024-08-26,0.03402627105723521,0.04019251043429328,0.023741984108347935,0.02473343583940352,0.15137989543710928,0.040000000000000036,1.738893627274501,0.5013989483773723,0.7067247369819109,-0.001663865137193743,0.0,,0.0,0.0,0.0,0.0,,0.0,0.0,,
2024-08-27,-0.02471521682414579,0.01992444062005916,-0.0015056482349562472,0.025177774258684785,-0.07752141693382342,-0.010000000000000231,1.7057012205479958,0.4892432571642014,0.8032084078383968,0.14559283123340772,0.0,,0.0,0.0,0.0,0.0,,0.0,0.0,,
2024-08-28,-0.013462382591968414,0.03537412185412325,-0.01274369239645523,0.02339120823615793,-0.033482829791520174,-0.04999999999999982,1.6739444973909166,0.4771416336876031,0.6988584621610298,-0.01892919018895034,0.0,,0.0,0.0,0.0,0.0,,0.0,0.0,,
2024-08-29,0.01848088229528866,0.038952009960682155,0.005999968062476491,0.023400813658925487,0.10566954281782115,-0.010000000000000231,1.6435311266902717,0.465113168200248,0.4359271332863828,-0.2342670838576062,0.0,,0.0,0.0,0.0,0.0,,0.0,0.0,,
2024-08-30,-0.0315829809812298,-0.017253427044820135,-0.025603411368753548,0.02295982553287138,-0.7134053517339423,-0.10000000000000009,1.614378717492529,0.4531875280659839,-0.04532128515479728,-0.7740616820356201,0.0,,0.0,0.0,0.0,0.0,,0.0,0.0,,
2024-09-02,0.0,-0.05127969810205535,-0.02601982445210016,0.02288383418184833,-0.7134053517339423,-0.10000000000000009,2.194614435349388,-2.678242944931752,-0.04532128515479728,-0.7740616820356201,-0.7954414557895362,,0.0,0.0,0.0,0.0,,0.0,0.0,,
2024-09-03,-0.04462482000161039,-0.07118930127951995,-0.0686519047576386,0.02497629271430617,-0.7499146612049756,-0.009999999999999787,2.141848499144748,-2.708582665248533,0.168827004624269,-0.6343814032141277,-0.7954414557895362,,0.0,0.0,0.0,0.0,,0.0,0.0,,
2024-09-04,-0.016339764422212077,-0.07406668310976361,-0.08081420793242522,0.024172184377508052,-0.5087194397112915,0.06999999999999984,2.0922761207371185,-2.739853509794142,0.3647226786517002,-0.33413578350932954,-0.7954414557895362,,0.0,0.0,0.0,0.0,,0.0,0.0,,
2024-09-05,-0.0007228045128568894,-0.09327036991790916,-0.0766894043265749,0.023864055429966877,-0.17998368693310507,0.14000000000000012,2.04560506308685,-2.7721053967164284,0.43518965967945655,-0.00073747360692622,-0.7954414557895362,,0.0,0.0,0.0,0.0,,0.0,0.0,,
2024-09-06,-0.021635107866633696,-0.08332249680331305,-0.09197039281039743,0.023928368969264296,-0.14134339168550003,0.18999999999999995,2.0015827502913472,-2.805392084730346,0.5745151979922167,0.619836483147014,-0.7954414557895362,,0.0,0.0,0.0,0.0,,0.0,0.0,,
2024-09-09,0.01525179879885119,-0.06807069800446186,-0.06907451378547425,0.021842810308359262,-0.14134339168550003,0.18999999999999995,1.9599900224344617,-2.83977156202013,0.48231204794900145,0.619836483147014,0.0,,0.0,0.0,0.0,0.0,,0.0,0.0,,
2024-09-10,-0.04403507798511086,-0.06748095598796233,-0.10434327688337675,0.02313538640283104,-0.1840674175422663,0.18999999999999995,1.920636110412576,-2.8753064844091814,0.4884853824081214,0.3196583777838524,0.0,,0.0,0.0,0.0,0.0,,0.0,0.0,,
2024-09-11,0.02344914296474787,-0.027692048601002384,-0.07418229222697992,0.024109778006579468,-0.21303618186923057,0.1200000000000001,1.883354568364842,-2.91206467035019,0.4516573254102449,0.08693464675854468,0.0,,0.0,0.0,0.0,0.0,,0.0,0.0,,
2024-09-12,0.024362813420578,-0.002606430667567494,-0.04356515979183495,0.02462895552077296,0.00898301638256882,0.04999999999999982,1.8479999662089353,-2.9501196616564718,0.6169751913770325,0.18178553169757594,0.0,,0.0,0.0,0.0,0.0,,0.0,0.0,,
2024-09-13,-0.00465049522922012,0.014378181969846082,-0.042704231365863876,0.02443141550119014,0.6889846537648014,0.06000000000000005,1.8144451924674916,-2.9895513605519475,0.6806842512235258,0.1061690532313091,0.0,,0.0,0.0,0.0,0.0,,0.0,0.0,,
2024-09-16,0.020758998298253672,0.019885381469248564,-0.01898160785746139,0.024378507043394074,0.9925388459168905,0.07000000000000028,1.7767830959400739,-2.863402612279539,0.6901883658589002,0.20787631790989874,0.0,,0.0,0.0,0.0,0.0,,0.0,0.0,,
2024-09-17,0.015572228603548233,0.07949268805790766,-0.001446722824437252,0.024722947764658058,1.1413975290857192,-0.0,1.7408261191027992,-2.750192249797229,0.5492855973474817,0.06080021493936033,0.0,,0.0,0.0,0.0,0.0,,0.0,0.0,,
2024-09-18,-0.003940891799876667,0.05210265329328312,-0.004673516796145805,0.02390741314435571,0.9884716319392917,-0.050000000000000266,1.7064486961210947,-2.647792904074028,0.42704891727748195,-0.024608408132762938,0.0,,0.0,0.0,0.0,0.0,,0.0,0.0,,
2024-09-19,0.01455996601747156,0.04229980589017668,0.010617698458056601,0.023895739811592754,0.9281106284347862,-0.04999999999999982,1.673538888525988,-2.5545381652297556,0.5531425014141252,-0.06383268996290725,0.0,,0.0,0.0,0.0,0.0,,0.0,0.0,,
2024-09-20,-0.0004170431700121213,0.046533257949384677,0.012183879484489957,0.023141510630215252,0.20541678893857274,-0.06999999999999984,1.6419966589326682,-2.4691015406528716,0.486302283830455,-0.19438196739307084,0.0,,0.0,0.0,0.0,0.0,,0.0,0.0,,
2024-09-23,-0.02178735418490696,0.003986905466224044,-0.0048295692418651726,0.021902682542701064,0.055392040665824815,-0.1200000000000001,1.6117324204258758,-2.3904121429742373,0.47953079714814567,-0.21065756871075453,0.0,,0.0,0.0,0.0,0.0,,0.0,0.0,,
2024-09-24,0.016769222662061267,0.005183899524737079,0.014639336904438416,0.02187912377133662,0.38979269442966924,-0.0900000000000003,1.5826658134036868,-2.317594620443155,0.4843561748769631,-0.06492942247051864,0.0,,0.0,0.0,0.0,0.0,,0.0,0.0,,
2024-09-25,-0.02647942319009111,-0.017354631865477366,-0.008489550771505705,0.022403469238074552,0.09632960354322151,-0.08999999999999986,1.5547246715482694,-2.249925498599609,0.43344377062891726,0.006394853351435303,0.0,,0.0,0.0,0.0,0.0,,0.0,0.0,,
2024-09-26,-0.029413885206293955,-0.06132848308924288,-0.03215816208857181,0.022506589912183805,0.18745996691008626,-0.06000000000000005,1.5278441463169807,-2.1868008835715878,0.3884383045574953,-0.16470419685662996,0.0,,0.0,0.0,0.0,0.0,,0.0,0.0,,
2024-09-27,0.0075083164656231105,-0.05340312345360765,-0.020859136606063977,0.021831953010435248,0.24224662535048402,-0.020000000000000018,1.5019659654489121,-2.127712189569185,0.5229637662864753,0.036661482456020356,0.0,,0.0,0.0,0.0,0.0,,0.0,0.0,,
2024-09-30,-0.00014668133506301473,-0.0317624506037637,-0.017207774857489255,0.021830637162955534,0.11850419541086232,-0.06000000000000005,1.477037805853876,-2.0722276357409513,0.5229637662864753,0.036661482456020356,0.0,,0.0,0.0,0.0,0.0,,0.0,0.0,,
2024-10-01,0.02405913148325034,-0.02447254178257463,0.007215202135155252,0.020427380827075566,-0.4614910867826172,-0.0,0.9775256233953039,-0.06462261035074156,0.4092175409155939,-0.07513863396136916,0.2057065994637397,,0.0,0.0,0.0,0.0,,0.0,0.0,,
2024-10-02,0.0038590771826001458,0.005865958590116627,0.010428182746909265,0.020092527142510554,-0.10515073939003639,-0.0,0.9624216152662675,-0.05548302063539405,0.2023277975734557,-0.23111597305546155,0.2057065994637397,,0.0,0.0,0.0,0.0,,0.0,0.0,,
2024-10-03,0.05021568116065289,0.08549552495706347,0.057450843053040934,0.0229370037190786,-0.8599379741242252,-0.06000000000000005,0.9475945755585278,-0.04626021110004549,0.07948130888325756,-0.30895699567423773,0.2057065994637397,,0.0,0.0,0.0,0.0,,0.0,0.0,,
2024-10-04,0.009048613295727037,0.0870358217871674,0.061772249436128135,0.022203359279262536,-0.915357882142942,-0.22999999999999998,0.9330371821493735,-0.036949819566952764,-0.43952066041763715,-0.9624844267041125,0.2057065994637397,,0.0,0.0,0.0,0.0,,0.0,0.0,,
2024-10-07,0.036434864283157786,0.1236173674053882,0.09242075353243173,0.023214068432724954,-0.9380276766397522,-0.2200000000000002,0.9187430899669435,-0.02754727182597109,-0.5170880910816059,-0.9624844267041125,0.2057065994637397,,0.0,0.0,0.0,0.0,,0.0,0.0,,
2024-10-08,-0.04738461883590883,0.05217361708622903,0.039417251552207766,0.02360127430581275,-0.8007356512263586,-0.2999999999999998,0.90470697039656,-0.018047765602200755,-0.6672735230849405,-1.0764910640005345,0.0,,0.0,0.0,0.0,0.0,,0.0,0.0,,
2024-10-09,-0.0044956141378635905,0.04381892576576529,0.03069999212515917,0.023315594787764033,-1.0773004399024622,-0.2699999999999996,0.8909245682187934,-0.008446253088658307,-0.6498819082177258,-0.8522097057911815,0.0,,0.0,0.0,0.0,0.0,,0.0,0.0,,
2024-10-10,0.03501598598823197,0.02861923059334437,0.060961674195823434,0.023913960365554723,-0.7987245301126711,-0.23999999999999977,0.8773927792381508,0.0012625781141624595,-0.6175228019554145,-0.6970041108386721,0.0,,0.0,0.0,0.0,0.0,,0.0,0.0,,
2024-10-11,-0.0038306631612323727,0.01573995413638496,0.05233571551362548,0.023897687967296178,-0.6224855731113754,-0.10000000000000009,0.8641097527225016,0.011084325830373354,-0.7195701312192327,-0.2800494708015956,0.0,,0.0,0.0,0.0,0.0,,0.0,0.0,,
2024-10-14,-0.023161889562235416,-0.04385679970900824,0.026574574823447605,0.02436693454723446,-0.6224855731113754,-0.10000000000000009,0.8510750240267566,0.02102489611436019,-0.7195701312192327,-0.2800494708015956,0.0,,0.0,0.0,0.0,0.0,,0.0,0.0,,
2024-10-15,-0.04501833482394968,-0.04149051569704909,-0.018013482957068838,0.026354644066768514,-0.6928767960868276,0.009999999999999787,0.8382896844276372,0.0310905282589925,-0.7375378437632978,-0.0702643206783573,0.0,,0.0,0.0,0.0,0.0,,0.0,0.0,,
2024-10-16,-0.002695610627084122,-0.03969051218626962,-0.02034108059935935,0.026347383569143786,-0.8474790062995341,0.040000000000000036,0.8242915282377677,0.03586540691717436,-0.6809873130797919,-0.031105404862066033,0.0,,0.0,0.0,0.0,0.0,,0.0,0.0,,
2024-10-17,0.003969947082723024,-0.07073655109177857,-0.015473619585105958,0.02613716220376807,-0.8262717199953418,-0.0,0.8104578963894973,0.04065574972854958,-0.8267669171364077,-0.20924411518099317,0.0,,0.0,0.0,0.0,0.0,,0.0,0.0,,
2024-10-18,-0.020731316495564478,-0.08763720442611067,-0.034291708482862227,0.026509570367396217,-0.7627225454441833,-0.0,0.7967815590091871,0.04546199181079793,-0.9353742065339266,-0.2158040753146938,0.0,,0.0,0.0,0.0,0.0,,0.0,0.0,,
2024-10-21,0.019173573491337415,-0.04530174137253784,-0.015252953777529221,0.026475581095936753,-0.7627225454441833,-0.0,0.7832556640485792,0.05028457573021769,-1.0,-0.2158040753146938,0.0,,0.0,0.0,0.0,0.0,,0.0,0.0,,
2024-10-22,0.021451926717951153,0.021168520169362992,0.005830018951623828,0.026650556235322538,-0.727295397061356,-0.16999999999999993,0.7698737372763723,0.055123951756337775,-1.0,-0.2624621562367022,0.0,,0.0,0.0,0.0,0.0,,0.0,0.0,,
2024-10-23,-0.01848015632879374,0.005383974467653374,-0.013419054709032707,0.026283920434262927,-0.6210282956824242,-0.22000000000000064,0.7566296878521948,0.05998057812515591,-1.0,-0.3190126869202081,0.0,,0.0,0.0,0.0,0.0,,0.0,0.0,,
2024-10-24,-0.008229331345363633,-0.006815303960433283,-0.023476531079306362,0.02541608756858342,-0.32269188685720707,-0.1200000000000001,0.7435178204314935,0.06485492131138687,-1.0,-0.1732330828635923,0.0,,0.0,0.0,0.0,0.0,,0.0,0.0,,
2024-10-25,0.02240003497713161,0.036316047512262806,-0.003649227052660464,0.025806387197117288,-0.558431549768601,-0.16999999999999993,0.7305328550564237,0.0697474563101352,-1.0,-0.06462579346607344,0.0,,0.0,0.0,0.0,0.0,,0.0,0.0,,
2024-10-28,-0.06325764774105469,-0.0461151737201293,-0.06632405742390013,0.029718430073503915,-0.26663838805485174,-0.08999999999999986,0.7176699564875327,0.07465866692841866,-1.0,0.0,0.0,,0.0,0.0,0.0,0.0,,0.0,0.0,,
2024-10-29,-0.0025261919965320345,-0.07009329243461249,-0.06693816587662926,0.0291472926657164,-0.3621071177961399,-0.08000000000000007,0.7049247751578104,0.07958904608699932,-1.0,0.0,0.0,,0.0,0.0,0.0,0.0,,0.0,0.0,,
2024-10-30,0.020616250720924434,-0.030996885384894313,-0.04524769028881703,0.02955984841713968,-0.0980006111003684,-0.04999999999999982,0.6922935026325421,0.08453909613299039,-1.0,0.0,0.0,,0.0,0.0,0.0,0.0,,0.0,0.0,,
2024-10-31,0.009429242271476568,-0.013338311768054112,-0.03270490120599501,0.027143284341659128,-0.22977575781426562,-0.07000000000000028,0.6797729454036554,0.08950932916374352,-1.0,0.0,0.0,,0.0,0.0,0.0,0.0,,0.0,0.0,,
2024-11-01,0.003315318351960528,-0.032423028393225195,-0.025989371295500163,0.027038148923972393,-0.15817286665247288,-0.1200000000000001,0.11595626024761689,-1.7855806895529325,-0.6869581407195282,0.3130418592804718,-0.5632052637729701,,0.0,0.0,0.0,0.0,,0.0,0.0,,
2024-11-04,0.028094923905650937,0.05892954325348043,0.005922761187560965,0.026449356780341635,0.1741079870136053,-0.02999999999999936,0.1002734211863096,-1.7455229419285625,-0.4346519094916513,0.5653480905083488,-0.5632052637729701,,0.0,0.0,0.0,0.0,,0.0,0.0,,
2024-11-05,0.007249439249324752,0.06870517449933722,0.014257706110033297,0.0244593200944019,0.24667390670599643,0.020000000000000462,0.0841091889217894,-1.7072408062489672,-0.49636600090331096,0.503633999096689,-0.5632052637729701,,0.0,0.0,0.0,0.0,,0.0,0.0,,
2024-11-06,-0.004175952616431111,0.04391297116198167,0.011151276090680007,0.02445707879823834,-0.7116114771186011,-0.1299999999999999,0.06740963822554069,-1.670592425213029,-0.6417703134116031,0.35822968658839693,-0.5632052637729701,,0.0,0.0,0.0,0.0,,0.0,0.0,,
2024-11-07,0.009302392662313252,0.04378612155281836,0.022808871016364307,0.023098392078605368,0.019070696192591274,-0.02999999999999936,0.05011260949097085,-1.6354511873727897,-0.5202021323413882,0.47979786765861177,-0.5632052637729701,,0.0,0.0,0.0,0.0,,0.0,0.0,,
2024-11-08,-0.027744528633655285,0.012726274567202545,-0.0013847620802964755,0.023787464496537465,-0.6197539252417394,0.07000000000000028,0.03214593840685661,-1.601703670799561,-0.6868209669417256,0.00013717377780264606,0.0,,0.0,0.0,0.0,0.0,,0.0,0.0,,
2024-11-11,-0.033813364365777865,-0.04918201370422626,-0.031114657168903825,0.0243619408887663,-0.6197539252417394,0.07000000000000028,0.013425192574829221,-1.5692479159461428,-0.6868209669417256,0.00013717377780264606,0.0,,0.0,0.0,0.0,0.0,,0.0,0.0,,
2024-11-12,0.0011750882668266627,-0.055256364686724346,-0.028165770779446042,0.02238641118220417,-1.7847795159016355,-0.16999999999999993,-0.0061492572652144745,-1.5379919671292397,-0.8323565725404296,-0.33599057163711865,0.0,,0.0,0.0,0.0,0.0,,0.0,0.0,,
2024-11-13,0.004540469169919348,-0.04653994290037389,-0.022213307476744326,0.022429162052727353,-0.9973469314696892,-0.020000000000000462,-0.026696077550117433,-1.5078526345678422,-0.7080534163622116,-0.06628310295060857,0.0,,0.0,0.0,0.0,0.0,,0.0,0.0,,
2024-11-14,0.003937874263896468,-0.05190446129879067,-0.01686183543912545,0.022428758144921106,-1.784411941494679,-0.1200000000000001,-0.048358081841439304,-1.4787544385738907,-0.7679996012604229,-0.24779746891903465,0.0,,0.0,0.0,0.0,0.0,,0.0,0.0,,
2024-11-15,-0.02475811691913865,-0.04891804958427404,-0.04000501456336192,0.0226284825269485,-1.0381339230186581,-0.1299999999999999,-0.07130914207780589,-1.4506287050083067,-0.7093107525077574,-0.022489785566031872,0.0,,0.0,0.0,0.0,0.0,,0.0,0.0,,
2024-11-18,0.03143157850592537,0.0163268932874292,-0.0075713985132646044,0.02337487777817944,-1.0381339230186581,-0.1299999999999999,-0.08220146754160475,-1.4240155852466712,-0.5207910445195293,-0.022489785566031872,0.0,,0.0,0.0,0.0,0.0,,0.0,0.0,,
2024-11-19,0.0033201040963675155,0.018471909116970053,-0.0023426657416454333,0.022802787871394906,0.29721667000588425,0.040000000000000036,-0.09326903730642047,-1.398227565458876,-0.45506760072401503,0.3772889718164146,0.0,,0.0,0.0,0.0,0.0,,0.0,0.0,,
2024-11-20,-0.007522095354850933,0.006409344592199773,-0.008504035469942828,0.022513466243707144,0.06080789431399669,0.03000000000000025,-0.10452170967184743,-1.3732148361851333,-0.44630317419083976,0.2617502421713719,0.0,,0.0,0.0,0.0,0.0,,0.0,0.0,,
2024-11-21,0.01770212448393771,0.020173594812241014,0.009262241849085306,0.022841397751459908,-0.08125888276910853,-0.0,-0.11597002879732975,-1.3489315784180191,-0.4915037875852089,0.276495813675214,0.0,,0.0,0.0,0.0,0.0,,0.0,0.0,,
2024-11-22,0.016131664380916177,0.06106337611229584,0.02577147759490206,0.022558181747489393,-0.46215149489929885,0.019999999999999574,-0.12762529114173593,-1.3253355554878683,-0.46262419382145575,0.24668655868630168,0.0,,0.0,0.0,0.0,0.0,,0.0,0.0,,
2024-11-25,-0.0328178973327411,-0.003186099726370628,-0.008190835893355342,0.01880747546628765,-0.30828288094024714,0.15000000000000036,-0.1394996199105098,-1.3023877546857818,-0.16016979799792333,0.360621246521606,0.0,,0.0,0.0,0.0,0.0,,0.0,0.0,,
2024-11-26,-0.0024689577569745325,-0.008975161579712676,-0.011807071517823786,0.018806891902932124,-0.8154310859070479,0.08999999999999986,-0.1516060486846658,-1.2800520715981276,-0.1765774170708197,0.27849018365319533,0.0,,0.0,0.0,0.0,0.0,,0.0,0.0,,
2024-11-27,-0.0007273256557445151,-0.0021803918806062583,-0.012614496222228766,0.01824104726289653,0.04689470365699666,0.16000000000000014,-0.16395861560957686,-1.2582950312471213,-0.07042506227776608,0.3758781119130737,0.0,,0.0,0.0,0.0,0.0,,0.0,0.0,,
2024-11-28,0.0,-0.019882516364543967,-0.012223133157314159,0.018108059714804267,0.04689470365699666,0.16000000000000014,-0.1765724697663352,-1.2370855410542734,-0.07042506227776608,0.3758781119130737,0.0,,0.0,0.0,0.0,0.0,,0.0,0.0,,
2024-11-29,-0.010532572499893256,-0.0465467532453534,-0.021671948049701406,0.018223251693905408,0.6992952133501484,0.23000000000000043,-0.18946399164374142,-1.216394671405698,0.14109463542493292,0.6037188292463886,0.0,,0.0,0.0,0.0,0.0,,0.0,0.0,,
2024-12-02,0.0014695079793591859,-0.012259347933253117,-0.017787411666521535,0.016904264823655875,-0.10425623726326716,0.07999999999999918,-1.0096637218477569,-2.4913354872411966,-0.0,0.16016979799792333,1.2837943264245588,,0.0,0.0,0.0,0.0,,0.0,0.0,,
2024-12-03,0.026660518479763695,0.01687012830348511,0.010317581255542052,0.018009464188899493,0.3716547346349075,0.0699999999999994,-1.0200362508195602,-2.4075703111774494,0.03585878415259908,0.21243620122341877,1.2837943264245588,,0.0,0.0,0.0,0.0,,0.0,0.0,,
2024-12-04,-0.020220215188767376,-0.002622761229537751,-0.00765594636231004,0.01848850532876283,0.04975536289479887,0.05999999999999961,-1.030586808401541,-2.330301389147343,0.2542336921812632,0.32465875445902925,1.2837943264245588,,0.0,0.0,0.0,0.0,,0.0,0.0,,
2024-12-05,-0.0035077498697182463,-0.0061305110992559975,-0.008276501534510317,0.018288155201552678,0.04975536289479887,0.05999999999999961,-1.041321343728736,-2.258691093453748,0.11024266933288014,0.32465875445902925,1.2837943264245588,,0.0,0.0,0.0,0.0,,0.0,0.0,,
2024-12-06,-0.016236519047640563,-0.011834457647003305,-0.022201226363934623,0.017634254179393995,-0.0854796736920127,0.02999999999999936,-1.0522460887482932,-2.192045770140983,0.300407681609484,0.15931304618455108,1.2837943264245588,,0.0,0.0,0.0,0.0,,0.0,0.0,,
2024-12-09,0.017260884396598897,0.003956918770236406,-0.005182260187237553,0.016493512872882872,0.41619732047901703,-0.009999999999999787,-1.0633675758409888,-2.1297853534329456,0.300407681609484,0.15931304618455108,0.0,,0.0,0.0,0.0,0.0,,0.0,0.0,,
2024-12-10,0.003212619585527321,-0.019490980123999968,-0.0023134353875464697,0.016505868261804127,-0.0003938356838650847,0.010000000000000675,-1.0746926568063502,-2.071420472053795,0.3739159633038133,0.33805717915121425,0.0,,0.0,0.0,0.0,0.0,,0.0,0.0,,
2024-12-11,0.02448278967658446,0.02521202474135187,0.02082844347786672,0.01735333161632175,-0.07171178960754254,-0.0699999999999994,-1.0862285233380253,-2.016534957120145,0.2416273506742703,-0.012606341506992885,0.0,,0.0,0.0,0.0,0.0,,0.0,0.0,,
2024-12-12,-0.0038486256612948466,0.024871148949775268,0.016028232001660925,0.017379328065420304,-0.41683606399185447,-0.15000000000000036,-1.0979827291298134,-1.964772306719944,0.33104111234854433,0.2207984430156642,0.0,,0.0,0.0,0.0,0.0,,0.0,0.0,,
2024-12-13,0.017975149603017826,0.05908281760043366,0.030915132463659845,0.016664311285998504,-0.49065420560747697,-0.25,-1.1099632137682802,-1.9158250907466725,0.12835979558617913,-0.17204788602330487,0.0,,0.0,0.0,0.0,0.0,,0.0,0.0,,
2024-12-16,-0.008169059513388532,0.03365287369044623,0.021637855710218368,0.015425983367396465,-0.5297077918230864,-0.1899999999999995,-1.1183092013038185,-1.8702165243907458,0.08864445867656845,-0.17204788602330487,0.0,,0.0,0.0,0.0,0.0,,0.0,0.0,,
2024-12-17,-0.00894955898801264,0.021490695116906267,0.012193562636372057,0.015576631420430902,-0.4310908417810788,-0.1800000000000006,-1.1267661497515797,-1.826868553237996,0.04697432123324396,-0.32694164207056936,0.0,,0.0,0.0,0.0,0.0,,0.0,0.0,,
2024-12-18,0.007109371618987836,0.004117277059309643,0.018076626820834996,0.015523797293654124,-0.6255503621254821,-0.2400000000000002,-1.135336881290976,-1.7855848346833874,-0.09884980524164713,-0.34047715591591743,0.0,,0.0,0.0,0.0,0.0,,0.0,0.0,,
2024-12-19,-0.009538117723230322,-0.001572215002625832,0.008674213773436357,0.015193655406522375,-1.3240849556852785,-0.25,-1.1440243199301723,-1.7461921007557903,0.051809246716970916,-0.27923186563157343,0.0,,0.0,0.0,0.0,0.0,,0.0,0.0,,
2024-12-20,-0.006457653207966096,-0.026005017813609754,0.0034817311207469004,0.014753986082962366,-0.4582529518590839,-0.11999999999999922,-1.1528314963028279,-1.7085367782271337,0.1952366578001465,0.06687686221396738,0.0,,0.0,0.0,0.0,0.0,,0.0,0.0,,
2024-12-23,-0.003172317007919645,-0.021008275308140867,9.230565186335582e-05,0.012773413219503257,-0.8119828363140291,-0.20000000000000018,-1.1617615527443992,-1.6724821958282636,-0.26539956992089386,-0.3540440285974623,0.0,,0.0,0.0,0.0,0.0,,0.0,0.0,,
2024-12-24,0.01234406373253627,0.0002853474124080435,0.011478609848960097,0.013036221668462526,-0.6536250149995038,-0.1899999999999995,-1.1708177486675624,-1.6379062617337659,-0.2574538997809441,-0.30442822101418804,0.0,,0.0,0.0,0.0,0.0,,0.0,0.0,,
2024-12-25,0.0,-0.006824024206579793,0.010484484030731878,0.013032287381512457,-0.6536250149995038,-0.1899999999999995,-1.1800034662577985,-1.6046995205282626,-0.2574538997809441,-0.30442822101418804,0.0,,0.0,0.0,0.0,0.0,,0.0,0.0,,
2024-12-26,-0.0068709116572511775,-0.004156818140600649,0.002962992138115794,0.013149904603396965,0.23609143898392082,-0.009999999999999787,-1.189322216511971,-1.5727635185241178,-0.2574538997809441,-0.30442822101418804,0.0,,0.0,0.0,0.0,0.0,,0.0,0.0,,
2024-12-27,0.013978262115903028,0.016279097183268476,0.01506513228786499,0.013194905274825927,-0.4355203177656142,-0.10000000000000053,-1.1987776456445614,-1.5420094212697542,-0.7234279629801165,-0.918664620780263,0.0,,0.0,0.0,0.0,0.0,,0.0,0.0,,
2024-12-30,0.00550887755209839,0.02496029174328651,0.018495919395171256,0.01321924580201283,-0.4040463873935085,0.040000000000000036,-1.208373541888413,-1.5123568385848989,-0.28640215969157057,-0.021002589770676705,0.0,,0.0,0.0,0.0,0.0,,0.0,0.0,,
2024-12-31,0.010230626685637567,0.02284685469638781,0.02746995022572385,0.012071915523561348,-0.7322867715410242,0.009999999999999787,-1.2181138427189664,-1.4837328213606393,-0.3344709853339181,-0.07701708555297404,0.0,,0.0,0.0,0.0,0.0,,0.0,0.0,,
2025-01-01,0.0,0.02284685469638781,0.025202343611200106,0.010975509841095495,-0.7322867715410242,0.009999999999999787,-1.9324414434575476,1.1835617383058656,-0.3344709853339181,-0.07701708555297404,1.1231493156752315,,0.0,0.0,0.0,0.0,,0.0,0.0,,
2025-01-02,0.019469030545927524,0.04918679689956651,0.04125492852182244,0.011527797365731745,-0.8781068611400489,0.009999999999999787,-1.9214284491437608,1.1802320236254638,-0.4360826943350797,-0.07701708555297404,1.1231493156752315,,0.0,0.0,0.0,0.0,,0.0,0.0,,
2025-01-03,0.011285727236064247,0.04649426201972773,0.04774809780839551,0.010669003307811887,-0.7812378357337613,0.020000000000000462,-1.9105611047037072,1.1769183513555626,-0.8151322229549673,-0.09170425997485088,1.1231493156752315,,0.0,0.0,0.0,0.0,,0.0,0.0,,
2025-01-06,-0.005423006782803164,0.035562377684826174,0.038666727635071396,0.010477785152949507,0.21929739443644625,-0.07000000000000028,-1.8998360486270403,1.1736205735690128,-0.6819728271936518,-0.39557066750208125,1.1231493156752315,,0.0,0.0,0.0,0.0,,0.0,0.0,,
2025-01-07,0.009336377946688401,0.03466812894587701,0.04403855427318071,0.010553277848120731,0.5140105586819099,-0.08999999999999986,-1.8892500274539885,1.1703385442368206,-0.710916753309579,-0.3764457679756609,1.1231493156752315,,0.0,0.0,0.0,0.0,,0.0,0.0,,
2025-01-08,-0.012604354711305277,0.02206377423457173,0.02932400547269154,0.010002156400339333,0.5140105586819099,-0.08999999999999986,-1.8787998913412953,1.1670721191967695,-0.6555672262221339,-0.3764457679756609,0.0,,0.0,0.0,0.0,0.0,,0.0,0.0,,
2025-01-09,0.008150004361924701,0.010744748050568909,0.03476388424427057,0.009985760756066145,0.13679922261582433,-0.10999999999999943,-1.868482589848763,1.1638211561226715,-0.4817105585373719,-0.0456278642022922,0.0,,0.0,0.0,0.0,0.0,,0.0,0.0,,
2025-01-10,0.03522192779160349,0.03468094860610815,0.06641334753609929,0.011928993198886158,-0.31895622752571295,-0.16999999999999993,-1.8582951679335413,1.1605855144942403,-0.83879957597684,-0.023667353021872617,0.0,,0.0,0.0,0.0,0.0,,0.0,0.0,,
2025-01-13,0.02896141664182572,0.06906537203073704,0.08994577587038943,0.012858580153644678,-1.1695374130607172,-0.16999999999999993,-1.8482347621400876,1.157365055567563,-0.8515094372552094,-0.16953661006155762,0.0,,0.0,0.0,0.0,0.0,,0.0,0.0,,
2025-01-14,-0.016888835407556257,0.04284015867649238,0.06802491597627558,0.013435439419156557,-0.5972957632587761,-0.11000000000000032,-1.8382985969746977,1.1541596423461646,-0.7001960735131507,0.010720679796428323,0.0,,0.0,0.0,0.0,0.0,,0.0,0.0,,
2025-01-15,0.03224857335623099,0.08769308674402865,0.09398450475908593,0.014751513398538705,-0.10125621230492321,0.009999999999999787,-1.8284839814540648,1.1509691395526451,0.4834592519411109,1.1390264781632449,0.0,,0.0,0.0,0.0,0.0,,0.0,0.0,,
2025-01-16,-0.017137516194674518,0.06240556618742943,0.07093797391456302,0.015269425990780586,-0.11857735025646576,0.0699999999999994,-1.7865263599487797,1.1520121547564326,0.5663880111267237,1.0480985696640954,0.0,,0.0,0.0,0.0,0.0,,0.0,0.0,,
2025-01-17,-0.01021981301685937,0.01696382537896657,0.05499725423829993,0.01545187596743355,0.29299341477088126,0.15999999999999925,-1.746501285607347,1.1530568044808613,0.1937209873750969,1.032520563351937,0.0,,0.0,0.0,0.0,0.0,,0.0,0.0,,
2025-01-20,0.0,-0.011997591262859153,0.04911773172849987,0.015371855884588653,0.29299341477088126,0.15999999999999925,-1.708249539608207,1.1541030936258543,0.1937209873750969,1.032520563351937,0.0,,0.0,0.0,0.0,0.0,,0.0,0.0,,
2025-01-21,-0.025884257088176987,-0.020993012943479883,0.01926536817155977,0.016833022508848324,0.7467081770767381,0.20999999999999996,-1.6716295595099142,1.1551510271119227,-0.0,0.7001960735131507,0.0,,0.0,0.0,0.0,0.0,,0.0,0.0,,
2025-01-22,-0.005947285090619481,-0.059188871390330355,0.009647340866707488,0.016958871144959534,0.6725527284434873,0.0600000000000005,-1.6365149857391044,1.156200609880278,-0.0,0.7001960735131507,0.0,,0.0,0.0,0.0,0.0,,0.0,0.0,,
2025-01-23,-0.010929070532190721,-0.05298042572784656,-0.00474956393596937,0.017115194131357803,0.9423962421583054,-0.040000000000000036,-1.6027926124221301,1.1572518468929434,0.06960166843533608,-0.49678634269138755,0.0,,0.0,0.0,0.0,0.0,,0.0,0.0,,
2025-01-24,0.0005359056934262085,-0.04222470701756098,-0.007009374691905101,0.01694380774533256,1.5637223821280855,-0.019999999999999574,-1.5703606660327578,1.15830474313287,0.2794258194869101,0.08570483211181318,0.0,,0.0,0.0,0.0,0.0,,0.0,0.0,,
2025-01-27,-0.020158972590499147,-0.06238367960806013,-0.028680671224636356,0.01768343616362234,1.5637223821280855,-0.019999999999999574,-1.5391273515729398,1.1593593036040477,0.48899518410209414,0.08570483211181318,0.0,,0.0,0.0,0.0,0.0,,0.0,0.0,,
2025-01-28,0.008166644000272782,-0.028332778519610358,-0.02192315203232731,0.01763583753847787,0.10388186436018909,0.020000000000000462,-1.5090096184465192,1.160415533331623,0.419138729230362,0.419138729230362,0.0,,0.0,0.0,0.0,0.0,,0.0,0.0,,
2025-01-29,-0.0157117789100214,-0.03809727233901228,-0.0382584668048116,0.018047057289731775,-0.0012466865409344052,0.04999999999999982,-1.4799321077951602,1.1614734373620133,0.419138729230362,0.419138729230362,0.0,,0.0,0.0,0.0,0.0,,0.0,0.0,,
2025-01-30,0.0015135881802592621,-0.025654613626562295,-0.03647064236873199,0.01749849450260302,0.09031620029292808,0.13000000000000078,-1.4518262505438189,1.1625330207630233,0.48403873518611196,0.41443706675077585,0.0,,0.0,0.0,0.0,0.0,,0.0,0.0,,
2025-01-31,-0.0027536847911280304,-0.028944204111116534,-0.0382481203026801,0.01729071631327511,-0.801577893176808,0.04999999999999982,-1.4246294912651403,1.1635942886239627,0.41398491115265146,0.13455909166574137,0.0,,0.0,0.0,0.0,0.0,,0.0,0.0,,
2025-02-03,0.008648554147344,-0.00013667737327338614,-0.029326937344662518,0.017386277249543898,-0.7945901045505188,-0.009999999999999787,-0.4505802394558769,0.2324704304376434,0.1392610286570278,-0.34973415544506636,-0.037016853595850385,,0.0,0.0,0.0,0.0,,0.0,0.0,,
2025-02-04,-0.006307438983191638,-0.014610760356737806,-0.03457955667068813,0.017282817094795098,0.13517126760870246,0.03000000000000025,-0.4424963518755266,0.24230909366287864,0.632790430406792,0.21365170117642995,-0.037016853595850385,,0.0,0.0,0.0,0.0,,0.0,0.0,,
2025-02-05,-0.023239061529754856,-0.02213804297647126,-0.05623206320235408,0.01781234572742011,0.2857214095485672,0.1200000000000001,-0.43443584142254354,0.2522995894788976,0.7646727983368784,0.21365170117642995,-0.037016853595850385,,0.0,0.0,0.0,0.0,,0.0,0.0,,
2025-02-06,-0.005930545481462879,-0.029582176638193403,-0.0598720261935588,0.017685066725918564,-0.0790785977248909,0.0699999999999994,-0.4263971103449501,0.2624487807987606,0.4219591782770096,-0.062079556909102385,-0.037016853595850385,,0.0,0.0,0.0,0.0,,0.0,0.0,,
2025-02-07,0.005508099513059861,-0.02132039233400551,-0.050587652776312275,0.015478262432567846,0.04171764625302554,0.08999999999999986,-0.4183785695439978,0.2727639339744628,0.7764698903800813,0.36248497922742984,-0.037016853595850385,,0.0,0.0,0.0,0.0,,0.0,0.0,,
2025-02-10,0.018420839042605053,-0.01154810743874446,-0.027863510949559966,0.014450197235545737,0.3646531225553584,0.03000000000000025,-0.4103786369779724,0.28325275105761527,0.848186728362396,0.7089256997053681,0.0,,0.0,0.0,0.0,0.0,,0.0,0.0,,
2025-02-11,0.013732706887583213,0.008492038432030391,-0.011358578392587582,0.014667138122911092,-0.25283295461728805,-0.020000000000000462,-0.40239573606903617,0.293923405267191,0.5641635036233478,-0.06862692678344418,0.0,,0.0,0.0,0.0,0.0,,0.0,0.0,,
2025-02-12,-0.026955809988527868,0.0047752899732573795,-0.0325819435444874,0.013119903139446608,-0.27638188991452317,-0.1900000000000004,-0.3944282941091237,0.30478458004987835,-0.6250395391109078,-1.3897123374477862,0.0,,0.0,0.0,0.0,0.0,,0.0,0.0,,
2025-02-13,-0.0011215478534385426,0.009584287601281716,-0.02877184497836005,0.012873605117270459,0.24071443670402592,-0.0699999999999994,-0.38647474066115184,0.3158455121731746,-0.5600763792603398,-0.9820355575373494,0.0,,0.0,0.0,0.0,0.0,,0.0,0.0,,
2025-02-14,-0.007744881352202526,-0.0036686932639806713,-0.03170882649422957,0.012831925207488654,0.9967359447851432,0.020000000000000462,-0.37853350595155855,0.32711603935486316,0.0719261792245381,-0.7045437111555432,0.0,,0.0,0.0,0.0,0.0,,0.0,0.0,,
2025-02-17,0.0,-0.022089532306585724,-0.026900926657895674,0.012831925207488654,0.9967359447851432,0.020000000000000462,-0.3660113792180894,0.3198627914423011,0.0719261792245381,-0.7045437111555432,0.0,,0.0,0.0,0.0,0.0,,0.0,0.0,,
2025-02-18,0.015569428747698844,-0.020252810446470093,-0.008596282365657792,0.012594088144895096,0.8888736625238813,-0.009999999999999787,-0.35337280629388684,0.31261345399730356,-0.0,-0.5641635036233478,0.0,,0.0,0.0,0.0,0.0,,0.0,0.0,,
2025-02-19,0.005551714467507907,0.012254714009565681,-0.0008843023315172616,0.01270174985155937,0.4652891634613576,0.08999999999999986,-0.34060403917074844,0.30536681069025867,0.07178609852224799,0.6968256376331559,0.0,,0.0,0.0,0.0,0.0,,0.0,0.0,,
2025-02-20,0.004419286297503433,0.017795548160507657,0.004927831691134976,0.012607379826870142,0.6102753002312111,0.019999999999999574,-0.32769016375943244,0.29812163874707254,0.07233164470147012,0.63240802396181,0.0,,0.0,0.0,0.0,0.0,,0.0,0.0,,
2025-02-21,-0.030358350126048705,-0.004817920613338522,-0.022492957918792023,0.014156144255253557,0.006527769366837521,0.04999999999999982,-0.3146149308780435,0.2908767078276753,0.5911735749520587,0.5192473957275205,0.0,,0.0,0.0,0.0,0.0,,0.0,0.0,,
2025-02-24,0.004252309738530968,-0.0005656108748075539,-0.016523651780589788,0.013635969555267151,0.006527769366837521,0.04999999999999982,-0.3013605577438228,0.28363077888056687,0.29091221330691797,0.5192473957275205,0.0,,0.0,0.0,0.0,0.0,,0.0,0.0,,
2025-02-25,-0.025354076004966863,-0.04148911562747326,-0.038484695385625045,0.014396082982898541,-0.06646209539431513,0.25,-0.2879074934824441,0.2763826029707032,0.8319074653454124,0.8319074653454124,0.0,,0.0,0.0,0.0,0.0,,0.0,0.0,,
2025-02-26,-0.004507459467256503,-0.05154828956223767,-0.04015933842508623,0.014106569005737979,0.3519095103251546,0.28000000000000025,-0.27423414045991673,0.2691309200778979,1.0,0.928213901477752,0.0,,0.0,0.0,0.0,0.0,,0.0,0.0,,
2025-02-27,0.02489874613009402,-0.031068829729647085,-0.013597033764690458,0.015396027412132425,-0.6748347528097165,0.20999999999999996,-0.2603165210003863,0.2618744578627794,0.7062223777541169,0.6338907330526468,0.0,,0.0,0.0,0.0,0.0,,0.0,0.0,,
2025-02-28,-0.008422003959673852,-0.009132483563272231,-0.020072063235634374,0.015469149703905498,-0.896407762103113,0.17999999999999972,-0.2461278760853365,0.254611930397193,1.0,0.4088264250479413,0.0,,0.0,0.0,0.0,0.0,,0.0,0.0,,
2025-03-03,-0.02012664767502148,-0.03351144097682468,-0.0368129763308076,0.015767107562333297,-0.4386278707561253,0.2400000000000002,2.173514779187787,-0.1438330066058191,1.0,0.709087786693082,-0.23174046295659778,,0.0,0.0,0.0,0.0,,0.0,0.0,,
2025-03-04,-0.0016101884471417804,-0.009767553418999597,-0.03527229272490384,0.015756276837937015,-0.48785006814513476,0.08000000000000007,2.1618626959171756,-0.14850041089339153,1.0,0.16809253465458762,-0.23174046295659778,,0.0,0.0,0.0,0.0,,0.0,0.0,,
2025-03-05,-0.02898322809778442,-0.034243322049527514,-0.06081744044124093,0.016188154255784522,0.6113973517113958,-0.03000000000000025,2.1503629266770594,-0.153188377572723,0.8847127958205621,-0.11528720417943794,-0.23174046295659778,,0.0,0.0,0.0,0.0,,0.0,0.0,,
2025-03-06,0.0007537499414675963,-0.058388318238153936,-0.056959824889472266,0.016202981361284743,1.4538518282352864,-0.0,2.139012037902684,-0.15789736482537725,1.0,0.2937776222458831,-0.23174046295659778,,0.0,0.0,0.0,0.0,,0.0,0.0,,
2025-03-07,0.010194990851583263,-0.03977132342689682,-0.043895312994515656,0.016367153865167905,1.7922443395527732,-0.08000000000000007,2.127806703829062,-0.162627840006656,1.0,0.0,-0.23174046295659778,,0.0,0.0,0.0,0.0,,0.0,0.0,,
2025-03-10,-0.01518027196734728,-0.03482494771922262,-0.05452600836798993,0.015780758119908006,1.1600782778865004,-0.05999999999999961,2.1167437021709286,-0.16738027993850013,1.0,0.0,0.0,,0.0,0.0,0.0,0.0,,0.0,0.0,,
2025-03-11,0.0033262806598512995,-0.02988847861222954,-0.04612982980288027,0.01531079213940436,1.5241811110607628,-0.0600000000000005,2.10581991001263,-0.17215517121300575,1.0,0.0,0.0,,0.0,0.0,0.0,0.0,,0.0,0.0,,
2025-03-12,0.021355250431636996,0.020449999917191874,-0.022120234486993517,0.015486129875250144,0.5040156832985532,-0.040000000000000036,2.095032299895869,-0.17695301050702797,1.0,0.11528720417943794,0.0,,0.0,0.0,0.0,0.0,,0.0,0.0,,
2025-03-13,-0.016837170456847517,0.0028590795188767615,-0.03551727892941958,0.015799797111528124,0.084688037973224,0.020000000000000462,2.084377936094295,-0.18177430490837443,1.0,0.0,0.0,,0.0,0.0,0.0,0.0,,0.0,0.0,,
2025-03-14,0.009422039343025546,0.002086128010319044,-0.023513459606734344,0.016018422629814837,0.2279701606745066,0.010000000000000675,2.073853971064355,-0.18661957225411577,0.8958316646146604,-0.10416833538533965,0.0,,0.0,0.0,0.0,0.0,,0.0,0.0,,
2025-03-17,0.0059364971019970625,0.023202897079663387,-0.015292007380177886,0.01612343956396584,0.7121360914879471,-0.08999999999999986,2.063457642062677,-0.191489341481567,0.8958316646146604,-0.10416833538533965,0.0,,0.0,0.0,0.0,0.0,,0.0,0.0,,
2025-03-18,-0.010113114151960367,0.00976350226785172,-0.021836039262596252,0.01564215317641639,0.44245856859852495,-0.009999999999999787,2.026491813463913,-0.18394065307321972,0.9237578457849317,-0.0762421542150683,0.0,,0.0,0.0,0.0,0.0,,0.0,0.0,,
2025-03-19,0.003878865075156668,-0.007712883088628608,-0.014304449448279577,0.015595217264768509,0.05227765313061683,0.07000000000000028,1.9910301608168341,-0.17636877609833873,1.0,0.0,0.0,,0.0,0.0,0.0,0.0,,0.0,0.0,,
2025-03-20,0.016246111269221153,0.02537039863744006,0.005003045311515741,0.016132376488289156,0.0143647259472246,0.02999999999999936,1.9569676155956812,-0.16877202501995797,1.0,0.0,0.0,,0.0,0.0,0.0,0.0,,0.0,0.0,,
2025-03-21,0.0002929544476790724,0.016241313742093588,0.006824818021083701,0.014803928930737871,-0.4564251970258004,0.05999999999999961,1.924209133715468,-0.16114867456350299,0.8826014281022405,-0.013230236512419835,0.0,,0.0,0.0,0.0,0.0,,0.0,0.0,,
2025-03-24,0.012082540177062562,0.022387356817159088,0.02004466493810675,0.015066085888687304,-0.6594942282290406,-0.03000000000000025,1.8926684959783053,-0.1534969571630764,0.3160137013229681,-0.013230236512419835,0.0,,0.0,0.0,0.0,0.0,,0.0,0.0,,
2025-03-25,-0.0015929335060427263,0.03090753746307673,0.018400981047079767,0.013951566642030774,-0.45064069871223467,-0.019999999999999574,1.8622672795635744,-0.14581506027074534,0.38032097607713267,-0.543436869707799,0.0,,0.0,0.0,0.0,0.0,,0.0,0.0,,
2025-03-26,0.00937619562855474,0.0364048680164748,0.027032243535857425,0.014057825843666442,-0.34642124123414053,-0.09999999999999964,1.8329339724529552,-0.13810112351801004,0.2407825849026953,-0.7592174150973047,0.0,,0.0,0.0,0.0,0.0,,0.0,0.0,,
2025-03-27,0.003869031121465305,0.024027787868718953,0.03120782726797877,0.012894445442508996,-0.29971822042307306,-0.13999999999999968,1.8046032078816634,-0.13035323571773577,0.3401783273496393,-0.6598216726503607,0.0,,0.0,0.0,0.0,0.0,,0.0,0.0,,
2025-03-28,-0.008041398874993888,0.015693434546045992,0.023453950749408037,0.01288211284413212,-0.11942861170575192,-0.019999999999999574,1.7772151000430112,-0.1225694316938331,0.33313119162022187,-0.5494702364820186,0.0,,0.0,0.0,0.0,0.0,,0.0,0.0,,
2025-03-31,0.030107357818941693,0.033718252187925124,0.05133713065007317,0.013682706867697436,-0.4056401332534598,0.10999999999999943,1.7507146655827754,-0.11474768892488485,0.22900294785415728,-0.08701075346881079,0.0,,0.0,0.0,0.0,0.0,,0.0,0.0,,
2025-04-01,-0.003924871873297597,0.03138631382067025,0.04530381502980685,0.013726565555934914,-0.30169729519609056,0.13999999999999968,1.9892230470675298,-0.5867213893268599,0.2894546250553394,-0.09086635102179325,0.3021069769710616,,0.0,0.0,0.0,0.0,,0.0,0.0,,
2025-04-02,0.007137389476553402,0.029147507668668915,0.04852672988067486,0.011637771362923424,-0.11462620923916589,0.14999999999999947,1.9516227755846982,-0.5755716174641473,0.25478644069585465,0.014003855793159353,0.3021069769710616,,0.0,0.0,0.0,0.0,,0.0,0.0,,
2025-04-03,-0.06868413575730159,-0.04340565921009798,-0.020599986217373356,0.019990529039250825,1.2907300103036867,0.3200000000000003,1.915596462404799,-0.5644672737398527,0.7568657342014046,0.41668740685176525,0.3021069769710616,,0.0,0.0,0.0,0.0,,0.0,0.0,,
2025-04-04,-0.0769729904233536,-0.11233725075845769,-0.09365715791772722,0.026268804805315602,0.4792012574089122,0.2599999999999998,1.8810302873767053,-0.553403967718332,0.9084042219581243,0.5752730303379024,0.3021069769710616,,0.0,0.0,0.0,0.0,,0.0,0.0,,
2025-04-07,-0.0210293836483757,-0.16347399222577508,-0.11047826725905185,0.026432861927894718,-0.09525876526645938,0.08000000000000007,1.8478216553065447,-0.542377311714132,0.4622249853688984,0.2332220375147411,0.3021069769710616,,0.0,0.0,0.0,0.0,,0.0,0.0,,
2025-04-08,-0.018623750780315973,-0.17817287113279345,-0.12379624216030738,0.026558945220886084,-0.3424717124692833,-0.08999999999999986,1.8158778084053988,-0.5313829110502046,0.6521346679062341,0.36268004285089467,0.0,,0.0,0.0,0.0,0.0,,0.0,0.0,,
2025-04-09,0.04544372484090875,-0.1398665357684381,-0.07425116516080266,0.028319476860218563,-0.19536148996961433,-0.13999999999999968,1.7851146429533364,-0.5204163540719404,0.2840844677454415,0.02929802704958684,0.0,,0.0,0.0,0.0,0.0,,0.0,0.0,,
2025-04-10,-0.037253123263975674,-0.10843552327511219,-0.10638213862582635,0.029158244231253287,-0.2865352484855421,-0.34000000000000075,1.7554556955663514,-0.5094732018564293,0.28166534808521004,-0.47520038611619453,0.0,,0.0,0.0,0.0,0.0,,0.0,0.0,,
2025-04-11,0.023526625950402114,-0.007935906901356482,-0.07843859220684024,0.0296941717410122,1.4279934728473775,-0.47000000000000064,1.7268312710523193,-0.498548977551951,0.17038647211917624,-0.7380177498389481,0.0,,0.0,0.0,0.0,0.0,,0.0,0.0,,
2025-04-14,0.000487685939926763,0.01358116268694598,-0.07326154524022588,0.029619081957225003,2.498182580845576,-0.22999999999999954,1.6991776890505432,-0.4876391552774531,0.6214893267118202,0.15926434134292183,0.0,,0.0,0.0,0.0,0.0,,0.0,0.0,,
2025-04-15,-0.0032557411145059945,0.02894917235275596,-0.07217079397991721,0.029592670939758193,2.4362559787115323,-0.08999999999999986,1.6724366307866012,-0.47673914850560317,0.5660128875027413,-0.08612178040349283,0.0,,0.0,0.0,0.0,0.0,,0.0,0.0,,
2025-04-16,0.018417321867586267,0.0019227693794334755,-0.05013390257713812,0.02998136587160593,2.6499668319802883,0.04999999999999982,1.6465545705809082,-0.4658442978457665,0.6191574555293767,0.33507298778393524,0.0,,0.0,0.0,0.0,0.0,,0.0,0.0,,
2025-04-17,0.03476559320342698,0.07394148584683613,-0.012674713935228787,0.030899148834390707,1.5662448336784207,0.0600000000000005,1.6214822794072408,-0.4549498581348099,0.394940608098068,0.11327526001285798,0.0,,0.0,0.0,0.0,0.0,,0.0,0.0,,
2025-04-18,0.0,0.05041485989643402,-0.00996647077436208,0.030897727952710976,0.8303747168718956,0.0600000000000005,1.5903652699840163,-0.45387168861069116,0.394940608098068,0.11327526001285798,0.0,,0.0,0.0,0.0,0.0,,0.0,0.0,,
2025-04-21,-0.025048272614068168,0.024878901342439086,-0.030449959588006337,0.031077235738219813,1.0879040723015931,-0.040000000000000036,1.5603757042839392,-0.45279475048303575,0.8103475600310706,0.18885823331925033,0.0,,0.0,0.0,0.0,0.0,,0.0,0.0,,
2025-04-22,0.019311378051933836,0.04744602050887892,-0.007619013313548528,0.0315306757401598,1.0975471820061977,-0.0600000000000005,1.531438486311307,-0.451719038781476,0.5527747927131146,-0.013238094789626675,0.0,,0.0,0.0,0.0,0.0,,0.0,0.0,,
2025-04-23,-0.03223537126241105,-0.0032066726211184005,-0.03425423800888705,0.03200428197827814,0.20053150583586588,-0.11000000000000032,1.503485277307624,-0.4506445485566029,0.4693729442881987,-0.14978451124117803,0.0,,0.0,0.0,0.0,0.0,,0.0,0.0,,
2025-04-24,0.008316056241657321,-0.02965620958288806,-0.020560386456166313,0.032088868218100065,0.16624732599257452,0.019999999999999574,1.476453728591684,-0.44957127487983556,0.5482678626623322,0.15332725456426416,0.0,,0.0,0.0,0.0,0.0,,0.0,0.0,,
2025-04-25,0.003656311203110718,-0.025999898379777342,-0.012111165445897853,0.03214432280427508,0.08187890540831688,0.019999999999999574,1.450286818271981,-0.448499212843291,0.40911711217801733,0.15332725456426416,0.0,,0.0,0.0,0.0,0.0,,0.0,0.0,,
2025-04-28,-0.015511624678512526,-0.0164632504442217,-0.020548931192379882,0.03114034434474641,-0.3295602729030511,0.1899999999999995,1.4249322755937663,-0.4474283575596553,0.5952996255870792,-0.2150479344439914,0.0,,0.0,0.0,0.0,0.0,,0.0,0.0,,
2025-04-29,-0.026620335692090435,-0.06239496418824597,-0.03896063476150058,0.031431709016797704,-0.14450548328466262,0.21999999999999975,1.400342079544211,-0.4463587041620554,0.5867458355651257,0.033971042852011135,0.0,,0.0,0.0,0.0,0.0,,0.0,0.0,,
2025-04-30,-0.037263014674881134,-0.06742260760071606,-0.06579499710583914,0.03185591019667631,0.3520416955225425,0.23000000000000043,1.3764720206418608,-0.445290247803932,0.8071972371933065,0.3378242929051078,0.0,,0.0,0.0,0.0,0.0,,0.0,0.0,,
2025-05-01,0.01753982811595378,-0.058198835726419595,-0.04213771485300555,0.02928803170922888,-0.17522865549834954,0.07000000000000028,1.1584576710385524,0.7141513800499175,0.025994612298231096,-0.5222732503641011,-0.7807293608039334,,0.0,0.0,0.0,0.0,,0.0,0.0,,
2025-05-02,-0.016166437342139517,-0.07802158427166983,-0.05522702571232685,0.024272130892022424,0.3170423271037004,-0.040000000000000036,1.1412683127984007,0.7041997428144583,-0.39929456664182317,-0.8084116788198406,-0.7807293608039334,,0.0,0.0,0.0,0.0,,0.0,0.0,,
2025-05-05,-0.020101179321087237,-0.08261113891424454,-0.07229748876696007,0.024236859904186524,0.371829305657867,-0.1299999999999999,1.1244306850216317,0.6943358466664304,-0.2729511836380165,-0.8682508092250957,-0.7807293608039334,,0.0,0.0,0.0,0.0,,0.0,0.0,,
2025-05-06,0.033732332621212,-0.022258470600942104,-0.03815224404937112,0.025269498200709103,0.450836253531961,-0.10999999999999943,1.1079292961474572,0.6845566619256439,-0.19623553852829403,-0.7829813740934197,-0.7807293608039334,,0.0,0.0,0.0,0.0,,0.0,0.0,,
2025-05-07,-0.01741252597362486,-0.0024079818996858293,-0.05200904538589057,0.023079968022475784,0.3875453638529702,-0.08999999999999986,1.0917495350448039,0.6748592461676718,0.38219736316647807,-0.42499987402682843,-0.7807293608039334,,0.0,0.0,0.0,0.0,,0.0,0.0,,
2025-05-08,0.031194256711875035,0.011246446696235424,-0.02068143303570391,0.022894274040179394,0.31159529155720955,-0.1200000000000001,1.0758776056797983,0.6652407396423486,-0.18514311366495104,-0.21113772596318214,0.0,,0.0,0.0,0.0,0.0,,0.0,0.0,,
2025-05-09,0.018358243192690082,0.04577112723106502,-0.0019314150668163776,0.022640923337878028,-0.018694457460721736,-0.040000000000000036,1.0603004675607934,0.6556983609181519,0.2573458249464073,0.6566403915882304,0.0,,0.0,0.0,0.0,0.0,,0.0,0.0,,
2025-05-12,0.01512592878662744,0.0809982353387797,0.012854376353672592,0.022905904257558483,-1.0019523757722082,-0.08999999999999986,1.045005781363366,0.6462294027366947,-0.45348432121941845,-0.18053313758140194,0.0,,0.0,0.0,0.0,0.0,,0.0,0.0,,
2025-05-13,0.027385885953782996,0.0746517886713507,0.038368043587903244,0.02366490323400462,-0.7510547624295594,-0.1900000000000004,1.0299818592077694,0.6368312280626379,-0.6133515565507206,-0.4171160180224266,0.0,,0.0,0.0,0.0,0.0,,0.0,0.0,,
2025-05-14,-0.008200645232434134,0.08386366941254142,0.029626077990918098,0.0234327948305142,-0.4566112826223989,-0.27000000000000046,1.01521761912231,0.6275012663153303,-1.0,-1.3821973631664781,0.0,,0.0,0.0,0.0,0.0,,0.0,0.0,,
2025-05-15,-0.024526355627978447,0.028143057072687938,0.007522999439959932,0.022611283124646803,-0.04936590070774294,-0.08000000000000007,1.0007025432791699,0.6182370097693938,-0.5747319513028055,-0.38958883763785446,0.0,,0.0,0.0,0.0,0.0,,0.0,0.0,,
2025-05-16,0.014020050772469261,0.023804864652467117,0.02326532475082388,0.02290577384589497,-0.4526641152277522,-0.05999999999999961,0.9864266396354426,0.6090360101122998,-0.5747319513028055,-0.38958883763785446,0.0,,0.0,0.0,0.0,0.0,,0.0,0.0,,
2025-05-19,0.0031954013448860508,0.011874337210725727,0.026770816936157793,0.022253339344961463,0.8646303274128408,-0.009999999999999787,0.9702660296516136,0.5962397057779083,-0.9047823788895583,-0.4512980576701398,0.0,,0.0,0.0,0.0,0.0,,0.0,0.0,,
2025-05-20,-0.002075849048821077,-0.017587397791878345,0.026074420082823124,0.021769433320043944,0.5192004118469318,0.009999999999999787,0.9543607853968213,0.5834587400647396,-0.8770939204763303,-0.2637423639256097,0.0,,0.0,0.0,0.0,0.0,,0.0,0.0,,
2025-05-21,-0.01595135731393693,-0.025338109873381143,0.010688314266948495,0.02083929806910081,0.7540273210591253,-0.04999999999999982,0.9386987116355627,0.5706841038466167,-0.8001637361003079,0.1998362638996921,0.0,,0.0,0.0,0.0,0.0,,0.0,0.0,,
2025-05-22,-0.006027549404838517,-0.006839303650241213,0.005943196642496318,0.020764243882657882,0.6306109720609632,-0.08999999999999986,0.9232681702541381,0.5579064133492804,-0.9810997310927912,-0.40636777978998573,0.0,,0.0,0.0,0.0,0.0,,0.0,0.0,,
2025-05-23,0.005377671234118253,-0.015481683188592221,0.012517231655452044,0.02078934480656702,1.3731609596526306,-0.08000000000000007,0.9080580369337484,0.5451158417367072,-1.0,-0.40636777978998573,0.0,,0.0,0.0,0.0,0.0,,0.0,0.0,,
2025-05-26,0.0,-0.018677084533478272,0.012938014200361891,0.020514711484941644,1.3731609596526306,-0.08000000000000007,0.8930576609917056,0.5323020407429299,-1.0,-0.40636777978998573,0.0,,0.0,0.0,0.0,0.0,,0.0,0.0,,
2025-05-27,-0.010455903131916244,-0.02705713861657344,0.0020946719853478513,0.019731669674838342,0.5804452096510926,0.05000000000000071,0.8782568280518416,0.5194540501720132,-1.0,-0.12290607952366972,0.0,,0.0,0.0,0.0,0.0,,0.0,0.0,,
2025-05-28,0.015481446658684561,0.004375665356048053,0.014551456494256598,0.01787178084582614,-0.1964688179673768,0.11000000000000032,0.8636457252383722,0.5065601925399061,-1.0,-0.1998362638996921,0.0,,0.0,0.0,0.0,0.0,,0.0,0.0,,
2025-05-29,-0.014660630721603951,-0.004257415960717381,-0.0015238134352459909,0.017945599849012783,0.3942875824812453,0.11000000000000032,0.8492149086161038,0.4936079494138155,-0.9407181421477344,0.040381588945056834,0.0,,0.0,0.0,0.0,0.0,,0.0,0.0,,
2025-05-30,-0.0024644717969319885,-0.012099558991767623,-0.00608802271733655,0.017494980605600282,-0.31610504540560136,0.09999999999999964,0.8349552726245556,0.4805838150564173,-0.25845903749309146,0.7415409625069085,0.0,,0.0,0.0,0.0,0.0,,0.0,0.0,,
2025-06-02,0.028061203792645095,0.015961644800877473,0.017465324434463803,0.01759268515732945,-0.31610504540560136,0.09999999999999964,-0.2772577233872181,0.7472965419401382,-0.4728420825264007,0.7415409625069085,0.47769787784406326,,0.0,0.0,0.0,0.0,,0.0,0.0,,
2025-06-03,0.014135072158664386,0.0405526200914581,0.02807240297541025,0.016383495387722775,0.12392083210330807,-0.03000000000000025,-0.28410478590067123,0.7356493804183946,-0.772402735321839,0.227597264678161,0.47769787784406326,,0.0,0.0,0.0,0.0,,0.0,0.0,,
2025-06-04,-0.00887064267568416,0.016200530757089382,0.01524667251711076,0.015913470186139745,0.7663818317747206,0.09999999999999964,-0.29101666745761245,0.724246022610788,-0.39031357055486743,0.6096864294451325,0.47769787784406326,,0.0,0.0,0.0,0.0,,0.0,0.0,,
2025-06-05,0.008239628299169688,0.03910078977786302,0.02067894445430074,0.014620769922021298,0.4953040307925982,0.02999999999999936,-0.297995267961456,0.7131030970721098,-0.08684947061681143,0.8538686715309229,0.47769787784406326,,0.0,0.0,0.0,0.0,,0.0,0.0,,
2025-06-06,0.018914201994703284,0.06047946356949829,0.03675799214692432,0.014652386709924588,0.4979986433150341,-0.09999999999999964,-0.30504255597778546,0.7022422597834278,-0.6920663374818329,-0.4336072999887414,0.47769787784406326,,0.0,0.0,0.0,0.0,,0.0,0.0,,
2025-06-09,0.01093411986841275,0.04335237964526595,0.04506654815916811,0.014496474766320227,0.22923042774001257,-0.03000000000000025,-0.31216057214655235,0.6916915293330383,-0.13109950881484822,0.3417425737115525,0.0,,0.0,0.0,0.0,0.0,,0.0,0.0,,
2025-06-10,-0.004759354957587725,0.024457952529013838,0.0392888913909788,0.013342858295153413,0.33813823901358564,-0.009999999999999787,-0.31935143280212447,0.681487087824263,0.04395729797064631,0.8163600332924853,0.0,,0.0,0.0,0.0,0.0,,0.0,0.0,,
2025-06-11,0.04763162790158759,0.08096022310628559,0.08311060382526492,0.016724637563098506,0.3856959585771258,-0.040000000000000036,-0.3266173338164184,0.6716757452663948,0.4863727380620482,0.8766863086169157,0.0,,0.0,0.0,0.0,0.0,,0.0,0.0,,
2025-06-12,-0.0016153906148810293,0.07110520419223487,0.0765397494924267,0.015414962999651168,0.6508784751272256,0.040000000000000036,-0.3339605546816491,0.6623183675866026,0.26615022488388185,0.35299969550069327,0.0,,0.0,0.0,0.0,0.0,,0.0,0.0,,
2025-06-13,0.0700896634806405,0.12228066567817208,0.1388704686197011,0.021173354367329596,0.6904036777510947,0.09999999999999964,-0.34138346285067983,0.653494734682767,0.08854069570032003,0.7806070331821529,0.0,,0.0,0.0,0.0,0.0,,0.0,0.0,,
2025-06-16,-0.01671886956632118,0.09462767624343815,0.11538836824557475,0.02185648923068039,0.6234373746488164,0.03000000000000025,-0.34888851835447765,0.6453105729211254,-0.0,0.13109950881484822,0.0,,0.0,0.0,0.0,0.0,,0.0,0.0,,
2025-06-17,0.0418859399639091,0.14127297116493498,0.14831298795104253,0.02309620580530442,0.44915880824628607,0.08000000000000007,-0.3564782787180121,0.6379079866694025,0.1347506607233271,0.09079336275268077,0.0,,0.0,0.0,0.0,0.0,,0.0,0.0,,
2025-06-18,0.004000538739934001,0.09764188200328139,0.1423546116298411,0.022383409823326057,-0.11900121903687388,0.03000000000000025,-0.36991868523353866,0.6508712095887986,0.27078938852003603,-0.2155833495420122,0.0,,0.0,0.0,0.0,0.0,,0.0,0.0,,
2025-06-19,0.0,0.09925727261816242,0.13209431909846447,0.022196633275462598,-0.11900121903687388,0.03000000000000025,-0.38369761659015733,0.6641415209023254,0.27078938852003603,-0.2155833495420122,0.0,,0.0,0.0,0.0,0.0,,0.0,0.0,,
2025-06-20,-0.0027986957696040093,0.026368913367917912,0.11944414914766899,0.022365945192101687,-0.5953068577056353,0.03000000000000025,-0.39783597664652504,0.6777345370942501,0.4501154203311751,0.36157472463085505,0.0,,0.0,0.0,0.0,0.0,,0.0,0.0,,
2025-06-23,-0.08957462436141128,-0.04648684142717219,0.02449678182313786,0.03153259920828137,-0.8429839417759322,0.1200000000000001,-0.4123564768772718,0.691667003539666,0.4501154203311751,0.36157472463085505,0.0,,0.0,0.0,0.0,0.0,,0.0,0.0,,
2025-06-24,-0.06233203395028308,-0.15070481534136437,-0.040614188549348285,0.034861096984302266,0.11642689751777402,0.08999999999999986,-0.42728384619069143,0.7059569027176453,0.7565501484704915,0.6217994877471644,0.0,,0.0,0.0,0.0,0.0,,0.0,0.0,,
2025-06-25,0.008508056581865375,-0.146197297499433,-0.03453639888584359,0.03476209612953937,0.3287487420328805,0.08999999999999986,-0.4426450714097911,0.7206235754164124,0.9686583287223803,0.6978689402023444,0.0,,0.0,0.0,0.0,0.0,,0.0,0.0,,
2025-06-26,0.004917035106422496,-0.1412802623930105,-0.033028513989183494,0.034530371225910884,0.3287487420328805,0.08999999999999986,-0.4584696738735326,0.735687856818772,0.9664748803217084,0.6978689402023444,0.0,,0.0,0.0,0.0,0.0,,0.0,0.0,,
2025-06-27,0.004282661792001541,-0.13419890483140495,-0.032492359086391254,0.034502914903106,1.141598535369892,0.08999999999999986,-0.47479002876929505,0.7511722296802871,0.7109575807378377,0.2608421604066626,0.0,,0.0,0.0,0.0,0.0,,0.0,0.0,,
2025-06-30,-0.006277292296043235,-0.05090157276603691,-0.04079923346720893,0.0340810852374831,1.4530071123567523,0.09999999999999964,-0.49164173524646254,0.7671009972016267,0.9755869104874382,0.2608421604066626,0.0,,0.0,0.0,0.0,0.0,,0.0,0.0,,
2025-07-01,0.005208345107138079,0.016638806291384256,-0.037174134092269995,0.033972484508525316,0.8481736724698874,0.040000000000000036,-0.7714872098116423,-0.8465589180479253,0.8081666903246085,0.051616541854117015,1.339445388791627,,0.0,0.0,0.0,0.0,,0.0,0.0,,
2025-07-02,0.03010009029785543,0.03823084000737431,-0.010605826175289934,0.03445550533481397,0.8558706795109616,-0.009999999999999787,-0.7895628471092739,-0.8335479370116897,0.4022775435739592,-0.5663807851484212,1.339445388791627,,0.0,0.0,0.0,0.0,,0.0,0.0,,
2025-07-03,-0.006693963262798697,0.02661984163815312,-0.02008489224086496,0.03450988154641342,0.34008914698553383,-0.08999999999999986,-0.8082545364265062,-0.8207674605781925,0.1788742308926318,-0.7876006494290766,1.339445388791627,,0.0,0.0,0.0,0.0,,0.0,0.0,,
2025-07-04,0.0,0.022337179846151578,-0.021924284943907857,0.03430315941228373,0.34008914698553383,-0.08999999999999986,-0.8276050131621173,-0.8082193602826061,0.1788742308926318,-0.7876006494290766,1.339445388791627,,0.0,0.0,0.0,0.0,,0.0,0.0,,
2025-07-07,0.01378514381224516,0.04239961595443997,-0.010121085031896015,0.03434883638425994,-0.17695513228506154,-0.16000000000000014,-0.8476612985548486,-0.7959073330830977,0.4903739744678218,-0.48521293601961635,1.339445388791627,,0.0,0.0,0.0,0.0,,0.0,0.0,,
2025-07-08,0.005871145589475546,0.04306241643677744,-0.006763408370006552,0.034321267812197895,-0.41351191014851185,-0.16000000000000014,-0.8684752726303631,-0.7838372107460373,0.490313235600943,-0.31785345472366555,0.0,,0.0,0.0,0.0,0.0,,0.0,0.0,,
2025-07-09,0.000731475418468186,0.013693801557390195,-0.006200394254968877,0.03263722856285114,-0.3582453855161205,-0.040000000000000036,-0.8901043438945493,-0.7720173550201285,0.35916546669737476,-0.043112076876584415,0.0,,0.0,0.0,0.0,0.0,,0.0,0.0,,
2025-07-10,-0.026826358598542654,-0.006438593778353763,-0.03193466575775883,0.0331919010457226,-0.4999236821756625,-0.0,-0.9126122357240277,-0.7604591648588843,0.18006060234501725,0.001186371452385454,0.0,,0.0,0.0,0.0,0.0,,0.0,0.0,,
2025-07-11,0.027849526121845436,0.021410932343491673,-0.0008810456722212479,0.02957052898612375,-0.4999236821756625,-0.0,-0.936069914312428,-0.7491777317530994,0.27237630216296005,0.001186371452385454,0.0,,0.0,0.0,0.0,0.0,,0.0,0.0,,
2025-07-14,-0.021709484368399146,-0.014083695837152632,-0.01913690533682466,0.029711297256396017,-0.5022567277572998,-0.02999999999999936,-0.9605566893544142,-0.7381926933275492,0.32122525018651543,-0.1691487242813064,0.0,,0.0,0.0,0.0,0.0,,0.0,0.0,,
2025-07-15,-0.00689141304133134,-0.02684625446795952,-0.02013582602409869,0.027729561714405427,-0.561929485943824,-0.08000000000000007,-0.9861615268611864,-0.7275293559390144,-0.046172625512173666,-0.5364858611131167,0.0,,0.0,0.0,0.0,0.0,,0.0,0.0,,
2025-07-16,-0.0021068480328985117,-0.029684577919326216,-0.016044812364296668,0.027648391306231403,-0.5732846353203147,-0.1200000000000001,-1.01298462425465,-0.7172201875965669,0.2780358639070324,-0.08112960279034237,0.0,,0.0,0.0,0.0,0.0,,0.0,0.0,,
2025-07-17,0.017324208665593588,0.014465989344810026,0.006611047560717509,0.02812014186225312,-0.6710098861511415,-0.1200000000000001,-1.0411393120957595,-0.7073068288342154,0.2780358639070324,-0.08112960279034237,0.0,,0.0,0.0,0.0,0.0,,0.0,0.0,,
2025-07-18,-0.0029656012244938523,-0.016349138001529262,0.008985442868387317,0.0281193753440899,-0.36240404131371307,-0.010000000000000675,-1.0707543657556726,-0.6978428407593621,0.09502367402506887,-0.17735262813789118,0.0,,0.0,0.0,0.0,0.0,,0.0,0.0,,
2025-07-21,-0.0020811662038244805,0.003279180163045403,0.00786960028884831,0.019941596718065085,0.18698911753280978,0.04999999999999982,-1.0766612170288294,-0.6880763893183888,-0.04934758179403479,-0.37057283198055024,0.0,,0.0,0.0,0.0,0.0,,0.0,0.0,,
2025-07-22,-0.014841738592349607,-0.004671145387972864,-0.008381329447112229,0.014271048466120305,0.6883217644935491,0.15000000000000036,-1.0826231685689418,-0.6783923904307358,-0.414587992379265,-0.36841536686709137,0.0,,0.0,0.0,0.0,0.0,,0.0,0.0,,
2025-07-23,-0.014605462733951136,-0.017169760089025488,-0.023240307358884493,0.014598048124166794,0.7040504910000633,0.05999999999999961,-1.0886412136829686,-0.6687879883324142,-0.7936721142201463,-1.0717079781271788,0.0,,0.0,0.0,0.0,0.0,,0.0,0.0,,
2025-07-24,0.011883138003677018,-0.022610830750942057,-0.011958989677890663,0.014796924558026735,0.8886059496810317,0.040000000000000036,-1.0947163709576266,-0.6592604062940608,-1.0,-1.0717079781271788,0.0,,0.0,0.0,0.0,0.0,,0.0,0.0,,
2025-07-25,-0.013263400472635745,-0.03290862999908395,-0.024946907359978177,0.01508455656741223,0.3076705772873778,0.040000000000000036,-1.1008496850972438,-0.6498069424757039,-1.0,-1.095023674025069,0.0,,0.0,0.0,0.0,0.0,,0.0,0.0,,
2025-07-28,0.023509082987579255,-0.007318380807680214,-0.0026516603460313704,0.015908712499032737,-0.5156834263780219,-0.040000000000000036,-1.1070422277958594,-0.6404249659788124,-1.0,-0.9506524182059652,0.0,,0.0,0.0,0.0,0.0,,0.0,0.0,,
2025-07-29,0.03679049413234825,0.044313851917017644,0.031345890361423656,0.017783088403004882,-1.0748573290664254,0.009999999999999787,-1.1132950986452246,-0.6311119130819051,-0.4895483959272881,-0.07496040354802308,0.0,,0.0,0.0,0.0,0.0,,0.0,0.0,,
2025-07-30,0.011349881195586775,0.07026919584655555,0.04084033858723046,0.016730823785729796,-1.534251570422951,0.020000000000000462,-1.11960942608054,-0.6218652836469317,-0.9983982800553686,-0.2047261658352223,0.0,,0.0,0.0,0.0,0.0,,0.0,0.0,,
2025-07-31,-0.010627703075082984,0.04775835476779555,0.02855388953298199,0.016859249562747577,-1.8020112673794664,0.05999999999999961,-1.1259863683656985,-0.6126826376844624,-0.3738379543498271,0.6261620456501729,0.0,,0.0,0.0,0.0,0.0,,0.0,0.0,,
2025-08-01,-0.02826163641708579,0.03276011882334551,4.658895758513637e-05,0.018141249101697565,-1.022205146113242,0.16999999999999993,-2.1371173406461437,2.1541440949784785,-0.3738379543498271,0.6261620456501729,-0.7300882736452907,,0.0,0.0,0.0,0.0,,0.0,0.0,,
2025-08-04,-0.015566846303889825,-0.006315810468123573,-0.014298321998809094,0.01817551052212268,-0.30759052156905664,0.20000000000000018,-2.108616189159665,2.1006108252701168,1.0,2.0,-0.7300882736452907,,0.0,0.0,0.0,0.0,,0.0,0.0,,
2025-08-05,-0.017193272519455682,-0.060299577119927505,-0.02911643826532284,0.018431677418599475,0.048938805000353636,0.1200000000000001,-2.0810102817492404,2.0500559247922157,0.9929850282929963,1.4825334242202843,-0.7300882736452907,,0.0,0.0,0.0,0.0,,0.0,0.0,,
2025-08-06,-0.012508849691708512,-0.08415830800722279,-0.03858811544857943,0.01855161106455634,0.7380304799998738,0.16000000000000014,-2.054251447247668,2.0021969055022986,0.9234771306716443,1.9218754107270128,-0.7300882736452907,,0.0,0.0,0.0,0.0,,0.0,0.0,,
2025-08-07,-0.007330610695324147,-0.08086121562746396,-0.04385634103061431,0.01772982502962468,0.9995810090288493,0.13999999999999968,-2.028295079160183,1.9567874783215617,0.7438625502789292,1.1177005046287563,-0.7300882736452907,,0.0,0.0,0.0,0.0,,0.0,0.0,,
2025-08-08,0.0,-0.05259957921037817,-0.04040147961123175,0.016292294609799186,0.7254220284756863,-0.03999999999999915,-2.0030998029259437,1.9136117869233649,0.7403559020834751,1.1177005046287563,0.0,,0.0,0.0,0.0,0.0,,0.0,0.0,,
2025-08-11,0.001251564618941714,-0.03578116828754663,-0.036843106022275585,0.015737814179650284,0.2452351885632975,-0.04999999999999982,-1.9786271803988442,1.8724797266564583,0.7366784614399633,-0.2633215385600367,0.0,,0.0,0.0,0.0,0.0,,0.0,0.0,,
2025-08-12,-0.012428383055143932,-0.031016278823234877,-0.04668783160671275,0.01587084694707838,0.5248610102540519,-0.07000000000000028,-1.9548414467234225,1.833223115132394,1.0,0.007014971707003714,0.0,,0.0,0.0,0.0,0.0,,0.0,0.0,,
2025-08-13,-0.008265823568532227,-0.026773252700058592,-0.05206204892775723,0.015920782328164382,0.3138375645806768,-0.020000000000000462,-1.9317092754890992,1.7956925371267833,1.0,0.07652286932835572,0.0,,0.0,0.0,0.0,0.0,,0.0,0.0,,
2025-08-14,0.02069420662367616,0.001251564618941714,-0.028644735954499012,0.01616200619509706,-0.11642738059969293,-0.05999999999999961,-1.9091995686382972,1.7597547277474694,0.8676946980784438,0.12383214779951457,0.0,,0.0,0.0,0.0,0.0,,0.0,0.0,,
2025-08-15,-0.01830281449160065,-0.017051249872658936,-0.04345758343315964,0.016533706301534775,-0.0039889340321730415,-0.0600000000000005,-1.8872832681014153,1.7252903885503081,0.668791980545063,-0.07156392153841218,0.0,,0.0,0.0,0.0,0.0,,0.0,0.0,,
2025-08-18,0.00982419563604875,-0.0084786188555519,-0.030738688876166265,0.016799280627674475,0.10522896829210371,-0.07000000000000028,-1.8427397706629325,1.6878117757534725,0.4124013232943329,-0.3242771381456304,0.0,,0.0,0.0,0.0,0.0,,0.0,0.0,,
2025-08-19,-0.01701559698415611,-0.01306583278456408,-0.0447508940197876,0.016887448600920528,-0.37314921977888993,-0.009999999999999787,-1.8003557396293683,1.651902678829958,0.41006571027940236,-0.5899342897205977,0.0,,0.0,0.0,0.0,0.0,,0.0,0.0,,
2025-08-20,0.013698844358161821,0.008898835142129968,-0.0294638731756951,0.017049205012719292,-0.5375010405394232,-0.04999999999999982,-1.759946244623541,1.6174431344555416,0.7177153896778448,-0.28228461032215524,0.0,,0.0,0.0,0.0,0.0,,0.0,0.0,,
2025-08-21,0.004892300454673482,-0.006903071026872709,-0.022633854357641425,0.016828717805501547,-0.3644589148623423,-0.040000000000000036,-1.7213477264901078,1.5843254887630733,0.616421719203025,-0.2512729788754188,0.0,,0.0,0.0,0.0,0.0,,0.0,0.0,,
2025-08-22,0.0022016049150659356,0.013601348379793876,-0.019267781348581536,0.016635114602532447,0.050108984964813974,0.07000000000000028,-1.6844149123175367,1.552452807589879,1.0,0.33120801945493705,0.0,,0.0,0.0,0.0,0.0,,0.0,0.0,,
2025-08-25,0.017749181504282063,0.02152633424802719,-6.61366761391946e-05,0.016230408293085426,0.1167861900330247,0.05999999999999961,-1.6490182583929445,1.5217375305872245,0.9025150404426203,0.49011371714828744,0.0,,0.0,0.0,0.0,0.0,,0.0,0.0,,
2025-08-26,-0.02421047575059898,0.014331455481584321,-0.019774100764430536,0.01427999032714887,0.16152760382497355,0.040000000000000036,-1.61504181749368,1.4921003261311148,1.0,0.5899342897205977,0.0,,0.0,0.0,0.0,0.0,,0.0,0.0,,
2025-08-27,0.014128963454015597,0.014761574577438097,-0.0012815797610299384,0.014454814699434984,0.03999148835402977,0.04999999999999982,-1.5823814496995878,1.463469112517037,1.0,0.28228461032215524,0.0,,0.0,0.0,0.0,0.0,,0.0,0.0,,
2025-08-28,0.006990319726910776,0.01685959384967539,0.00919139637516686,0.014589186632879017,0.6811783195674437,0.11000000000000032,-1.5509433131737245,1.435778217592462,1.0,0.383578280796975,0.0,,0.0,0.0,0.0,0.0,,0.0,0.0,,
2025-08-29,-0.00917508963464364,0.0054828992999658155,0.0025446358106879785,0.013463858244955435,0.05753366800412829,0.02999999999999936,-1.5206425845585472,1.4089676542270022,0.4531891380072854,-0.5468108619927146,0.0,,0.0,0.0,0.0,0.0,,0.0,0.0,,
2025-09-01,0.0,-0.012266282204316248,0.004294622565656603,0.013115894894936198,0.05753366800412829,0.02999999999999936,-1.8426001929430917,-1.2148921002592294,0.4531891380072854,-0.5468108619927146,0.6744918468448713,,0.0,0.0,0.0,0.0,,0.0,0.0,,
2025-09-02,0.024383924151731406,0.03632811769801414,0.028349673638798478,0.0138156287148198,-0.1296800561532141,-0.020000000000000462,-1.800853839147706,-1.2043887635710198,0.28149995168480774,-0.7185000483151922,0.6744918468448713,,0.0,0.0,0.0,0.0,,0.0,0.0,,
2025-09-03,-0.02500902184359788,-0.002809867599599336,0.003636787324204249,0.014682516306816586,0.18405101078959873,0.020000000000000462,-1.7610437861848376,-1.194034785231097,0.3701799577831292,-0.6298200422168708,0.6744918468448713,,0.0,0.0,0.0,0.0,,0.0,0.0,,
2025-09-04,-0.007689327803837465,-0.017489515130347577,-0.003738469095202035,0.014691777926423675,-0.4185947887692887,0.04999999999999982,-1.723011862398692,-1.1838260462145933,0.5873973215897785,-0.41260267841022147,0.6744918468448713,,0.0,0.0,0.0,0.0,,0.0,0.0,,
2025-09-05,-0.02568948611531141,-0.03400391161101535,-0.02782940952031865,0.015747905426694082,0.06655120033408624,0.13000000000000078,-1.6866174636092235,-1.173758583239873,1.0,0.5468108619927146,0.6744918468448713,,0.0,0.0,0.0,0.0,,0.0,0.0,,
2025-09-08,0.006283755470565033,-0.027720156140450314,-0.02019871790213834,0.015835794525478362,0.06655120033408624,0.13000000000000078,-1.6517351228101538,-1.1638285812211298,1.0,0.5468108619927146,0.0,,0.0,0.0,0.0,0.0,,0.0,0.0,,
2025-09-09,0.0059252315238591535,-0.04617884876832257,-0.013844230959614734,0.015690960480953666,0.4365129673684298,0.20000000000000018,-1.6182524800504654,-1.1540323661637353,0.7475967097661446,0.4660967580813368,0.0,,0.0,0.0,0.0,0.0,,0.0,0.0,,
2025-09-10,0.01646909749161285,-0.004700729433111839,0.0018173758976551824,0.01601228194757209,0.3177456242552279,0.17999999999999972,-1.5860685769788445,-1.1443663984719288,0.5329267149272015,0.16274675714407227,0.0,,0.0,0.0,0.0,0.0,,0.0,0.0,,
2025-09-11,-0.020629103490902523,-0.017640505120176897,-0.01755305272186103,0.015977180416408922,0.6703217627267999,0.16000000000000014,-1.5550924165362399,-1.1348272666408281,0.8796879869518341,0.2922906653620556,0.0,,0.0,0.0,0.0,0.0,,0.0,0.0,,
2025-09-12,0.005117554747845254,0.013166535742979768,-0.012347841564603002,0.015513768945697596,0.0558569927793906,0.040000000000000036,-1.5252417405503562,-1.1254116813069206,0.7522471621801039,-0.2477528378198961,0.0,,0.0,0.0,0.0,0.0,,0.0,0.0,,
2025-09-15,0.009683383864254047,0.016566164136668782,-0.0025697607023449365,0.015509065153492235,0.44355775451696555,-0.0,-1.4964419874673045,-1.116116469633168,0.8929075218390943,-0.10709247816090572,0.0,,0.0,0.0,0.0,0.0,,0.0,0.0,,
2025-09-16,0.019089924106877376,0.029730856719687004,0.014809584347984739,0.01553712588524285,0.8506377910881491,0.040000000000000036,-1.4700756417412382,-1.119233664006154,0.905442490238974,0.1578457804728295,0.0,,0.0,0.0,0.0,0.0,,0.0,0.0,,
2025-09-17,-0.007311224914265502,0.005950534313808653,0.006838283840791881,0.015393516451497722,0.8025986848403721,-0.019999999999999574,-1.4446073408188933,-1.1223657652579464,0.8102750028088974,0.27734828788169597,0.0,,0.0,0.0,0.0,0.0,,0.0,0.0,,
2025-09-18,-0.0075223673944258,0.019057270410285376,-0.0007234257541055555,0.015464017781830802,0.24326113307333586,-0.10000000000000053,-1.4199876105569325,-1.125512910358321,0.8000388003011538,-0.07964918665068033,0.0,,0.0,0.0,0.0,0.0,,0.0,0.0,,
2025-09-19,-0.014099243460496957,-0.00015952779805683548,-0.014046968996296094,0.015770591242690132,0.2292999147933905,-0.08000000000000007,-1.3961714931031932,-1.1286752380462302,0.39497553341658775,-0.35727162876351615,0.0,,0.0,0.0,0.0,0.0,,0.0,0.0,,
2025-09-22,-0.000638365805272656,-0.010481277467583539,-0.012990257217785128,0.015157874343821114,-0.2097614340054399,-0.10000000000000053,-1.3731181377793809,-1.1318528888594521,0.4279441475992997,-0.46496337423979456,0.0,,0.0,0.0,0.0,0.0,,0.0,0.0,,
2025-09-23,0.012217526029393078,-0.017353675545067837,-0.0008990536936073212,0.014483619344191557,-0.4074376252782619,-0.08000000000000007,-1.350790450530222,-1.1350460051648503,0.28057068372332944,-0.6248718065156447,0.0,,0.0,0.0,0.0,0.0,,0.0,0.0,,
2025-09-24,0.02461183419431734,0.014569383563515004,0.02306231445848006,0.01518950669139302,-0.849710720705743,-0.10000000000000053,-1.3291547949067084,-1.1382547311892592,0.06948881380830195,-0.7407861890005955,0.0,,0.0,0.0,0.0,0.0,,0.0,0.0,,
2025-09-25,-0.00015388166530350134,0.021937869292637302,0.022615176820555583,0.015116394736639997,-0.7356578885791221,-0.0699999999999994,-1.3081807389420497,-1.1414792130510114,-0.07001353704744119,-0.870052337348595,0.0,,0.0,0.0,0.0,0.0,,0.0,0.0,,
2025-09-26,0.011323762928112657,0.04736087568124692,0.03262074114791069,0.015135553776285084,-0.541883929480802,-0.0600000000000005,-1.2878408434776123,-1.1447195987921195,-0.14075596290509537,-0.5357314963216832,0.0,,0.0,0.0,0.0,0.0,,0.0,0.0,,
2025-09-29,-0.03515109900867053,0.012848142477849045,-0.0020910015110837676,0.017197164403164166,-0.250218670085256,-0.0,-1.2681104885542775,-1.1479760384111342,-0.14075596290509537,-0.5357314963216832,0.0,,0.0,0.0,0.0,0.0,,0.0,0.0,,
2025-09-30,-0.017167803622364808,-0.01653718717390884,-0.01674186239506792,0.01653771637632667,-0.4318668586074992,-0.040000000000000036,-1.2489677354476214,-1.151248683896687,0.21561752147789665,-0.0649531622454328,0.0,,0.0,0.0,0.0,0.0,,0.0,0.0,,
2025-10-01,-0.009504703047595875,-0.050653724415822055,-0.02450483864408337,0.01577363084813241,0.017059066810798384,0.040000000000000036,-1.230393222833869,1.8274832396884977,0.2154764000920095,0.14598758628370756,-0.1038365704407962,,0.0,0.0,0.0,0.0,,0.0,0.0,,
2025-10-02,-0.021266955619157812,-0.07176679836967637,-0.04335118607389532,0.0163256081960593,0.09316262643943585,0.08000000000000007,-1.2123700964672426,1.7900210688408984,0.14376519857663,0.21377873562407118,-0.1038365704407962,,0.0,0.0,0.0,0.0,,0.0,0.0,,
2025-10-03,0.006591981682152692,-0.07649857961563633,-0.03595266959226873,0.015477769481886615,0.28795639802083883,0.07000000000000028,-1.1948839726690723,1.754281647818662,-0.25474750566109394,-0.11399154275599857,-0.1038365704407962,,0.0,0.0,0.0,0.0,,0.0,0.0,,
2025-10-06,0.013217129668116279,-0.028130350938849524,-0.022275673834556642,0.015720675256107736,-0.1308745785289167,-0.02999999999999936,-1.1779229369194941,1.7201401980896402,-0.4068902010709584,-0.11399154275599857,-0.1038365704407962,,0.0,0.0,0.0,0.0,,0.0,0.0,,
2025-10-07,0.0006481931842579058,-0.01031435413222681,-0.020903762643722956,0.01565200331350105,-0.2926663603492141,0.020000000000000462,-1.1779229369194941,1.687485696448248,-0.11404751178516143,-0.32966503326305807,-0.1038365704407962,,0.0,0.0,0.0,0.0,,0.0,0.0,,
2025-10-08,0.013196200507115563,0.012386549422484627,-0.006820199280806349,0.01547894083948049,-0.521347446779119,-0.009999999999999787,-1.1779229369194941,1.656219158461461,-0.15438904159315703,-0.36986544168516655,0.0,,0.0,0.0,0.0,0.0,,0.0,0.0,,
2025-10-09,-0.016766473692643835,0.016887031348998605,-0.022892441607562652,0.01524194079185836,-0.5485362402598781,-0.040000000000000036,-1.1779229369194941,1.6262521998870627,-0.31697779360979217,-0.4607429921864222,0.0,,0.0,0.0,0.0,0.0,,0.0,0.0,,
2025-10-10,-0.043358672562735734,-0.03306362289588982,-0.06313307143888203,0.01789295491621738,-0.8562047363560588,0.08000000000000007,,1.5975058281261887,0.16042956243049716,0.4151770680915911,0.0,,0.0,0.0,0.0,0.0,,0.0,0.0,,
2025-10-13,0.009967140542273434,-0.036313612021732666,-0.05006207599909196,0.01790374901870535,-0.8562047363560588,0.08000000000000007,,1.5699094257288937,0.16042956243049716,0.4151770680915911,0.0,,0.0,0.0,0.0,0.0,,0.0,0.0,,
2025-10-14,-0.0133685043657632,-0.05033030957175377,-0.058703804043707564,0.017245078737876333,-0.575823066784853,0.10999999999999943,,1.5433998957901724,0.12138329506671373,0.23543080685187517,0.0,,0.0,0.0,0.0,0.0,,0.0,0.0,,
2025-10-15,-0.007352345679068506,-0.07087885575793784,-0.06132731736338748,0.017245405533392995,-0.07253060609422324,0.08000000000000007,,1.5179209452881601,0.08223883345033257,0.2366278750434896,0.0,,0.0,0.0,0.0,0.0,,0.0,0.0,,
2025-10-16,-0.013998327603839122,-0.06811070966913313,-0.0702730145973689,0.01736102566287893,0.34717921020859244,0.14999999999999947,,1.4922521191362454,0.6634303206179156,0.9804081142277078,0.0,,0.0,0.0,0.0,0.0,,0.0,0.0,,
2025-10-17,0.001391304572258889,-0.023360732534138506,-0.06460360705688917,0.017281545168008523,0.34140739107783036,0.03000000000000025,,1.4673774389625978,0.4682542173190246,0.30782465488852745,0.0,,0.0,0.0,0.0,0.0,,0.0,0.0,,
2025-10-20,-0.00034764471061077273,-0.03367551778702271,-0.060687684854012325,0.017284889741356512,0.34140739107783036,0.03000000000000025,,1.4432511440396085,0.6595915866673248,0.30782465488852745,0.0,,0.0,0.0,0.0,0.0,,0.0,0.0,,
2025-10-21,0.005202023175408854,-0.015104990245850658,-0.05087131962241642,0.017001688710506946,0.24153712343891742,0.050000000000000266,,1.419831046733524,0.3582849386541903,0.23690164358747656,0.0,,0.0,0.0,0.0,0.0,,0.0,0.0,,
2025-10-22,0.011692017649610698,0.003939373082828546,-0.033918969089382855,0.016051681116782363,-0.026145045431147373,0.07999999999999963,,1.3970781792179197,0.5698225311929054,0.4875836977425728,0.0,,0.0,0.0,0.0,0.0,,0.0,0.0,,
2025-10-23,0.05471478483507752,0.07265248552174519,0.023312715304098397,0.020920756804202186,-0.23477290921176674,-0.019999999999999574,,1.374956481984853,0.8242462979583274,0.16081597734041175,0.0,,0.0,0.0,0.0,0.0,,0.0,0.0,,
2025-10-24,-0.00470436426041676,0.06655681668906954,0.021926656961510638,0.020668128605032626,-0.19195909291251922,-0.0,,1.3534325284267792,0.7679558276715882,0.2997016103525636,0.0,,0.0,0.0,0.0,0.0,,0.0,0.0,,
2025-10-27,-0.003094213037875271,0.06381024836180504,0.020547905542925626,0.019264912973148234,-0.14748687831047658,-0.009999999999999787,,1.332475280649393,0.7643248791117662,0.1047332924444414,0.0,,0.0,0.0,0.0,0.0,,0.0,0.0,,
2025-10-28,-0.01910151935390836,0.03950670583248783,0.003258533594884483,0.019351205229351996,0.20961291096414092,-0.010000000000000231,,1.3120558724100109,0.662909673582886,0.3046247349286957,0.0,,0.0,0.0,0.0,0.0,,0.0,0.0,,
2025-10-29,0.0054712894505897225,0.03328597763346686,0.009793170826432274,0.019327608771034354,0.30158202352769115,-0.10999999999999988,,1.292147415686719,-0.2058458849464514,-0.7756684161393568,0.0,,0.0,0.0,0.0,0.0,,0.0,0.0,,
2025-10-30,0.001486989121578297,-0.01994181808003237,0.011205810491930812,0.018736404339498743,-0.27291570038303625,-0.10000000000000053,,1.272724827893146,-0.3137116311159584,-1.1379579290742858,0.0,,0.0,0.0,0.0,0.0,,0.0,0.0,,
2025-10-31,0.006746220567252159,-0.00849123325236345,0.01786996965884935,0.018739259729099882,-0.3732599051552654,-0.09000000000000075,,1.2537646771807136,-0.10771765945504556,-0.8756734871266337,0.0,,0.0,0.0,0.0,0.0,,0.0,0.0,,
2025-11-03,0.0011472589966050606,-0.004249761217883119,0.019538660788696482,0.01848663498359526,-0.5400715901151321,-0.1200000000000001,-0.9151002282773028,-1.154399833288226,-0.0,-0.7643248791117662,-0.005021507288627269,,0.0,0.0,0.0,0.0,,0.0,0.0,,
2025-11-04,-0.008058591427520412,0.0067931667085048275,0.01243684072500617,0.018560013794866805,-0.9872666639588079,-0.10999999999999943,-0.9036682316278329,-1.1384040158408935,-0.05684490346705383,-0.7197545770499398,-0.005021507288627269,,0.0,0.0,0.0,0.0,,0.0,0.0,,
2025-11-05,-0.01597903505788878,-0.014657157799973675,-0.0011266611908018476,0.018535613238542244,-1.0926631444804435,-0.08999999999999986,-0.8931660909555853,-1.1227211045790626,-0.28606464222723405,-0.08021875728078265,-0.005021507288627269,,0.0,0.0,0.0,0.0,,0.0,0.0,,
2025-11-06,-0.002856424692734727,-0.0190005716142867,-0.002263055191450647,0.01822719284614738,-0.33937099284979677,-0.0,-0.8837260951726091,-1.1073381982878165,0.1770816013560411,0.49079323247199946,-0.005021507288627269,,0.0,0.0,0.0,0.0,,0.0,0.0,,
2025-11-07,0.005370041433050865,-0.020376750748487993,0.0023905812338966825,0.015407019708195,-0.0017300197139746842,-0.0,-0.8755234445276149,-1.0922430930065312,-0.1840238507005186,-0.07630619124547304,-0.005021507288627269,,0.0,0.0,0.0,0.0,,0.0,0.0,,
2025-11-10,0.006339694239857252,-0.015184315505235801,0.008195242781170009,0.015313455083012753,0.1258118487096005,-0.0,-0.868792876934849,-1.0774242331741228,-0.1840238507005186,-0.07630619124547304,0.0,,0.0,0.0,0.0,0.0,,0.0,0.0,,
2025-11-11,0.015020501924723817,0.007894777847008427,0.02126126169878617,0.015272541437501747,0.1258118487096005,-0.0,-0.8638538980904412,-1.0628706668741112,-0.1840238507005186,-0.07630619124547304,0.0,,0.0,0.0,0.0,0.0,,0.0,0.0,,
2025-11-12,-0.04267358752126693,-0.018799774616369724,-0.02160074673747836,0.018172315598288125,0.6585242949834313,0.08999999999999986,-0.8611503300524003,-1.0485720047775833,-0.4279535080174873,-0.14188886579025328,0.0,,0.0,0.0,0.0,0.0,,0.0,0.0,,
2025-11-13,0.0034135551153084975,-0.0125297948083265,-0.01924620667312471,0.017871481256833934,0.7578795478525024,-0.0,-0.8613147366618413,-1.0345183824269129,-1.0,-1.177081601356041,0.0,,0.0,0.0,0.0,0.0,,0.0,0.0,,
2025-11-14,0.023574083775593557,0.0056742475342161924,0.0021597230913474874,0.018567970615302493,0.34715128348766777,-0.02999999999999936,-0.8652783467808328,-1.0207004255422938,-1.0,-0.8159761492994814,0.0,,0.0,0.0,0.0,0.0,,0.0,0.0,,
2025-11-17,-0.0030000022500029644,-0.003665448955644024,-0.002875815292807893,0.018596335191516256,0.151527142979635,-0.0,-0.848079669311956,-1.0052007424512475,-1.0,-0.8159761492994814,0.0,,0.0,0.0,0.0,0.0,,0.0,0.0,,
2025-11-18,0.013759023521768832,-0.004926927358599009,0.008419822077491368,0.018770641090680995,0.151527142979635,-0.0,-0.8311244070697678,-0.9899636703001862,-1.0,-0.8159761492994814,0.0,,0.0,0.0,0.0,0.0,,0.0,0.0,,
2025-11-19,-0.021635059208098717,0.016111600954569205,-0.014012269439191982,0.019377734236915127,-0.37341237779418,-0.04999999999999982,-0.8143980187358849,-0.9749780180426754,-1.0,-0.5720464919825127,0.0,,0.0,0.0,0.0,0.0,,0.0,0.0,,
2025-11-20,-0.005059885985172485,0.007638159854088222,-0.016880454191936956,0.014659223770973288,-0.7587820074934415,0.010000000000000675,-0.7978865663489778,-0.9602331505088749,-0.6226010725082219,0.37739892749177806,0.0,,0.0,0.0,0.0,0.0,,0.0,0.0,,
2025-11-21,-0.01843055582784725,-0.034366479749352585,-0.0324329992089849,0.015097804817978216,-0.7429323466146887,0.08000000000000007,-0.7815766639511188,-0.945718949815784,-0.26642787149690844,0.7335721285030916,0.0,,0.0,0.0,0.0,0.0,,0.0,0.0,,
2025-11-24,0.01334493713675311,-0.01802154036259651,-0.017032008770163642,0.015526811293434138,-0.6625955912829662,0.08999999999999986,-0.7654554316318072,-0.9314257798430142,0.17508681024203007,1.17508681024203,0.0,,0.0,0.0,0.0,0.0,,0.0,0.0,,
2025-11-25,-0.015241325947476625,-0.04702188983184197,-0.03041029108589388,0.015326471693821855,-0.3471583423189095,0.11000000000000032,-0.7495104549951925,-0.9173444534810424,0.3484316808478396,1.3484316808478396,0.0,,0.0,0.0,0.0,0.0,,0.0,0.0,,
2025-11-26,0.012007005313724228,-0.013379825310019022,-0.016867027933580303,0.015558994680593243,0.20913958935881993,0.1299999999999999,-0.7337297502870412,-0.9034662023901618,1.0,2.0,0.0,,0.0,0.0,0.0,0.0,,0.0,0.0,,
2025-11-27,0.0,-0.008319939324846537,-0.015256420638912083,0.015547336043728769,0.20913958935881993,0.1299999999999999,-0.7181017356826308,-0.889782649035861,1.0,2.0,0.0,,0.0,0.0,0.0,0.0,,0.0,0.0,,
2025-11-28,-0.0017064850557586553,0.008404131447242058,-0.014929663118850911,0.015422597419456261,0.6668017885320898,0.040000000000000036,-0.7026152095798771,-0.8762857807905591,1.0,1.2664278714969084,0.0,,0.0,0.0,0.0,0.0,,0.0,0.0,,
2025-12-01,0.0130654272260049,0.008124621536493848,-0.0004269017284963539,0.015778109110451376,0.7635516264740572,-0.04999999999999982,-0.7946541745537452,-0.29851000010930334,0.5121790860386741,0.337092275796644,-0.5913182334695399,,0.0,0.0,0.0,0.0,,0.0,0.0,,
2025-12-02,-0.01152945969133512,0.011836487792635353,-0.010345483842292502,0.015873568594409374,0.4002186897524185,-0.08000000000000007,-0.7791148642336299,-0.29196297748546474,0.5958308786161456,0.247399197768306,-0.5913182334695399,,0.0,0.0,0.0,0.0,,0.0,0.0,,
2025-12-03,0.0052725694049842176,0.005102051883895342,-0.004524617082911853,0.015569521131255743,0.4207228911687899,-0.05999999999999961,-0.763810600212267,-0.28541940837486096,1.0,0.0,-0.5913182334695399,,0.0,0.0,0.0,0.0,,0.0,0.0,,
2025-12-04,0.012139754550610782,0.017241806434506124,0.007413625859927997,0.015811729018633106,0.4207228911687899,-0.05999999999999961,-0.7487375832291374,-0.2788784110850655,0.4225733449502645,0.0,-0.5913182334695399,,0.0,0.0,0.0,0.0,,0.0,0.0,,
2025-12-05,0.006847625921888145,0.025795917412152924,0.01398586094960308,0.01584057529647141,0.30267808979064226,-0.1200000000000001,-0.7338939925937669,-0.2723391006613482,-0.08451466899005515,-1.084514668990055,-0.5913182334695399,,0.0,0.0,0.0,0.0,,0.0,0.0,,
2025-12-08,-0.020175533035257764,-0.00744504284910974,-0.00513930155411213,0.016405814656108315,0.17373882310544042,-0.08000000000000007,-0.7192803518812558,-0.26580058825029085,0.0843539995883113,-0.4278250864503628,0.0,,0.0,0.0,0.0,0.0,,0.0,0.0,,
2025-12-09,-0.010757381974810798,-0.006672965132585418,-0.01355741880240302,0.016086268254596987,0.3825939955442448,-0.08999999999999986,-0.704900021717285,-0.2592619804532942,0.0843539995883113,-0.4278250864503628,0.0,,0.0,0.0,0.0,0.0,,0.0,0.0,,
2025-12-10,0.0035986672372896322,-0.008346867300280003,-0.009933099576521442,0.013014036680066381,0.048370958871424286,-0.07000000000000028,-0.6907598659081721,-0.2527223786688104,0.1675732492471108,-0.8324267507528892,0.0,,0.0,0.0,0.0,0.0,,0.0,0.0,,
2025-12-11,-0.014820191981254283,-0.03530681383214507,-0.023815952214356173,0.013393566120233085,0.5772452985914334,-0.02999999999999936,-0.6768711578908003,-0.24618087842209072,0.5027860990781101,0.08021275412784562,0.0,,0.0,0.0,0.0,0.0,,0.0,0.0,,
2025-12-12,-0.0027816429618772176,-0.04493608271591043,-0.024342469495939767,0.012087890919708806,0.4491810586620071,-0.05000000000000071,-0.6632508261051054,-0.2396365686811949,0.8382719408309521,0.9227866098210072,0.0,,0.0,0.0,0.0,0.0,,0.0,0.0,,
2025-12-15,-0.010852548313926569,-0.035613097994579235,-0.03254726482637693,0.012239931935013916,0.6788600384182164,-0.009999999999999787,-0.649923186208079,-0.2330885311579565,0.7612455053935411,0.6768915058052298,0.0,,0.0,0.0,0.0,0.0,,0.0,0.0,,
2025-12-16,-0.02765811058087042,-0.05251382660063886,-0.05548676571862554,0.01280844594643719,0.6570922879075236,0.02999999999999936,-0.6348029055897634,-0.23693737669859694,0.8381612384096992,0.6768915058052298,0.0,,0.0,0.0,0.0,0.0,,0.0,0.0,,
2025-12-17,0.012049421928642445,-0.044063071909286045,-0.040402958158199276,0.012680980101157787,0.43107448755005384,-0.03000000000000025,-0.6197562845815319,-0.24080179823482267,0.7513875083879616,0.5838142591408508,0.0,,0.0,0.0,0.0,0.0,,0.0,0.0,,
2025-12-18,0.003746993410637778,-0.025495886517393984,-0.03406192308556655,0.012759607863950676,-0.06067677946324235,0.019999999999999574,-0.6047723249947708,-0.24468205773654703,0.7599181601961401,0.25713206111803,0.0,,0.0,0.0,0.0,0.0,,0.0,0.0,,
2025-12-19,0.009041813217918637,-0.01367243033759813,-0.02379968665794241,0.012439761481902387,-0.017478996073050368,0.03000000000000025,-0.5898401641489244,-0.24857842161057941,0.25733799783575356,-0.5809339429951985,0.0,,0.0,0.0,0.0,0.0,,0.0,0.0,,
2025-12-22,0.02354691507560247,0.02072703305193091,0.0004575527304231386,0.013251162719250994,-0.029260704541078653,0.009999999999999787,-0.5749491147935323,-0.25249116081364237,0.17213259316539384,-0.5891129122281472,0.0,,0.0,0.0,0.0,0.0,,0.0,0.0,,
2025-12-23,0.006357955947995819,0.05474309958079715,0.006445868896407525,0.01287951675140735,0.1538908100912284,-0.02999999999999936,-0.560088740413933,-0.25642055096874505,-0.4333835174898762,-1.2715447558995754,0.0,,0.0,0.0,0.0,0.0,,0.0,0.0,,
2025-12-24,-0.0005140066934039567,0.04217967095875075,0.006188273021350277,0.012585017932230136,0.5973950314177467,0.009999999999999787,-0.5452489829783809,-0.2603668724850316,-0.17208787178423865,-0.9234753801722003,0.0,,0.0,0.0,0.0,0.0,,0.0,0.0,,
2025-12-25,0.0,0.03843267754811297,0.006444683839696097,0.012585017932230136,0.5973950314177467,0.009999999999999787,-0.5304203694575468,-0.2643304106812362,-0.17208787178423865,-0.9234753801722003,0.0,,0.0,0.0,0.0,0.0,,0.0,0.0,,
2025-12-26,-0.027979929351859667,0.0014109349783346659,-0.019965162479012477,0.014032381576687807,0.5766228492109171,0.020000000000000462,-0.5155943383998358,-0.26831145591286876,0.08512885768600906,-0.1722091401497445,0.0,,0.0,0.0,0.0,0.0,,0.0,0.0,,
2025-12-29,0.02334194113583532,0.0012059610385675157,0.004433035994482637,0.014765495646955428,0.33444119235410685,0.04999999999999982,-0.5007637525012841,-0.27231030370327663,0.767624089606721,0.5954914964413272,0.0,,0.0,0.0,0.0,0.0,,0.0,0.0,,
2025-12-30,-0.002240800730779924,-0.007392795640208227,0.002784059653333948,0.014563434001761882,0.17693393046446237,0.040000000000000036,-0.4859237047988378,-0.27632725487872095,0.5084741020158442,0.9418576195057204,0.0,,0.0,0.0,0.0,0.0,,0.0,0.0,,
2025-12-31,-0.009187895092842346,-0.016066684039646617,-0.005088987824985125,0.014615825334261973,-0.2582110096351897,-0.02999999999999936,-0.47107279865972235,-0.28036261570761867,0.1701648524691663,0.3422527242534049,0.0,,0.0,0.0,0.0,0.0,,0.0,0.0,,
2026-01-01,0.0,-0.016066684039646617,-0.0031671524829315345,0.014275777196340156,-0.2582110096351897,-0.02999999999999936,1.6706800176068897,-2.667009950465456,0.1701648524691663,0.3422527242534049,-0.18952335739848003,,0.0,0.0,0.0,0.0,,0.0,0.0,,
2026-01-02,-0.0017430717329469658,0.010170173579266084,-0.002558853991082799,0.014126490564836154,-0.11182508414084857,-0.05000000000000071,1.7220427809236403,-2.5794660178790596,0.7688784312973078,0.6837495736112987,-0.18952335739848003,,0.0,0.0,0.0,0.0,,0.0,0.0,,
2026-01-05,0.017295484740431633,0.0041237171838623965,0.015214450085360376,0.014122939997642482,-0.02450039677264204,-0.04999999999999982,1.7772849042460015,-2.49880826664767,0.9409492469162352,0.17332515730951414,-0.18952335739848003,,0.0,0.0,0.0,0.0,,0.0,0.0,,
2026-01-06,-0.020615714964031362,-0.014251197049389042,-0.0044305288931996145,0.01466233510730076,-0.2400122516714287,-0.040000000000000036,1.8369508313609784,-2.424147187466019,1.0,0.4915258979841558,-0.18952335739848003,,0.0,0.0,0.0,0.0,,0.0,0.0,,
2026-01-07,-0.020156269375569913,-0.025219571332116608,-0.02242831545265389,0.015224094027410415,-0.10547360404056239,0.02999999999999936,1.9016990233268736,-2.354746607562502,0.594886682950203,0.4247218304810367,-0.18952335739848003,,0.0,0.0,0.0,0.0,,0.0,0.0,,
2026-01-08,0.031123391223768948,0.00590381989165234,0.0085563794269774,0.01661564158270202,-0.10547360404056239,0.02999999999999936,1.972334699120074,-2.289991255253133,0.26206835218117625,0.4247218304810367,0.0,,0.0,0.0,0.0,0.0,,0.0,0.0,,
2026-01-09,0.02327278205537553,0.030919673679974835,0.030387743887354546,0.017378491312653135,-0.5146903288215654,0.010000000000000675,2.049854867390787,-2.2293623389110913,-0.17590168335843243,-0.9447801146557402,0.0,,0.0,0.0,0.0,0.0,,0.0,0.0,,
2026-01-12,0.006407035911638381,0.020031224851181584,0.03449038299271656,0.01716306982553867,-0.3148324014873749,-0.020000000000000462,2.1355115071837547,-2.1724188998064244,-0.26584698867301876,-1.2067962355892539,0.0,,0.0,0.0,0.0,0.0,,0.0,0.0,,
2026-01-13,0.02735354958159686,0.0680004893968098,0.0567889527599128,0.016503974671248298,-0.30004833833832123,-0.0,2.230902234067606,-2.1187833913823924,-0.4488651934641281,-1.4488651934641281,0.0,,0.0,0.0,0.0,0.0,,0.0,0.0,,
2026-01-14,0.014127051539121638,0.10228381031150136,0.06575714300410951,0.016556771323768964,-0.06823951234609105,-0.0,2.338103810648053,-2.0681303972285474,-0.18207926394269702,-0.7769659468929,0.0,,0.0,0.0,0.0,0.0,,0.0,0.0,,
2026-01-15,-0.04670430496966915,0.024456114118063255,0.016416541658530903,0.02022106096614857,0.07935688448036382,0.020000000000000462,2.4598747032567636,-2.0201777108053176,-0.9106315971752278,-1.172699949356404,0.0,,0.0,0.0,0.0,0.0,,0.0,0.0,,
2026-01-16,0.0042147917068700025,0.005398123769557728,0.018236388065044906,0.020169323788994175,0.11453858086948321,-0.0600000000000005,2.374778116135568,-1.9700974338522097,-0.9933165056300287,-0.8174148222715962,0.0,,0.0,0.0,0.0,0.0,,0.0,0.0,,
2026-01-19,0.0,-0.0010089121420806535,0.017018788518468497,0.019547294734270505,0.11453858086948321,-0.0600000000000005,2.296529827090748,-1.922709223426177,-0.9933165056300287,-0.8174148222715962,0.0,,0.0,0.0,0.0,0.0,,0.0,0.0,,
2026-01-20,0.015027833321411777,-0.013334628402265736,0.030395528424632445,0.019762243175785635,0.5781583334790064,-0.1200000000000001,2.224219538975894,-1.8777652908172329,-1.0,-0.5511348065358719,0.0,,0.0,0.0,0.0,0.0,,0.0,0.0,,
2026-01-21,0.004629637898741379,-0.022832042042645995,0.033116890678519084,0.019766052858125466,0.5090297339723548,-0.10999999999999943,2.157098179711436,-1.8350488867212318,-1.0,-0.817920736057303,0.0,,0.0,0.0,0.0,0.0,,0.0,0.0,,
2026-01-22,-0.021004272770531962,0.002867990156491196,0.011254555901659913,0.02041996501290076,0.6657771859017503,-0.08999999999999986,2.094542899063934,-1.7943694847302587,-1.0,-0.817920736057303,0.0,,0.0,0.0,0.0,0.0,,0.0,0.0,,
2026-01-23,0.0284001483759182,0.027053346825539393,0.035977638384860455,0.02011875999268145,0.9878101792248462,-0.0,2.036030932475906,-1.7555588510992939,-1.0,-0.006683494369971288,0.0,,0.0,0.0,0.0,0.0,,0.0,0.0,,
2026-01-26,-0.007230927151403499,0.019822419674135894,0.026598288755102395,0.01970314902613686,0.9878101792248462,-0.0,1.9811197931378395,-1.718467814484391,-0.9909770444909044,-0.006683494369971288,0.0,,0.0,0.0,0.0,0.0,,0.0,0.0,,
2026-01-27,0.02861518603905555,0.03340977239177967,0.05152225297731139,0.020531986914386725,1.6687108346484347,0.05999999999999961,1.9294320570718602,-1.682963593174332,-0.7272180923564625,0.2727819076435375,0.0,,0.0,0.0,0.0,0.0,,0.0,0.0,,
2026-01-28,0.013057510361512037,0.04183764485455033,0.059776271249257995,0.020399690467124695,1.5345671429684682,-0.0,1.880643532933301,-1.648927569838428,-0.8440997823764285,0.15590021762357154,0.0,,0.0,0.0,0.0,0.0,,0.0,0.0,,
2026-01-29,0.03436550562603102,0.09720742325111331,0.08762000950442328,0.02139674072716456,1.4737046986397218,0.019999999999999574,1.8344739608442941,-1.6162534281641758,-0.8440997823764285,0.15590021762357154,0.0,,0.0,0.0,0.0,0.0,,0.0,0.0,,
2026-01-30,-0.0032151907051272133,0.0655920841700679,0.07795665737703938,0.021429176116506587,0.8393777502657684,-0.019999999999999574,1.7906796249076058,-1.5848455841798237,-0.473407233279234,0.5265927667207659,0.0,,0.0,0.0,0.0,0.0,,0.0,0.0,,
2026-02-02,-0.04822292744020995,0.024600083881261448,0.026561489123604787,0.02447513519033465,-0.2612397026746649,-0.07000000000000028,3.6976142967889825,1.36705558566921,-1.0,-0.009022955509095598,-0.1762341799844691,,0.0,0.0,0.0,0.0,,0.0,0.0,,
2026-02-03,0.01707261251930614,0.013057510361512037,0.038577444455518695,0.023993360486425745,-0.44622370102587183,-0.040000000000000036,3.438726921011458,1.3617317626501386,-0.9517841197005572,-0.2245660273440947,-0.1762341799844691,,0.0,0.0,0.0,0.0,,0.0,0.0,,
2026-02-04,0.03007628336388013,0.03007628336388013,0.06108544299503471,0.023843867314375992,-0.6369578518564456,-0.03000000000000025,3.2235340682916624,1.3564474898379428,-0.9491691011113045,-0.10506931873487602,-0.1762341799844691,,0.0,0.0,0.0,0.0,,0.0,0.0,,
2026-02-05,-0.028811461060873178,-0.03310068332302407,0.027702439724029304,0.02448533794235351,-0.9058273359241698,0.03000000000000025,3.040773347422184,1.3512022239971742,0.19021365643960492,-0.10506931873487602,-0.1762341799844691,,0.0,0.0,0.0,0.0,,0.0,0.0,,
2026-02-06,0.004099658848248922,-0.025785833769647937,0.02818921252250295,0.02408669602034765,-0.28931395865634535,0.040000000000000036,2.8828737369358834,1.3459954322969612,0.39298135655689637,0.8663885898361303,-0.1762341799844691,,0.0,0.0,0.0,0.0,,0.0,0.0,,
2026-02-09,0.012665324488719598,0.03510241815928161,0.036928736532592765,0.02416542836999368,0.6097452790575275,0.07000000000000028,2.74453180417492,1.340826592055139,0.6006908015808802,1.60069080158088,0.0,,0.0,0.0,0.0,0.0,,0.0,0.0,,
2026-02-10,-0.006234434158429281,0.01179537148154619,0.02844790108253381,0.023612389639276386,0.385500828979346,0.1200000000000001,2.6219064725769874,1.335695190490034,0.8003118705895577,1.752095990290115,0.0,,0.0,0.0,0.0,0.0,,0.0,0.0,,
2026-02-11,0.010420811309050926,-0.007860100573283013,0.0368076231114598,0.02352863682169885,0.676558977576569,0.11000000000000032,2.5121378945304365,1.3306007244796443,-0.10164490847848986,0.8475241926328146,0.0,,0.0,0.0,0.0,0.0,,0.0,0.0,,
2026-02-12,-0.02808688588738395,-0.007135525399793785,0.005728776989836426,0.021802757646392567,0.814997713145782,0.1200000000000001,2.4130467184101034,1.325542700327945,0.9132370587936979,0.7230234023540929,0.0,,0.0,0.0,0.0,0.0,,0.0,0.0,,
2026-02-13,0.0007953551679920068,-0.0104398290800507,0.0037031437505330445,0.021806070748705806,0.6046141472437205,0.17999999999999972,2.3229388882953477,1.3205206335380828,1.0,0.6070186434431036,0.0,,0.0,0.0,0.0,0.0,,0.0,0.0,,
2026-02-16,0.0,-0.023105153568770298,0.0008821553432376561,0.021806070748705806,0.6046141472437205,0.17999999999999972,2.2401808424777148,1.2977341878110584,1.0,0.6070186434431036,0.0,,0.0,0.0,0.0,0.0,,0.0,0.0,,
2026-02-17,-0.008944317734653318,-0.025815037144994335,-0.00968454324590784,0.02175856984584942,-0.1837109093136835,0.11000000000000032,2.1640469707065013,1.2755515402412678,1.0,0.19968812941044234,0.0,,0.0,0.0,0.0,0.0,,0.0,0.0,,
2026-02-18,0.04486323211568877,0.008627383661643506,0.031544628304440714,0.023814040960699376,-0.3256424947705616,0.08999999999999986,2.0936526062728245,1.2539398371906496,1.0,1.1016449084784898,0.0,,0.0,0.0,0.0,0.0,,0.0,0.0,,
2026-02-19,0.018842678740702112,0.05555694828972957,0.04476089890424184,0.023305666817860102,-0.5936823620696696,0.009999999999999787,2.0282703952909453,1.2328685504454606,1.0,0.08676294120630212,0.0,,0.0,0.0,0.0,0.0,,0.0,0.0,,
2026-02-20,-0.0006023189460817591,0.0541592741756558,0.03998229518335972,0.022708709958922563,-0.3964235937981231,-0.040000000000000036,1.9672960095340704,1.2123092641232802,1.0,0.0,0.0,,0.0,0.0,0.0,0.0,,0.0,0.0,,
2026-02-23,-0.0012057273502916743,0.05295354682536413,0.0342990230682112,0.02258906474022569,-0.3964235937981231,-0.040000000000000036,1.9102225790494471,1.1922354847807501,1.0,0.0,0.0,,0.0,0.0,0.0,0.0,,0.0,0.0,,
2026-02-24,-0.010307806895145433,0.05159005766487201,0.02145982105491928,0.022070797566735193,-0.1773436670559514,0.009999999999999787,1.8566213385821408,1.172622471779058,0.9453717029912573,-0.05462829700874272,0.0,,0.0,0.0,0.0,0.0,,0.0,0.0,,
2026-02-25,-0.003204886375392846,0.0035219391737904004,0.01653665939822435,0.02196188629766455,0.06245619156399762,0.040000000000000036,1.8061267779065182,1.153447085386064,1.0,0.0,0.0,,0.0,0.0,0.0,0.0,,0.0,0.0,,
2026-02-26,-0.0032151907051272133,-0.018535930272038925,0.01348222822835421,0.020586207117106937,0.2801191521320967,0.0600000000000005,1.7584251072195518,1.1346876504484902,1.0,0.0,0.0,,0.0,0.0,0.0,0.0,,0.0,0.0,,
2026-02-27,0.027378250904053658,0.009444639578096492,0.03949156658720465,0.02146516904273463,0.14356942056092947,0.10999999999999988,1.7132451968460856,1.1163238337665773,1.0,0.0,0.0,,0.0,0.0,0.0,0.0,,0.0,0.0,,
2026-03-02,0.06092299568109816,0.07157336260948632,0.09358835356703388,0.022059742753842638,-0.6168416857795789,-0.019999999999999574,-2.950672823386199,-1.641229526272856,0.8935827481351901,-0.10641725186480988,-0.09068692127598421,,0.0,0.0,0.0,0.0,,0.0,0.0,,
2026-03-03,0.04569009238707267,0.12757126189170442,0.13102136325945057,0.023631465880085082,-1.2614215113148974,-0.019999999999999574,-2.820233262749994,-1.615198024350787,0.5561776437428683,-0.389194059248389,-0.09068692127598421,,0.0,0.0,0.0,0.0,,0.0,0.0,,
2026-03-04,0.0013403031091021589,0.13211645137619943,0.1255413826866354,0.02310269283361394,-1.10512953323878,-0.040000000000000036,-2.7037452448276267,-1.5899863468384445,0.2780888218714321,-0.7219111781285679,-0.09068692127598421,,0.0,0.0,0.0,0.0,,0.0,0.0,,
2026-03-05,0.08162813035596272,0.21695977243728937,0.19482724978983867,0.0270065308184386,-1.4114001027953016,-0.11000000000000032,-2.5988197586199395,-1.56554797306094,-0.9138258024112562,-1.9138258024112562,-0.09068692127598421,,0.0,0.0,0.0,0.0,,0.0,0.0,,
2026-03-06,0.11518739734103267,0.3047689188742684,0.29211799695347285,0.03535523353367394,-1.4162853721239488,-0.18000000000000016,-2.503605078164159,-1.5418399907670264,-0.5429746585735914,-1.5429746585735913,-0.09068692127598421,,0.0,0.0,0.0,0.0,,0.0,0.0,,
2026-03-09,0.04169290229867073,0.28553882549184095,0.314462870184248,0.03572307455610103,-0.714689003682567,-0.07000000000000028,-2.4166406086643524,-1.5188227426603167,-0.7165922840113829,-1.6101750321465729,0.0,,0.0,0.0,0.0,0.0,,0.0,0.0,,
2026-03-10,-0.12720525337425936,0.11264347973050892,0.17395812870288374,0.04830731026395964,0.5932978939850564,-0.09000000000000075,-2.336756581643912,-1.4964595143910975,-1.0,-1.5561776437428683,0.0,,0.0,0.0,0.0,0.0,,0.0,0.0,,
2026-03-11,0.044529910974691944,0.1558330875960987,0.20348309658718922,0.04879991871876933,-0.18308481109929886,-0.1200000000000001,-2.2630035123979044,-1.4747162583772295,-1.0,-1.2780888218714321,0.0,,0.0,0.0,0.0,0.0,,0.0,0.0,,
2026-03-12,0.0927541678757251,0.16695912511586108,0.2751902686843728,0.05063029958670688,-0.21276542361143846,-0.13999999999999968,-2.1946015136138395,-1.4535613486875323,-1.0,-0.08617419758874378,0.0,,0.0,0.0,0.0,0.0,,0.0,0.0,,
2026-03-13,0.03065452947153524,0.08242625724636365,0.28330484366218833,0.050441584103371635,-0.8877656057778349,-0.1299999999999999,-2.1309031790577855,-1.4329653629383616,-1.0,-0.4570253414264086,0.0,,0.0,0.0,0.0,0.0,,0.0,0.0,,
2026-03-16,-0.054224822135155115,-0.013491467187462192,0.20925130814007176,0.053103909830194605,-0.4868840841031785,-0.11000000000000032,-2.07136594137619,-1.4129008877514586,-1.0,-0.4570253414264086,0.0,,0.0,0.0,0.0,0.0,,0.0,0.0,,
2026-03-17,0.028571866078531905,0.14228565226532908,0.21611865164098276,0.052695082034825515,-0.9326555794669344,-0.04999999999999982,-2.0155311716332185,-1.3933423448205198,-1.0,0.0,0.0,,0.0,0.0,0.0,0.0,,0.0,0.0,,
2026-03-18,0.0011426791873372366,0.09889842047797437,0.19774283589711672,0.052590548971425774,-0.5357599433306603,-0.04999999999999982,-1.963008159076536,-1.3688374811248332,-1.0,0.0,0.0,,0.0,0.0,0.0,0.0,,0.0,0.0,,
2026-03-19,-0.0018705190946963768,0.00427373350755289,0.17738948176298752,0.0528080597648598,-0.29835748985793664,0.019999999999999574,-1.9134616786858845,-1.3450599728614467,-1.0,0.0,0.0,,0.0,0.0,0.0,0.0,,0.0,0.0,,
2026-03-20,0.0224220027919646,-0.003958793172017749,0.18017743342861614,0.052620738515696104,0.22903017623958632,-0.10999999999999943,-1.866602233647555,-1.3219696824928144,-1.0,0.0,0.0,,0.0,0.0,0.0,0.0,,0.0,0.0,,
2026-03-23,-0.10941446814620992,-0.059148439183072554,0.05653935119586606,0.05993139397724426,0.1331423765789319,-0.10999999999999943,-1.822178317874092,-1.2995296631888407,-1.0,0.0,0.0,,0.0,0.0,0.0,0.0,,0.0,0.0,,
2026-03-24,0.046772709533679624,-0.040947595727924835,0.0862344208215653,0.060060676086908814,-0.24759498234205868,-0.1899999999999995,-1.784219529919266,-1.2777058652444582,-1.0,0.0,0.0,,0.0,0.0,0.0,0.0,,0.0,0.0,,
2026-03-25,-0.02222678680384238,-0.06431706171910445,0.047881089131164956,0.06054740503815296,-0.1672675847761651,-0.07000000000000028,-1.7485433557580123,-1.2564668785813853,-1.0,0.0,0.0,,0.0,0.0,0.0,0.0,,0.0,0.0,,
2026-03-26,0.045029252047700474,-0.0174172905767076,0.07437157415466444,0.060697118770145726,-0.17373910178215546,-0.16999999999999993,-1.7149297854732564,-1.2357837067953708,-1.0,0.0,0.0,,0.0,0.0,0.0,0.0,,0.0,0.0,,
2026-03-27,0.05317551850487323,0.01333622513620103,0.10771846225529735,0.061167138339417226,-0.5066692607068601,-0.05000000000000071,-1.6831873948089042,-1.2156295689528858,-1.0,0.0,0.0,,0.0,0.0,0.0,0.0,,0.0,0.0,,
2026-03-30,0.031999570095329055,0.15475026337774,0.12133557322567512,0.06048249600117473,-1.1239224560206873,-0.009999999999999787,-1.653148740840336,-1.1959797259688127,-1.0,0.0,0.0,,0.0,0.0,0.0,0.0,,0.0,0.0,,
2026-03-31,-0.014687427445105428,0.09329012639895495,0.09128456264722651,0.06055452195137605,-0.7537698899937162,0.08999999999999986,-1.6246666327664643,-1.1768113289328324,-0.9849893653510572,0.015010634648942811,0.0,,0.0,0.0,0.0,0.0,,0.0,0.0,,
2026-04-01,-0.012506366480629971,0.10301054672216736,0.06410694651273907,0.06080194233494811,0.006992529647498191,-0.0,-4.108617546148792,-0.693399961665599,-0.9359531437490816,0.06404685625091844,0.6698267931692481,,0.0,0.0,0.0,0.0,,0.0,0.0,,
2026-04-02,0.10801380439783426,0.16599509907230114,0.15613021755462242,0.06259117396389338,-0.09469303673923513,0.11000000000000032,-3.8034227110035306,-0.6803107721879113,-0.7540921257930526,0.24590787420694737,0.6698267931692481,,0.0,0.0,0.0,0.0,,0.0,0.0,,
2026-04-03,0.0,0.11281958056742791,0.14589905406572434,0.058123153558725146,0.1891051916241171,0.09000000000000075,-3.5575183991804322,-0.6672905179893416,-0.939114463529694,0.060885536470306034,0.6698267931692481,,0.0,0.0,0.0,0.0,,0.0,0.0,,
2026-04-06,0.007769630512298065,0.08858964098439692,0.14513368467844234,0.05764975799001456,0.7048681165287451,0.009999999999999787,-3.3539003747941245,-0.6543314620833868,-0.9208345943085693,0.07916540569143071,0.6698267931692481,,0.0,0.0,0.0,0.0,,0.0,0.0,,
2026-04-07,0.00479234144030638,0.10806940986980873,0.13479114647843993,0.04804812292269451,0.590738216218456,-0.03000000000000025,-3.18169171213397,-0.6414257966162389,-0.7794668511219657,0.2055225142290915,0.6698267931692481,,0.0,0.0,0.0,0.0,,0.0,0.0,,
2026-04-08,-0.17929824316958687,-0.05872246681914817,-0.0484505686242418,0.06419503155908626,0.88261885217924,0.040000000000000036,-3.033568133468177,-0.6285656090610574,-0.4836878533954052,0.45226529035367635,0.0,,0.0,0.0,0.0,0.0,,0.0,0.0,,
2026-04-09,0.035993067693302905,-0.13074320352367952,-0.013562917854911483,0.06124918268432218,1.3304233089632578,0.019999999999999574,-2.9043930475329085,-0.6157428457325216,-0.06397499387683364,0.6901171319162189,0.0,,0.0,0.0,0.0,0.0,,0.0,0.0,,
2026-04-10,-0.01337193345890153,-0.14411513698258105,-0.025838945091265053,0.06092156836989315,1.4929158395942221,0.040000000000000036,-2.7904432850368317,-0.602949272042767,-0.25285375351911815,0.6862607100105758,0.0,,0.0,0.0,0.0,0.0,,0.0,0.0,,
2026-04-13,0.025659470642332316,-0.1262252968525468,-0.003077782865258172,0.05986449867642264,1.194550868469868,0.040000000000000036,-2.6889454017659298,-0.5901764288162076,-0.31622628746385917,0.6046083068447101,0.0,,0.0,0.0,0.0,0.0,,0.0,0.0,,
2026-04-14,-0.08199589906733884,-0.21301353736019202,-0.08244360209162949,0.06241964906585528,1.6305684840425494,0.07000000000000028,-2.5977853085390445,-0.5774155838514029,-0.2515734640646867,0.527893387057279,0.0,,0.0,0.0,0.0,0.0,,0.0,0.0,,
2026-04-15,0.0001095470231691209,-0.03360574716743603,-0.07965231861928412,0.062416789946443965,0.5856730578634561,-0.0,-2.515319520788655,-0.5646576777560784,-0.0,0.4836878533954052,0.0,,0.0,0.0,0.0,0.0,,0.0,0.0,,
2026-04-16,0.03656714541841932,-0.03303166944231961,-0.04232531997734501,0.06303182221734918,0.4526500465097505,-0.03000000000000025,-2.4402485069632895,-0.5518932628773938,0.031068453245909695,0.09504344712274333,0.0,,0.0,0.0,0.0,0.0,,0.0,0.0,,
2026-04-17,-0.12157890972619079,-0.14123864570960887,-0.15594433085410753,0.06825271710586077,0.6526428797393846,0.04999999999999982,-2.371529350519654,-0.5391124338913335,0.5274702308948738,0.780323984413992,0.0,,0.0,0.0,0.0,0.0,,0.0,0.0,,
2026-04-20,0.06643743262690993,-0.10046068372503125,-0.09033959441642558,0.06577712496463428,0.6338262532817551,0.040000000000000036,-2.297228504347651,-0.5322107958385605,0.34127968869368186,0.657505976157541,0.0,,0.0,0.0,0.0,0.0,,0.0,0.0,,
2026-04-21,0.0,-0.018464784657692412,-0.0888336551289699,0.06488321388733688,-0.0633670192407676,-0.040000000000000036,-2.2282180555112574,-0.5253447000446303,0.37155337073171957,0.6231268347964063,0.0,,0.0,0.0,0.0,0.0,,0.0,0.0,,
2026-04-22,0.036702372207472855,0.018128040526611322,-0.053571801584606504,0.06522983120396411,-0.20116202540840789,-0.009999999999999787,-2.163865731648836,-0.5185131244238013,0.15415574756285266,0.15415574756285266,0.0,,0.0,0.0,0.0,0.0,,0.0,0.0,,
2026-04-23,0.030615176388052667,0.012176071496244667,-0.023676440076680905,0.06480110517068195,-0.2989989996755815,-0.019999999999999574,-2.103640318184716,-0.5117150653798406,0.39856596754740997,0.3674975143015003,0.0,,0.0,0.0,0.0,0.0,,0.0,0.0,,
2026-04-24,-0.01524339634019789,0.11851158488223756,-0.03621870555475226,0.06368245535044317,-0.55039189698467,-0.04999999999999982,-2.047091755497368,-0.5049495370395137,0.30690499480917666,-0.22056523608569711,0.0,,0.0,0.0,0.0,0.0,,0.0,0.0,,
2026-04-27,0.020653876711740793,0.07272802896706843,-0.012296413311705834,0.0634070097252585,-0.26083117524573485,-0.08999999999999986,-1.9938358292620926,-0.4982155705109944,0.12251297987634073,-0.21876670881734112,0.0,,0.0,0.0,0.0,0.0,,0.0,0.0,,
2026-04-28,0.0362749910105018,0.10900301997757023,0.024698872307320485,0.063945683170535,-0.2858998033488991,-0.0600000000000005,-1.9435422511122438,-0.4915122131658549,-0.15206009188787303,-0.5236134626195926,0.0,,0.0,0.0,0.0,0.0,,0.0,0.0,,
2026-04-29,0.06723676891463715,0.13953741668473452,0.08866877906072013,0.06563586156217288,-0.4191385526524316,-0.1200000000000001,-1.8959252762520278,-0.4848385279433707,-0.3290255963808436,-0.4831813439436963,0.0,,0.0,0.0,0.0,0.0,,0.0,0.0,,
2026-04-30,-0.01707991508765172,0.09184232520903013,0.07457668778610493,0.06091966566973315,0.037484574465840304,-0.0600000000000005,-1.8507362433292365,-0.4781935926759233,-0.2692604940636374,-0.6678264616110474,0.0,,0.0,0.0,0.0,0.0,,0.0,0.0,,
2026-05-01,-0.030242389788788238,0.07684333176043978,0.04883424129979197,0.0612162095016771,0.28367026195701417,-0.08000000000000007,-2.503083459054123,0.14118221335797618,-0.11946253147995567,-0.4263675262891323,0.15325555203637986,,0.0,0.0,0.0,0.0,,0.0,0.0,,
2026-05-04,0.043009124256327524,0.09919857930502651,0.09458133417139347,0.06208887508286437,-0.23670176421266564,-0.10000000000000053,-2.4183302044315242,0.1423977830682669,-0.3261492384940084,-0.44866221837034914,0.15325555203637986,,0.0,0.0,0.0,0.0,,0.0,0.0,,
2026-05-05,-0.03977715435030138,0.023146433944223332,0.05977062322589699,0.06260209071869574,0.12713466255007688,-0.0699999999999994,-2.340204343278376,0.14361417869899576,-0.35660922057726485,-0.20454912868939182,0.15325555203637986,,0.0,0.0,0.0,0.0,,0.0,0.0,,
2026-05-06,-0.07289773232592811,-0.11698806729634192,-0.013480691237409914,0.050324444021062405,0.8390604336782848,0.05999999999999961,-2.2678449958141718,0.1448314064033666,-0.23823924757083378,0.09078634881000983,0.15325555203637986,,0.0,0.0,0.0,0.0,,0.0,0.0,,
2026-05-07,-0.0028437535621259613,-0.10275190577081617,-0.014736185874142826,0.04962123842043471,0.5556538665722921,-0.009999999999999787,-2.2005402989741922,0.14604947235478283,-0.4188378258243729,-0.1495773317607355,0.15325555203637986,,0.0,0.0,0.0,0.0,,0.0,0.0,,
2026-05-08,0.006413311158093293,-0.06609620482393463,-0.007723878021505648,0.04957114827685687,0.2984983858788537,0.009999999999999787,-2.137695745119251,0.14726838274702347,-0.27523531447029115,-0.15577278299033548,0.0,,0.0,0.0,0.0,0.0,,0.0,0.0,,
2026-05-11,0.02739330931626771,-0.08171201976399445,0.020181736055608468,0.049620978090940446,0.648172459992058,0.03000000000000025,-2.078810377253738,0.14848814379442138,-0.5160521320158716,-0.18990289352186324,0.0,,0.0,0.0,0.0,0.0,,0.0,0.0,,
2026-05-12,0.04105445449842371,-0.0008804109152693584,0.055595977636589744,0.0465175336076909,0.08168894636434443,-0.03000000000000025,-2.0234586352552792,0.14970876173204176,-0.7331051491526351,-0.3764959285753703,0.0,,0.0,0.0,0.0,0.0,,0.0,0.0,,
2026-05-13,-0.011417446862745706,0.060599874547913046,0.03911466755069881,0.046660853444070026,-0.3179557351424389,-0.09999999999999964,-1.9712763326166514,0.15093024281586218,-0.6756007689276851,-0.43736152135685125,0.0,,0.0,0.0,0.0,0.0,,0.0,0.0,,
2026-05-14,0.0014837531778928437,0.06492738128793185,0.03728872711747222,0.0460699055879424,-0.5575723064512372,-0.05999999999999961,-1.9219496966221374,0.15215259332295425,-0.6790805467905747,-0.2602427209662018,0.0,,0.0,0.0,0.0,0.0,,0.0,0.0,,
2026-05-15,0.041150101209261436,0.0996641713391,0.06699268416884241,0.03615535519074125,-1.053294159906204,-0.20999999999999996,-1.8752067108908237,0.1533758195516658,-1.0,-0.7247646855297089,0.0,,0.0,0.0,0.0,0.0,,0.0,0.0,,
2026-05-18,0.030271369696316164,0.10254223171914845,0.08762621285379524,0.034106591872585634,-0.8480706646495362,-0.1900000000000004,-1.8308231722019548,0.15805188881957147,-1.0,-0.48394786798412837,0.0,,0.0,0.0,0.0,0.0,,0.0,0.0,,
2026-05-19,0.0,0.06148777722072474,0.0779883718424319,0.034106591872585634,-0.7822901391956627,-0.20999999999999996,-1.7885772780694926,0.1627490807024406,-1.0,-0.26689485084736486,0.0,,0.0,0.0,0.0,0.0,,0.0,0.0,,
2026-05-20,-0.1006067143828746,-0.027701490299404163,-0.0253907292222868,0.04140977284619338,-0.5813104511803058,-0.11000000000000032,-1.7482860617046085,0.16746786085692472,-0.7848703084403221,-0.10926953951263707,0.0,,0.0,0.0,0.0,0.0,,0.0,0.0,,
2026-05-21,-0.019629631880127008,-0.048814875357424015,-0.04528050737084932,0.041155046320638995,-0.5893674538382188,-0.10000000000000053,-1.709787628116909,0.17220870438972552,-0.8036378509704938,-0.12455730417991906,0.0,,0.0,0.0,0.0,0.0,,0.0,0.0,,
2026-05-22,0.002591346358096658,-0.08737363020858879,-0.04384104441610415,0.04099434471492089,-0.0036048875568406302,0.03000000000000025,-1.6729381178649383,0.17697209615949258,-1.0,0.0,0.0,,0.0,0.0,0.0,0.0,,0.0,0.0,,
2026-05-25,0.0,-0.11764499990490496,-0.04396023398386806,0.040736547430585635,-0.0036048875568406302,0.03000000000000025,-1.6376091891121292,0.1817585310897424,-1.0,0.0,0.0,,0.0,0.0,0.0,0.0,,0.0,0.0,,
2026-05-26,-0.02845485694801564,-0.1460998568529206,-0.06929778810172138,0.04028163753675345,0.2355777682899185,0.16999999999999993,-1.6036859164875032,0.1865685144932978,-0.6053691840718848,0.3946308159281152,0.0,,0.0,0.0,0.0,0.0,,0.0,0.0,,
2026-05-27,-0.057089499522345655,-0.10258264199239164,-0.11705367137205691,0.0384023352385732,-0.017203413157163006,0.08999999999999986,-1.5710650275216897,0.19140256240876663,-0.2930880102449696,0.4917822981953525,0.0,,0.0,0.0,0.0,0.0,,0.0,0.0,,
2026-05-28,0.0024777577717483013,-0.08047525234051633,-0.10622018099126596,0.03844368811790879,0.28248540240766173,0.1200000000000001,-1.53965341431768,0.19626120194961177,-0.41376958566025407,0.3898682653102397,0.0,,0.0,0.0,0.0,0.0,,0.0,0.0,,
2026-05-29,-0.017474630523263812,-0.1005412292218768,-0.11597746686876498,0.03816612146012199,0.3424519728922215,0.10999999999999943,-1.5093668710360229,0.20114497166639012,-0.3896796733068655,0.6103203266931345,0.0,,0.0,0.0,0.0,0.0,,0.0,0.0,,
2026-06-01,0.053488684950986354,-0.04705254427089045,-0.05529541530674731,0.03896281362839019,0.3424519728922215,0.10999999999999943,-0.5903815982420779,0.4602458820793967,-0.40136985704485095,0.6103203266931345,-0.2403928015558776,,0.0,0.0,0.0,0.0,,0.0,0.0,,
2026-06-02,0.01721212888112067,-0.0013855584417541422,-0.03373938397616527,0.038536006496720815,0.11219304252091389,0.040000000000000036,-0.5804069902837748,0.46324400741720506,-0.49759642566872525,0.10777275840315953,-0.2403928015558776,,0.0,0.0,0.0,0.0,,0.0,0.0,,
2026-06-03,0.023818177274091745,0.07952211835468326,-0.01041309973261395,0.03542317775480895,-0.1694034966425617,-0.009999999999999787,-0.5704869468816106,0.46625421335838896,-0.8785983016445664,-0.5855102913995969,-0.2403928015558776,,0.0,0.0,0.0,0.0,,0.0,0.0,,
2026-06-04,-0.03152699489238486,0.04551736569055009,-0.04099782558902554,0.036138749542704525,-0.2769848057409874,-0.019999999999999574,-0.5606185087828472,0.46927663581854134,-0.5397782137972815,-0.12600862813702746,-0.2403928015558776,,0.0,0.0,0.0,0.0,,0.0,0.0,,
2026-06-05,-0.02723776620259688,0.035754230011217025,-0.0656107688876153,0.0365591834618652,-1.013473443008528,-0.09999999999999964,-0.5507987582145731,0.4723114126230167,-1.0,-0.6103203266931345,-0.2403928015558776,,0.0,0.0,0.0,0.0,,0.0,0.0,,
2026-06-08,0.00835904559311107,-0.009375409346658259,-0.05367518720433839,0.035979779378190496,-0.7289873813937531,-0.08999999999999986,-0.5410248145474809,0.4753586835433453,-0.7977632440344438,-0.3963933869895928,0.0,,0.0,0.0,0.0,0.0,,0.0,0.0,,
2026-06-09,-0.03454382458817751,-0.061131362815956436,-0.0808625617480212,0.03500198385649741,-0.7777485615684032,-0.07000000000000028,-0.5312938300355822,0.4784185903344919,-0.5185027162477023,-0.020906290578977027,0.0,,0.0,0.0,0.0,0.0,,0.0,0.0,,
2026-06-10,0.020535985107639654,-0.06441355498240853,-0.05456779819440527,0.035532108353419335,-0.44276993386092034,-0.05999999999999961,-0.5216029856170313,0.48149127677298226,-0.5903642291086334,0.28823407253593303,0.0,,0.0,0.0,0.0,0.0,,0.0,0.0,,
2026-06-11,-0.026107030157095146,-0.05899359024711881,-0.07353651073877554,0.03577092194114326,-0.6332862774010017,0.019999999999999574,-0.5119494867613906,0.4845768886959228,-0.19663077314942418,0.34314744064785735,0.0,,0.0,0.0,0.0,0.0,,0.0,0.0,,
2026-06-12,-0.032797423657562774,-0.0645532477020847,-0.09549824054027134,0.03430883328245614,0.4795012786978359,0.0699999999999994,-0.5023305593488141,0.48767557404093653,-0.0,1.0,0.0,,0.0,0.0,0.0,0.0,,0.0,0.0,,
2026-06-15,-0.049880532202961625,-0.1227928254981574,-0.13053548379220192,0.033933617194066894,0.5983304730326489,0.08999999999999986,-0.4927434455666082,0.4907874828870427,-0.0,0.7977632440344438,0.0,,0.0,0.0,0.0,0.0,,0.0,0.0,,
2026-06-16,-0.059966943397464334,-0.14821594430744423,-0.1726607910687621,0.03517949192527675,0.5882710898561738,0.10000000000000053,-0.4831853998085209,0.49391276749650465,0.3060906702719175,0.8245933865196198,0.0,,0.0,0.0,0.0,0.0,,0.0,0.0,,
2026-06-17,0.009683404637151227,-0.15906852477793265,-0.15065025626170847,0.029747808907938683,0.43890007288592825,0.05999999999999961,-0.4736536845619929,0.49705158235767716,-0.5936030812697142,-0.003238852161080774,0.0,,0.0,0.0,0.0,0.0,,0.0,0.0,,
2026-06-18,-0.0024773465959073704,-0.13543884121674488,-0.1416580869519244,0.029773435901597915,-0.23177324850520709,-0.009999999999999787,-0.46273769464284464,0.4865929094845485,-0.3963796907339121,-0.19974891758448793,0.0,,0.0,0.0,0.0,0.0,,0.0,0.0,,
2026-06-19,0.0,-0.1026414175591821,-0.13005900372832802,0.02971460602753161,-0.23177324850520709,-0.009999999999999787,-0.45182024506700275,0.476151574461392,-0.3963796907339121,-0.19974891758448793,0.0,,0.0,0.0,0.0,0.0,,0.0,0.0,,
2026-06-22,-0.02351184782654503,-0.0762727331827655,-0.14079617593994964,0.02969665344915357,-1.0312967771242354,-0.040000000000000036,-0.4408964124941681,0.46572371052898376,-0.3963796907339121,-0.19974891758448793,0.0,,0.0,0.0,0.0,0.0,,0.0,0.0,,
2026-06-23,-0.021753205261449082,-0.038058995046750255,-0.15010978817080378,0.029547850217207315,-1.5086871939357316,-0.07000000000000028,-0.4299611518901905,0.45530540863467406,-0.5162554300975809,-0.8223461003694984,0.0,,0.0,0.0,0.0,0.0,,0.0,0.0,,
2026-06-24,-0.03999139661271478,-0.08773379629661626,-0.17851649689840432,0.0284135846600679,-1.696079392162142,0.08000000000000007,-0.41900928019551237,0.44489270851143997,-0.37827841887668295,0.21532466239303122,0.0,,0.0,0.0,0.0,0.0,,0.0,0.0,,
2026-06-25,0.022213763117528096,-0.0630426865831808,-0.1457048461630519,0.02925784778971584,-0.5482749398234787,0.05999999999999961,-0.40803545873049174,0.4344815893294825,-0.3457796727337206,0.05060001800019148,0.0,,0.0,0.0,0.0,0.0,,0.0,0.0,,
2026-06-26,-0.038120095473430204,-0.101162782056611,-0.17219478077114925,0.029871022800266375,-0.5482749398234787,0.05999999999999961,-0.39703417416525966,0.42406795985903184,-0.3118925682947521,0.05060001800019148,0.0,,0.0,0.0,0.0,0.0,,0.0,0.0,,
2026-06-29,0.021718241833412755,-0.055932692396653216,-0.13725785591652429,0.026925302020356076,-0.33696596245591515,0.1299999999999999,-0.3859997178587224,0.4136476480770193,-0.17329983971581003,0.05060001800019148,0.0,,0.0,0.0,0.0,0.0,,0.0,0.0,,
2026-06-30,-0.017825783952600815,-0.05200527108780495,-0.14011306120622802,0.02596381509152399,0.10771945360462665,0.05999999999999961,-0.37492616334432877,0.40321639014334476,-0.31200706359955555,0.20424836649802536,0.0,,0.0,0.0,0.0,0.0,,0.0,0.0,,
2026-07-01,-0.01332580553597218,-0.02533968001106235,-0.1366110889387997,0.02431961316626662,0.21950054360360127,-0.07000000000000028,-0.03628680292278299,0.4406055469014631,-0.312196881806134,0.06608153707054898,-0.20978348716595985,,0.0,0.0,0.0,0.0,,0.0,0.0,,
2026-07-02,0.0016026811910165861,-0.04595076193757386,-0.11983711374855144,0.024393877759136724,0.30209184352021357,-0.08999999999999986,-0.025967041196651146,0.4298624915733529,-0.314915500437826,0.03086417229589461,-0.20978348716595985,,0.0,0.0,0.0,0.0,,0.0,0.0,,
2026-07-03,0.0,-0.007830666464143654,-0.10602770805945028,0.024445038012498605,0.30209184352021357,-0.08999999999999986,-0.015517091063854365,0.41910768758221395,-0.314915500437826,0.03086417229589461,-0.20978348716595985,,0.0,0.0,0.0,0.0,,0.0,0.0,,
2026-07-06,-0.00204022221746758,-0.03158913051502399,-0.09373856119728785,0.024056188605238015,0.0971455736756166,-0.10000000000000053,-0.00492948750619447,0.40833624808287156,0.07133206514951466,0.2446319048653247,-0.20978348716595985,,0.0,0.0,0.0,0.0,,0.0,0.0,,
2026-07-07,0.027197877619681954,0.01343453105725878,-0.05529839960836824,0.025257192942487905,0.09121371298527192,-0.10999999999999943,0.005803700887016838,0.3975431446793197,-0.2165038780998874,0.09550318549966816,-0.20978348716595985,,0.0,0.0,0.0,0.0,,0.0,0.0,,
2026-07-08,0.04279619441942639,0.06955653101265735,-0.0023729316852945104,0.027150761379705644,0.012216714611767987,-0.07999999999999918,0.016690914392391884,0.3867231905226081,-0.2920143031963694,0.02018257860976458,0.0,,0.0,0.0,0.0,0.0,,0.0,0.0,,
2026-07-09,-0.01978086474734919,0.048172985074291574,-0.01234083119948437,0.026991203746362814,-0.0520340508177064,-0.04999999999999982,0.027741149362401046,0.3758710220169242,-0.40890238212002267,-0.09398688168219665,0.0,,0.0,0.0,0.0,0.0,,0.0,0.0,,
2026-07-10,-0.009338697739063484,0.03883428733522809,-0.013039500001311488,0.026443983022093526,-0.0520340508177064,-0.04999999999999982,0.03896401081711513,0.3649810789496559,-0.4616463018287142,-0.09398688168219665,0.0,,0.0,0.0,0.0,0.0,,0.0,0.0,,
2026-07-13,0.09006417406590561,0.13093868361860128,0.07866746768838606,0.03272606804467042,0.07754375801712898,-0.13999999999999968,0.050369771166785496,0.3540475828360181,-0.751067415647962,-0.8223994807974766,0.0,,0.0,0.0,0.0,0.0,,0.0,0.0,,
2026-07-14,0.015240325459259907,0.11898113145817923,0.09179022332860143,0.029867639293468338,0.2828302894106183,-0.03000000000000025,0.061969435937371996,0.34306451323935916,-0.5293734231402693,-0.3128695450403819,0.0,,0.0,0.0,0.0,0.0,,0.0,0.0,,
2026-07-15,0.003271677764153047,0.07945661480290589,0.09326491761736033,0.029816523376449938,0.6785232810509689,0.009999999999999787,0.07377481751770608,0.33202558179376007,0.2961116045964627,0.588125907792832,0.0,,0.0,0.0,0.0,0.0,,0.0,0.0,,
2026-07-16,-0.0081993521486865,0.09103812740156858,0.08355468227091922,0.029887064637153873,0.3494737190794406,-0.03000000000000025,0.08579861812218299,0.32092420361499274,0.13035575479176717,0.5392581369117898,0.0,,0.0,0.0,0.0,0.0,,0.0,0.0,,
2026-07-17,0.04386233317098931,0.14423915831162137,0.12371301558560255,0.031344153616802706,-0.02232279929563763,0.009999999999999787,0.09805452337312337,0.30975346573817303,0.13035575479176717,0.5392581369117898,0.0,,0.0,0.0,0.0,0.0,,0.0,0.0,,
2026-07-20,0.008930785885363335,0.0631057701310791,0.12731766992906657,0.03069429404895454,0.16663726496236597,0.020000000000000462,0.11374325102581472,0.32669668754601916,0.1437441943464919,0.8948116099944539,0.0,,0.0,0.0,0.0,0.0,,0.0,0.0,,
2026-07-21,0.019984012253268624,0.06784945692508781,0.1398886897646996,0.030170670033429877,-0.0872396092727934,-0.04999999999999982,0.1299265616790123,0.34423635762559035,-0.48868838013895693,0.040685043001312315,0.0,,0.0,0.0,0.0,0.0,,0.0,0.0,,
2026-07-22,0.0,0.06457777916093477,0.13047612751642745,0.028119040226702433,-0.22010027529157927,-0.1200000000000001,0.14664920960702071,0.3624235164551822,-0.9585428539683349,-1.2546544585647976,0.0,,0.0,0.0,0.0,0.0,,0.0,0.0,,
2026-07-23,0.08225979279923123,0.1550369241088525,0.20032105658330135,0.03243252105150507,-0.4790951625100792,-0.13999999999999968,0.1639616062180394,0.381315463973324,-1.0,-1.130355754791767,0.0,,0.0,0.0,0.0,0.0,,0.0,0.0,,
2026-07-24,-0.03173820111470871,0.07943638982315449,0.1558488970183003,0.031936758740433446,-0.14850889601474293,-0.14000000000000057,0.18192080058276608,0.4009767990038825,-1.0,-1.130355754791767,0.0,,0.0,0.0,0.0,0.0,,0.0,0.0,,
2026-07-27,-0.07798272512138027,-0.007477121183589119,0.07011726179436639,0.03771845828168516,-0.19396035012415602,-0.05000000000000071,0.20059167723982135,0.42148067874617046,-0.9671247244071088,-1.1108689187536007,0.0,,0.0,0.0,0.0,0.0,,0.0,0.0,,
2026-07-28,-0.04139715081212536,-0.0688582842489831,0.022149769222664872,0.038909104379330116,-0.03881308266273642,0.019999999999999574,0.220048430850304,0.442910355780621,-0.5580529309989404,-0.06936455085998344,0.0,,0.0,0.0,0.0,0.0,,0.0,0.0,,
2026-07-29,0.06354446174350858,-0.005313822505474519,0.07528037584262126,0.040600227792715125,-0.1788119455668591,-0.0,0.2403763970056973,0.4653610681058258,-0.2426035907447548,0.7159392632235801,0.0,,0.0,0.0,0.0,0.0,,0.0,0.0,,
2026-07-30,-0.010354153794732923,-0.09792776909943868,0.05511020867362504,0.04082421659596017,1.0191261915100447,0.03000000000000025,0.2616743459897809,0.48894238251690264,-0.4487938703103396,0.5512061296896604,0.0,,0.0,0.0,0.0,0.0,,0.0,0.0,,
2026-07-31,0.012837451943121359,-0.05335211604160861,0.05748977464532601,0.040762632214892715,0.834310188426024,-0.05999999999999961,0.28405738514250084,0.5137811260908342,-0.4487938703103396,0.5512061296896604,0.0,,0.0,0.0,0.0,0.0,,0.0,0.0,,
2026-08-03,-0.05249371872305009,-0.027863109643278428,-0.0029391552238644536,0.04307256763848859,0.8932393505550418,-0.04999999999999982,0.30766067118354273,-0.613323995565452,-0.6298540523769809,0.33727067203012795,0.0,,0.0,0.0,0.0,0.0,,0.0,0.0,,
2026-08-04,-0.0585651929878539,-0.045031151819006965,-0.06515140582748202,0.04526713911692126,0.8514010812047612,-0.019999999999999574,0.33264421505939085,-0.6020262482701367,-0.05338748866703407,0.5046654423319064,0.0,,0.0,0.0,0.0,0.0,,0.0,0.0,,
2026-08-05,-0.007285282901091428,-0.11586089646360698,-0.07357967247831176,0.044363698549577356,1.1599546979365716,0.040000000000000036,0.35919918238226056,-0.5909254781546006,0.16464576853100682,0.4072493592757616,0.0,,0.0,0.0,0.0,0.0,,0.0,0.0,,
2026-08-06,0.02714742807658954,-0.07835931459228451,-0.04992164279265676,0.0444397449459783,0.1370374672133523,-0.010000000000000675,0.35919918238226056,-0.580050433312964,-0.5006918165524706,-0.05189794624213101,0.0,,0.0,0.0,0.0,0.0,,0.0,0.0,,
2026-08-07,0.011449279246028787,-0.07974748728937708,-0.04300116078681704,0.04436696277990655,0.533401724595961,0.09999999999999964,0.35919918238226056,-0.5694399063180919,0.11158556171219253,-0.05189794624213101,0.0,,0.0,0.0,0.0,0.0,,0.0,0.0,,
2026-08-10,0.04928949738729216,0.02203572882096516,0.0037982731942163284,0.04104183437984375,0.48155688912912,-0.019999999999999574,0.35919918238226056,-0.5591464820631107,0.05569120518077941,0.6855452575577603,0.0,,0.0,0.0,0.0,0.0,,0.0,0.0,,
2026-08-11,0.012943990075061862,0.09354491188388092,0.014367016632228058,0.041007485169465445,0.3500903445467607,-0.07000000000000028,,-0.5492420706855827,-0.22200509052682504,-0.16861760185979097,,,0.0,0.0,0.0,0.0,,0.0,0.0,,
2026-08-12,0.000840992420564568,0.10167118720553692,0.012954296682924138,0.04100829049314157,0.22632071370596307,-0.04999999999999982,,-0.5398262908224677,-0.39409814957568334,-0.5587439181066902,,,0.0,0.0,0.0,0.0,,0.0,0.0,,
2026-08-13,-0.024557519037880837,0.04996624009106654,-0.013039026380366359,0.041389112466673456,0.2731959237327386,0.0600000000000005,,-0.5310395620205459,0.056724000150410035,0.5574158167028807,,,0.0,0.0,0.0,0.0,,0.0,0.0,,
2026-08-14,0.014054615705579643,0.052571576550617394,0.0010701711730733976,0.04030339741239919,0.13614423730250458,-0.02999999999999936,,-0.5230842940407477,0.056791821701195074,-0.05479374001099745,,,0.0,0.0,0.0,0.0,,0.0,0.0,,
2026-08-17,0.02516609744770193,0.028448176611027165,0.02547908489051931,0.040655859667267216,0.2557952697603394,-0.0,,-0.5374662786389158,0.1145011588539998,0.05880995367322038,,,0.0,0.0,0.0,0.0,,0.0,0.0,,
2026-08-18,0.00519359052199686,0.020697777057962163,0.030655012768822765,0.04042156311062921,0.16437459619564887,-0.009999999999999787,,-0.5522415035025836,0.4120567839816273,0.6340618745084523,,,0.0,0.0,0.0,0.0,,0.0,0.0,,
2026-08-19,0.01042347084500328,0.030280255482400875,0.04053964742788363,0.0404884652950076,0.6590948967367671,0.02999999999999936,,-0.5674339583629189,0.7316784185521321,1.1257765681278156,,,0.0,0.0,0.0,0.0,,0.0,0.0,,
2026-08-20,0.023034532198897395,0.07787230671917911,0.06599660647085503,0.0361279601822052,0.7803008437317405,-0.0600000000000005,,-0.5830697166192199,1.0,0.94327599984959,,,0.0,0.0,0.0,0.0,,0.0,0.0,,
2026-08-21,-0.008805591804874169,0.055012099208725296,0.058466811044562306,0.03550714944831547,0.7064593937232799,-0.0600000000000005,,-0.5991771767995598,0.6040964228081137,0.5473046011069186,,,0.0,0.0,0.0,0.0,,0.0,0.0,,
2026-08-24,-0.023828639494883674,0.006017362266139692,0.03320626364693702,0.031146884733070892,0.41619674449138166,0.019999999999999574,,-0.615787339242213,0.47997643464118855,0.36547527578718875,,,0.0,0.0,0.0,0.0,,0.0,0.0,,
2026-08-25,-0.031669014469679624,-0.030845242725536792,-0.00038106554260863845,0.0305123366789631,0.634375806311982,0.07000000000000028,,-0.6329341242491313,0.635604493627601,0.22354770964597365,,,0.0,0.0,0.0,0.0,,0.0,0.0,,
2026-08-26,-0.0015796831767840303,-0.0428483967473241,-0.000622856193242427,0.026844040191566974,-0.09574691040861172,-0.009999999999999787,,-0.6506547392807053,0.216016171631197,-0.5156622469209351,,,0.0,0.0,0.0,0.0,,0.0,0.0,,
2026-08-27,0.01568564978501108,-0.05019727916121042,0.015098695938931428,0.027014666425320796,-0.08752287433575479,0.020000000000000462,,-0.6689901044033547,0.2236714563709912,-0.7763285436290088,,,0.0,0.0,0.0,0.0,,0.0,0.0,,
2026-08-28,-0.0015575394031142054,-0.042949226759450454,0.014296808450291465,0.02684485952871239,-0.5802843910190258,0.009999999999999787,,-0.6879853472600796,-0.42906568679610246,-1.0331621096042163,,,0.0,0.0,0.0,0.0,,0.0,0.0,,
2026-08-31,0.02790438795779071,0.008783800693223931,0.03893694298851358,0.024616704565575482,-0.5802843910190258,-0.04999999999999982,,-0.7076903814305494,-0.6217274246259248,-1.1017038592671133,,,0.0,0.0,0.0,0.0,,0.0,0.0,,
2026-09-01,0.05069843465775836,0.09115124982066192,0.0809079428444246,0.022176154595329355,-0.5802843910190258,-0.15000000000000036,,-0.7281605853438395,-1.0,-1.6356044936276009,,,0.0,0.0,0.0,0.0,,0.0,0.0,,
2026-09-02,0.008718258609014207,0.10144919160646015,0.0800985895760844,0.021854352943507113,-0.5802843910190258,-0.1299999999999999,,-0.7494576031215011,-1.0,-1.216016171631197,,10.863164057185797,0.08,0.0,0.0,0.2,,0.0,0.0,,
2026-09-03,0.0031813970116587598,0.08894493883310783,0.07495067626363561,0.021491418234635736,,-0.09999999999999964,,-0.7716502941569067,-0.5691769241437572,-0.7928483805147484,,10.66709436065846,0.4159999999999999,0.0,0.0,0.4,,0.0,0.64,,
2026-09-04,0.0019695815536575623,0.0924720597898796,0.0690649323778052,0.02152349855088329,,-0.09999999999999964,,-0.7948158652833512,-0.5691769241437572,-0.7928483805147484,,10.010894556278807,1.008,0.36,0.32,1.0,,0.2,0.64,,
