,ret_1d,ret_5d,ma_gap,vol_20,dxy_chg_5d_dir,us10y_chg_5d_dir,cpi_surprise_dir,nfp_surprise_dir,fed_exp_level,fed_exp_chg,demand_chg_5d,gpr_level_z,gpr_chg_5d,ev_supply_5d,ev_geo_5d,ev_demand_5d,ev_cpi_5d,ev_jobs_5d,ev_fed_5d,ev_view_5d,inst_bias
2023-09-01,,,,,,,,,,,,,,0.0,0.0,0.0,,,,,
2023-09-04,0.0,,,,,,,,,,,,,0.0,0.0,0.0,,,,,
2023-09-05,0.014164871690430125,,,,,,,,,,,,,0.0,0.0,0.0,,,,,
2023-09-06,0.009294920324641076,,,,,,,,,,,,,0.0,0.0,0.0,,,,,
2023-09-07,-0.007797310460031959,,0.005005052502931484,,,,,,,,,,,0.0,0.0,0.0,,,,,
2023-09-08,0.0073403242759111365,0.02300280583095038,0.010287813982368554,0.008600751849608087,-0.9841916544522711,-0.08000000000000007,,,,,0.0,,0.0,0.0,0.0,0.0,,,,,
2023-09-11,-0.0024026097021838666,0.020600196128766513,0.006758746525872716,0.008206851584993062,-0.9841916544522711,-0.08000000000000007,,,,,0.0,,0.0,0.0,0.0,0.0,,,,,
2023-09-12,0.017824164904827633,0.02425948934316402,0.021510047501863028,0.009258078850185559,0.11792365431569918,-0.0,,,,,0.0,,0.0,0.0,0.0,0.0,,,,,
2023-09-13,-0.003155643326443247,0.011808925692079697,0.016315025933706373,0.009099950638675655,0.6664637133401818,0.04999999999999982,,,,,0.0,,0.0,0.0,0.0,0.0,,,,,
2023-09-14,0.017234088144377324,0.03684032429648898,0.03019420267027506,0.0095254926108285,0.584898419716473,-0.020000000000000462,,,,,0.0,,0.0,0.0,0.0,0.0,,,,,
2023-09-15,0.007736554945804386,0.03723655496638223,0.03448250692370891,0.009000858200707356,0.6137887205559855,-0.07000000000000028,,,,,0.0,,0.0,0.0,0.0,0.0,,,,,
2023-09-18,0.007021422154150692,0.04666058682271679,0.038045268321370784,0.008544258663124407,0.11933547939403377,-0.03000000000000025,,,,,0.0,,0.0,0.0,0.0,0.0,,,,,
2023-09-19,-0.0033948452907894833,0.02544157662709967,0.031985005874383354,0.008596709755969434,0.10454171074100183,-0.10000000000000053,,,,,0.0,,0.0,0.0,0.0,0.0,,,,,
2023-09-20,-0.0217351647915196,0.006862055162023317,0.009517709576944533,0.011138227002387101,0.07442904004711925,-0.09999999999999964,,,,,0.0,,0.0,0.0,0.0,0.0,,,,,
2023-09-21,0.004027752144589947,-0.00634428083776406,0.012642430940098315,0.01070332883365586,-0.2584141307082177,-0.20000000000000018,,,,,0.0,,0.0,0.0,0.0,0.0,,,,,
2023-09-22,0.0049008785997113335,-0.009179957183857113,0.016446852693571934,0.010322295719056398,-0.27359961715855974,-0.11000000000000032,,,,,0.0,,0.0,0.0,0.0,0.0,,,,,
2023-09-25,-0.0035618915663606643,-0.01976327090436847,0.012127022237375051,0.010123199240527509,-0.7595273025517768,-0.22999999999999954,,,,,0.0,,0.0,0.0,0.0,0.0,,,,,
2023-09-26,0.01932587341243064,0.0029574477988516534,0.02970551255815046,0.01057417005909828,-1.0809271692616251,-0.1899999999999995,,,,,0.0,,0.0,0.0,0.0,0.0,,,,,
2023-09-27,0.024204315044704217,0.04889692763507547,0.05107246825533629,0.01131680391638865,-1.6737927066386327,-0.2600000000000007,,,,,0.0,,0.0,0.0,0.0,0.0,,,,,
2023-09-28,-0.021800992935324892,0.023068182555160632,0.02780790155401025,0.01260639514451454,-0.8073857615785052,-0.09999999999999964,,,,,0.0,,0.0,0.0,0.0,0.0,,,,,
2023-09-29,-0.009648139747178597,0.008519164208270702,0.015180833415744388,0.012624988071734032,-0.6394274363822783,-0.14999999999999947,,,-1.0,,0.0,,0.0,0.0,0.0,0.0,,,,,
2023-10-02,-0.021829578268123484,-0.009748522493492118,-0.00853619433005992,0.013786296812700759,-0.7699343975275719,-0.14000000000000057,4.477215043467815,-4.477215043467819,-1.0,,-0.5070511159216973,,0.0,0.0,0.0,0.0,,,,,
2023-10-03,0.005054202930711682,-0.024020192975211074,-0.004913907439044074,0.013506958505524969,-1.0701029278003205,-0.25,3.1691447207203374,-3.1691447207203356,-1.0,,-0.5070511159216973,,0.0,0.0,0.0,0.0,,,,,
2023-10-04,-0.0569343744080717,-0.10515888242798699,-0.05996873315017481,0.018626243064894216,-0.4919932189333176,-0.1200000000000001,2.590045044653341,-2.5900450446533436,-0.2801972041885268,,-0.5070511159216973,,0.0,0.0,0.0,0.0,,,,,
2023-10-05,-0.02424797711002835,-0.10760586660269045,-0.08151462823076372,0.0192539772340584,-1.1140563206027299,-0.1299999999999999,2.244994432064365,-2.244994432064367,-0.6445872291489058,,-0.5070511159216973,,0.0,0.0,0.0,0.0,,,,,
2023-10-06,0.00641920692714848,-0.09153851992836337,-0.07234728340673602,0.019229777774987224,-0.8573458580285687,-0.1900000000000004,2.00959238117125,-2.009592381171251,-0.7247645501628207,0.2752354498371793,-0.5070511159216973,,0.0,0.0,0.0,0.0,,,,,
2023-10-09,0.0,-0.06970894166023989,-0.06971927599496741,0.019239552130866602,-0.8573458580285687,-0.1900000000000004,1.835856849095369,-1.8358568490953666,-0.7247645501628207,0.2752354498371793,0.0,,0.0,0.0,0.0,0.0,,,,,
2023-10-10,0.03627709316796057,-0.038486051422991,-0.031736821828393325,0.020661860272272372,0.6920074193277337,0.14999999999999947,1.7008401285415238,-1.700840128541524,0.1445764083317041,1.144576408331704,0.0,,0.0,0.0,0.0,0.0,,,,,
2023-10-11,-0.02582843028270343,-0.007380107297622729,-0.05472625176467183,0.021355947424723676,0.6674239813066252,0.15000000000000036,1.592005891515696,-1.5920058915156987,-0.21961103713973254,0.06058616704879424,0.0,,0.0,0.0,0.0,0.0,,,,,
2023-10-12,-0.00996586263447874,0.006902007177926883,-0.060493116513781864,0.02087093765847915,0.5562581870922623,0.019999999999999574,1.501850710142508,-1.5018507101425091,-0.44603516500501605,0.1985520641438897,0.0,,0.0,0.0,0.0,0.0,,,,,
2023-10-13,0.05630665073954333,0.05678945099032173,-0.00241597267855731,0.02479054161740686,-0.1938287708045605,0.15000000000000036,1.4255728899344757,-1.4255728899344742,-0.1513627132267553,0.5734018369360654,0.0,,0.0,0.0,0.0,0.0,,,,,
2023-10-16,-0.0117027494388795,0.04508670155144223,-0.011412020442103987,0.02479459866076285,-0.1938287708045605,0.15000000000000036,1.3599381670435682,-1.3599381670435673,-0.30402752167716246,0.5734018369360654,0.0,,0.0,0.0,0.0,0.0,,,,,
2023-10-17,0.00011540015014865901,0.008925008533630319,-0.00876543088866999,0.024801893983432275,-0.15618873456211269,-0.16999999999999993,1.3026778945578594,-1.30267789455786,-0.7800349037556542,-0.9246113120873583,0.0,,0.0,0.0,0.0,0.0,,,,,
2023-10-18,0.019313782453941997,0.054067221270275745,0.011027093606285732,0.02482751474449693,-0.8512686762287558,-0.33000000000000007,1.2521474766046612,-1.2521474766046623,-0.4708065344092245,-0.251195497269492,0.0,,0.0,0.0,0.0,0.0,,,,,
2023-10-19,0.01125504283973111,0.0752881267444856,0.022399513952272798,0.02494885907170816,-0.4771524412365613,-0.28000000000000025,1.2071217242444352,-1.207121724244434,-0.13319885691653072,0.31283630808848534,0.0,,0.0,0.0,0.0,0.0,,,,,
2023-10-20,-0.002577465426462311,0.016404010578479955,0.02031334323337486,0.024925719825302953,-0.013430920568247018,-0.2999999999999998,1.1666666666666683,-1.1666666666666656,0.20259181006038474,0.35395452328714005,0.0,,0.0,0.0,0.0,0.0,,,,,
2023-10-23,-0.04158436614083172,-0.013477606123472263,-0.01887860447116907,0.02656814990041999,0.027489792691282045,-0.15000000000000036,1.1300562052513277,-1.1300562052513254,0.27417826460776185,0.5782057862849244,0.0,,0.0,0.0,0.0,0.0,,,,,
2023-10-24,-0.01070157799379956,-0.024294584267420483,-0.02568639145836915,0.026120913916993727,-0.4234885908242614,-0.0,1.0967161791954088,-1.0967161791954099,0.13881601294965074,0.9188509167053049,0.0,,0.0,0.0,0.0,0.0,,,,,
2023-10-25,0.01746308661703999,-0.026145280104322488,-0.003992452413346115,0.025780532418092493,0.02237212352643736,-0.040000000000000036,1.0661857890406061,-1.0661857890406048,0.1403610616554618,0.6111675960646863,0.0,,0.0,0.0,0.0,0.0,,,,,
2023-10-26,-0.02672791117334583,-0.06412823411739943,-0.026243165246808253,0.02598002802966804,-0.16833874537551807,0.1200000000000001,1.0380903520153564,-1.038090352015357,0.14201550881918018,0.2752143657357109,0.0,,0.0,0.0,0.0,0.0,,,,,
2023-10-27,0.02637929691149221,-0.03517147177944491,0.0028119581716339326,0.026837484710926635,-0.006471863573120906,0.08999999999999986,1.0121216546949485,-1.0121216546949472,0.2854275008239335,0.08283569076354874,0.0,,0.0,0.0,0.0,0.0,,,,,
2023-10-30,-0.03561031612558985,-0.029197421764203035,-0.02943349455413191,0.02752327253500975,-0.09976915202709602,-0.019999999999999574,0.9880235200593543,-0.9880235200593535,0.6502184485505879,0.376040183942826,0.0,,0.0,0.0,0.0,0.0,,,,,
2023-10-31,-0.016882650332295412,-0.03537849410269889,-0.04185443882345208,0.02760708213752371,-0.15755215073243178,-0.04999999999999982,0.9655810287305763,-0.9655810287305758,0.5843628323529062,0.44554681940325547,0.0,,0.0,0.0,0.0,0.0,,,,,
2023-11-01,-0.007253089759958975,-0.060094670479697854,-0.047129886752843575,0.024721467440994068,-0.004119976960437199,0.1800000000000006,1.4462463665095227,1.2490863786516042,0.7226107476919847,0.5822496860365229,0.683862656348555,,0.0,0.0,0.0,0.0,,,,,
2023-11-02,0.024256171235893298,-0.009110588070458725,-0.02332128110367826,0.02480076462159012,0.9068886767134576,0.1900000000000004,1.3976060537133193,1.2140996946454956,0.36211603174410373,0.22010052292492355,0.683862656348555,,0.0,0.0,0.0,0.0,,,,,
2023-11-03,-0.022530332543222897,-0.058020217525173834,-0.04485170226011004,0.025274180814346403,1.507523054521931,0.2699999999999996,1.3535929840780052,1.1819159676430966,1.0,0.7145724991760665,0.683862656348555,,0.0,0.0,0.0,0.0,,,,,
2023-11-06,0.004301610516751708,-0.01810829088283228,-0.039765260882405506,0.025301426233930658,1.4255199841824995,0.20999999999999996,1.313516307241967,1.1521792182859627,1.0,0.7145724991760665,0.683862656348555,,0.0,0.0,0.0,0.0,,,,,
2023-11-07,-0.04489782275174736,-0.04612346330228423,-0.07981950697721363,0.025552817037053352,1.4201801731962505,0.2999999999999998,1.276821469260233,1.1245937302316613,0.322592807872586,-0.2617700244803202,0.683862656348555,,0.0,0.0,0.0,0.0,,,,,
2023-11-08,-0.0274381688448182,-0.06630854238714345,-0.10233361223698711,0.025624828280383042,1.3729459529760235,0.27999999999999936,1.2430574843644533,1.0989115377038237,0.3842534334880231,-0.33835731420396165,0.0,,0.0,0.0,0.0,0.0,,,,,
2023-11-09,0.006439341522542108,-0.08412537210049464,-0.09179046733725205,0.02571734553441747,0.6133536455357858,0.04999999999999982,1.2118533254945492,1.0749229482634564,0.19420376129345301,-0.1679122704506507,0.0,,0.0,0.0,0.0,0.0,,,,,
2023-11-10,0.0,-0.06159503955727175,-0.08487133142308156,0.021490697687835583,0.6133536455357858,-0.040000000000000036,1.1829005756828137,1.0524492674277288,-0.0,-1.0,0.0,,0.0,0.0,0.0,0.0,,,,,
2023-11-13,0.03247708113239778,-0.03341956894162568,-0.04768410590507699,0.023177504682512732,-0.6395480746150373,0.040000000000000036,1.1559404683734662,1.031337145082881,0.46251779022882644,-1.0,0.0,,0.0,0.0,0.0,0.0,,,,,
2023-11-14,0.0005070994023474995,0.011985353212469185,-0.04248644707973259,0.023181961935171733,0.5960957652380361,0.13999999999999968,1.130754062165056,1.011454133087351,1.0,0.6774071921274141,0.0,,0.0,0.0,0.0,0.0,,,,,
2023-11-15,-0.022429649042659427,0.016993873014627958,-0.058138365124565716,0.02278273237164864,0.8335476515366258,-0.040000000000000036,1.1071546917935506,0.9926851589126169,1.0,0.6157465665119769,0.0,,0.0,0.0,0.0,0.0,,,,,
2023-11-16,-0.048466172590378775,-0.037911641098292925,-0.0968407459456122,0.024166548262511654,0.7800825526639743,0.16999999999999993,1.0849820973311628,0.9749297001596172,1.0,0.8057962387065469,0.0,,0.0,0.0,0.0,0.0,,,,,
2023-11-17,0.03961310083734304,0.0017014597390501152,-0.049573381652127324,0.02655069737082317,0.7800825526639743,0.16999999999999993,1.0640978078215064,0.9580995010669227,1.0,1.0,0.0,,0.0,0.0,0.0,0.0,,,,,
2023-11-20,0.02109154978950656,-0.009684071603841105,-0.023961364202994773,0.02602883772779567,1.7750256480628446,0.20999999999999996,1.044381474429088,0.9421167122845733,0.9084804488381482,0.4459626586093217,0.0,,0.0,0.0,0.0,0.0,,,,,
2023-11-21,0.0031959119563893523,-0.006995259049799252,-0.01693985908449047,0.02604064318654277,0.9278121137206274,0.03000000000000025,1.0257279306193514,0.9269123642171275,0.8923147894373241,-0.10768521056267588,0.0,,0.0,0.0,0.0,0.0,,,,,
2023-11-22,-0.019981328648403185,-0.004546938655543009,-0.031223373807505617,0.02577420430589959,0.32599655254722526,0.11000000000000032,1.0080448149429173,0.9124251054788478,1.0,0.0,0.0,,0.0,0.0,0.0,0.0,,,,,
2023-11-23,0.0,0.043919233934835766,-0.0268619554407854,0.025315237325340623,0.32599655254722526,0.11000000000000032,0.9912506334621198,0.8986001537180096,1.0,0.0,0.0,,0.0,0.0,0.0,0.0,,,,,
2023-11-24,-0.025985766061359605,-0.02167963296386688,-0.0458680499867814,0.024668197534395347,0.5272752398266634,-0.02999999999999936,0.9752731688575457,0.8853884178147432,0.39258537485296885,-0.6074146251470312,0.0,,0.0,0.0,0.0,0.0,,,,,
2023-11-27,-0.004956805647696072,-0.04772798840106951,-0.045377859643009444,0.023730144844650292,0.06677571426313422,0.03000000000000025,0.9600481652181438,0.8727457593245198,1.0,0.09151955116185184,0.0,,0.0,0.0,0.0,0.0,,,,,
2023-11-28,0.021654781743860596,-0.029269118613598266,-0.02020295351148782,0.02431022223293024,0.5270989759956657,0.07000000000000028,0.945518233781819,0.8606323677941892,1.0,0.10768521056267588,0.0,,0.0,0.0,0.0,0.0,,,,,
2023-11-29,0.019134980186019668,0.009847190220824587,0.0011327475648927887,0.024807950143658403,0.716190394116023,0.15000000000000036,0.9316319370597446,0.8490122297665956,1.0,0.0,0.0,,0.0,0.0,0.0,0.0,,,,,
2023-11-30,-0.024802211169568267,-0.01495502094874368,-0.019015823594040526,0.02447746266726892,0.716190394116023,0.15000000000000036,0.9183430179672534,0.8378526753081835,1.0,0.0,0.0,,0.0,0.0,0.0,0.0,,,,,
2023-12-01,-0.02624682000959222,-0.015216074896976295,-0.04042317921967875,0.024633926185063118,0.22302544286896264,0.25,0.15110113173239217,-1.6532865835719373,1.0,0.6074146251470312,0.9290952615338854,,0.0,0.0,0.0,0.0,,,,,
2023-12-04,-0.013248845028841494,-0.023508114278121717,-0.04795503708728699,0.024603736958918147,-0.24939046208383164,0.10999999999999943,0.14996054734666356,-1.6081211813001643,1.0,0.0,0.9290952615338854,,0.0,0.0,0.0,0.0,,,,,
2023-12-05,-0.010782520833072518,-0.05594541685505483,-0.05472633585506159,0.022865582774909545,-1.004177592850275,0.16000000000000014,0.14884541190222397,-1.5664790644606952,1.0,0.0,0.9290952615338854,,0.0,0.0,0.0,0.0,,,,,
2023-12-06,-0.04215482582468155,-0.11723522286575605,-0.09213410676545042,0.023873731776509605,-0.598835379945406,0.14999999999999947,0.14775479275554038,-1.527924541785574,1.0,0.0,0.9290952615338854,,0.0,0.0,0.0,0.0,,,,,
2023-12-07,0.00028989708856475005,-0.09214311460762303,-0.08678968254089447,0.023761413818795093,-0.2976462741406172,0.23000000000000043,0.14668780442976942,-1.4920937989633025,1.0,0.0,0.9290952615338854,,0.0,0.0,0.0,0.0,,,,,
2023-12-08,0.026740708224904708,-0.039155586373126106,-0.05633148259124443,0.0247908370381184,-0.6822441438557147,-0.010000000000000675,0.14564360559111103,-1.4586803393505827,1.0,0.0,0.0,,0.0,0.0,0.0,0.0,,,,,
2023-12-11,0.0011281907838869287,-0.024778550560397683,-0.0499183555651852,0.02332992466015263,-0.37784493914387873,0.04999999999999982,0.14462139625873918,-1.4274238739446117,0.9251036956393225,-0.07489630436067751,0.0,,0.0,0.0,0.0,0.0,,,,,
2023-12-12,-0.03850497217586302,-0.05250100190318818,-0.0811877879199665,0.024425340952645626,0.09073501154470698,-0.020000000000000462,0.14362041522733768,-1.3981017347204319,0.2070481536319968,-0.7929518463680032,0.0,,0.0,0.0,0.0,0.0,,,,,
2023-12-13,0.011939571070515242,0.0015933949920086121,-0.06373113803402752,0.02450897804405475,-0.5174499350387496,0.08000000000000007,0.14263993768333053,-1.3705221608544065,1.0,0.0,0.0,,0.0,0.0,0.0,0.0,,,,,
2023-12-14,0.030223255493329937,0.0315267533967738,-0.03192527512945986,0.02354866811109066,0.8565413473984096,0.21999999999999975,0.14167927299779784,-1.3445189934605324,1.0,0.0,0.0,,0.0,0.0,0.0,0.0,,,,,
2023-12-15,-0.00224940345092417,0.002536641720944921,-0.030498945954732903,0.021462317530612323,0.8467158603751024,0.3200000000000003,0.14073776268089563,-1.3199474424416904,1.0,0.0,0.0,,0.0,0.0,0.0,0.0,,,,,
2023-12-18,0.015502021211259098,0.01691047214831709,-0.011041715688910436,0.02115705210838612,0.8415758480879831,0.28000000000000025,0.13981477848387758,-1.296680678477672,1.0,0.07489630436067751,0.0,,0.0,0.0,0.0,0.0,,,,,
2023-12-19,0.014719297318610103,0.07013474164279021,0.00705662141615182,0.02151591266760542,1.009680838105531,0.27,0.1389097206363892,-1.27460706657448,1.0,0.7929518463680032,0.0,,0.0,0.0,0.0,0.0,,,,,
2023-12-20,0.008701618467667593,0.06689678903994256,0.01770313231446874,0.021305949497875582,1.3318245484581603,0.18000000000000016,0.13802201620775112,-1.253627903165538,1.0,0.0,0.0,,0.0,0.0,0.0,0.0,,,,,
2023-12-21,-0.0037976446021383836,0.03287588894447424,0.01604026237308709,0.021304626597760928,0.21034003159700054,0.029999999999999805,0.1371511175820274,-1.233655551913686,1.0,0.0,0.0,,0.0,0.0,0.0,0.0,,,,,
2023-12-22,-0.004084973000749059,0.03104031939464935,0.012995024380063391,0.02056415688684649,0.5643144794226118,0.010000000000000231,0.13629650103768706,-1.2146118977723823,1.0,0.0,0.0,,0.0,0.0,0.0,0.0,,,,,
2023-12-25,0.0,0.015538298183390253,0.013786919105403861,0.020544323753451756,0.5643144794226118,0.010000000000000231,0.13545766542349527,-1.1964270570275215,1.0,0.0,0.0,,0.0,0.0,0.0,0.0,,,,,
2023-12-26,0.034201684009008027,0.03502068487378818,0.048153152726494675,0.02143796627425734,0.4819057249429104,0.040000000000000036,0.13463413092298873,-1.1790382946922284,0.9276217679495493,-0.07237823205045069,0.0,,0.0,0.0,0.0,0.0,,,,,
2023-12-27,-0.020380325777388464,0.00593874062873212,0.029913141859360337,0.021386511177813976,0.8955735778189533,0.06999999999999984,0.13382543790062715,-1.1623891109831095,0.8310462748539911,-0.16895372514600893,0.0,,0.0,0.0,0.0,0.0,,,,,
2023-12-28,-0.03130167394864891,-0.021565288717778408,0.0010767559599180743,0.02179447722763717,0.7596583213763775,0.050000000000000266,0.13303114582331915,-1.146428466531868,0.861060289460906,-0.16895372514600893,0.0,,0.0,0.0,0.0,0.0,,,,,
2023-12-29,-0.0018066852249489784,-0.019287000941978327,0.0005133520449458473,0.021063802826521167,0.538960629921259,0.020000000000000018,0.13225083225158937,-1.1311101221016526,0.5884888339154191,-0.41151116608458094,0.0,,0.0,0.0,0.0,0.0,,,,,
2024-01-01,0.0,-0.019287000941978327,0.0010941911034780816,0.020873841088857616,0.538960629921259,0.020000000000000018,1.2119763290729086,-4.592403023179304,0.5884888339154191,-0.41151116608458094,-2.114914020366432,,0.0,0.0,0.0,0.0,,,,,
2024-01-02,-0.017823782495540286,-0.07131246744652664,-0.015796689250405116,0.021112971085776203,-0.3205551466722856,-0.06000000000000005,1.1951020406931339,-4.096829709908242,0.42007225219256505,-0.5075495157569843,-2.114914020366432,,0.0,0.0,0.0,0.0,,,,,
2024-01-03,0.03273500727728873,-0.018197134391849445,0.014126728513442544,0.02003056899462311,-1.0322191826147575,-0.1200000000000001,1.1789159390699993,-3.7334609806302725,0.46546505341562816,-0.3655812214383629,-2.114914020366432,,0.0,0.0,0.0,0.0,,,,,
2024-01-04,-0.008118379641932627,0.004986159914866839,0.0036171731945922048,0.02017400689252294,-1.0222075087999105,-0.15000000000000036,1.1633724369505696,-3.452348800018239,0.343064317927011,-0.517995971533895,-2.114914020366432,,0.0,0.0,0.0,0.0,,,,,
2024-01-05,0.02213507506857315,0.02892792020838897,0.023591354244065776,0.019905939027726173,-0.8167484090632726,-0.16999999999999993,1.1484300667317855,-3.2265113055589354,0.5300886210126072,-0.05840021290281183,-2.114914020366432,,0.0,0.0,0.0,0.0,,,,,
2024-01-08,-0.04054050261128861,-0.01161258240289964,-0.017026607716564612,0.02208144083862735,-0.8167484090632726,-0.16999999999999993,1.1340510138437716,-3.0399259648011117,0.5979116808380999,-0.05840021290281183,0.0,,0.0,0.0,0.0,0.0,,,,,
2024-01-09,0.019095987614353938,0.025307187706994583,-0.0008881274410619255,0.020482877865258032,-0.3337005716508745,-0.0699999999999994,1.120200713142126,-2.882399276958937,0.6384468573949829,0.2183746052024178,0.0,,0.0,0.0,0.0,0.0,,,,,
2024-01-10,-0.011944586456729134,-0.01937240602702328,-0.014596013360281823,0.02062738306333778,-0.054805598859775095,-0.1299999999999999,1.1068474984950616,-2.7470961257132487,0.1574217918437521,-0.30804326157187606,0.0,,0.0,0.0,0.0,0.0,,,,,
2024-01-11,0.008071293469374297,-0.0031827329157163575,-0.0071804212522001976,0.019587289015865452,-0.22638203389375722,0.010000000000000231,1.093962297473849,-2.6292391991911335,0.19284081745763998,-0.150223500469371,0.0,,0.0,0.0,0.0,0.0,,,,,
2024-01-12,0.010889900160654165,-0.014427907823635344,0.0023968123665829566,0.01970471898456768,-0.12229034743860279,0.08999999999999986,1.0815183644425956,-2.525375365496079,0.5188418470917164,-0.011246773920890796,0.0,,0.0,0.0,0.0,0.0,,,,,
2024-01-15,0.0,0.026112594787653265,0.0018592468852745014,0.01942002863214,-0.12229034743860279,0.08999999999999986,1.0694910464675598,-2.432938309286479,0.5188418470917164,-0.011246773920890796,0.0,,0.0,0.0,0.0,0.0,,,,,
2024-01-16,-0.004259125762457572,0.0027574814108417556,-0.0019885232044378753,0.019152422453954803,-0.7598611475549522,-0.05000000000000071,1.057857577381057,-2.3499756838926245,0.32930344933211,-0.3091434080628729,0.0,,0.0,0.0,0.0,0.0,,,,,
2024-01-17,0.0022005235120898803,0.01690259137966077,0.0009484107281760856,0.019044480944760488,-1.067789788696527,-0.05999999999999961,1.0465968960839527,-2.274972314927908,-0.0,-0.1574217918437521,0.0,,0.0,0.0,0.0,0.0,,,,,
2024-01-18,0.020801511375416304,0.029632809285702777,0.02125637472523767,0.019621963836858287,-0.8323352094725678,-0.1599999999999997,1.0356894857858008,-2.2067318927161224,-0.01769376568304549,-0.21053458314068546,0.0,,0.0,0.0,0.0,0.0,,,,,
2024-01-19,-0.00851298972667447,0.010229919398374143,0.01247123845650755,0.01970116524291026,-0.9287734033831319,-0.1900000000000004,1.0251172313898713,-2.14429558053246,-0.14307657250855021,-0.6619184196002666,0.0,,0.0,0.0,0.0,0.0,,,,,
2024-01-22,0.02108168038638336,0.031311599784757504,0.032226688281513205,0.020242377511863,-0.9287734033831319,-0.1900000000000004,1.0148632926514596,-2.0868846547838387,-0.14307657250855021,-0.6619184196002666,0.0,,0.0,0.0,0.0,0.0,,,,,
2024-01-23,-0.007200991244704191,0.028369734302510885,0.02576960023811825,0.01876661663104722,-0.4347469104522439,-0.0699999999999994,1.0049119910883897,-2.0338592177183172,-0.09254349654618259,-0.4218469458782926,0.0,,0.0,0.0,0.0,0.0,,,,,
2024-01-24,0.010119926579761795,0.0362891373701828,0.035108417401331415,0.01832090053519619,0.45323784990440874,-0.08000000000000007,0.995248708915781,-1.9846879177794066,-0.26187602451689823,-0.26187602451689823,0.0,,0.0,0.0,0.0,0.0,,,,,
2024-01-25,0.031686593842417565,0.04717421983718406,0.06286448843764703,0.017925166691090132,0.04830857932243138,-0.0,0.9858597985227929,-1.9389253693440174,-0.03785538323223784,-0.02016161754919235,0.0,,0.0,0.0,0.0,0.0,,,,,
2024-01-26,0.006907164836274404,0.06259437440013293,0.06540543796475795,0.01788423107215689,0.022296969104185216,-0.0,0.9767325012160448,-1.8961950602020607,-0.20903788123217676,-0.06596130872362654,0.0,,0.0,0.0,0.0,0.0,,,,,
2024-01-29,-0.015414563401185966,0.026098130612563608,0.046395387424468915,0.018406811713720928,-0.19565934712786337,0.03000000000000025,0.9678548741290994,-1.8561762371905715,-0.20903788123217676,-0.06596130872362654,0.0,,0.0,0.0,0.0,0.0,,,,,
2024-01-30,0.013500687218901852,0.04679980907616965,0.05473436401854492,0.01781139550757472,0.41089974327023215,0.08000000000000007,0.9592157243456224,-1.8185937201185163,-0.05854389674236202,0.03399959980382057,0.0,,0.0,0.0,0.0,0.0,,,,,
2024-01-31,-0.026136822264538395,0.010543060231869461,0.02637942260627213,0.017879254732024223,0.0485511023175178,0.1899999999999995,0.9508045494095627,-1.7832099013548188,0.11878661357080646,0.3806626380877047,0.0,,0.0,0.0,0.0,0.0,,,,,
2024-02-01,-0.025492617878975388,-0.04663615148952349,-0.00046260250858587426,0.018805984178192917,0.41181450801988095,0.2699999999999996,0.6220405707658936,-4.339584483484957,0.36564634232046467,0.40350172555270253,0.9219282724149069,,0.0,0.0,0.0,0.0,,,,,
2024-02-02,-0.02230171298401995,-0.07584502930981785,-0.021891883325857897,0.018845962671201606,-0.23603579254385387,0.1200000000000001,0.6181714655944882,-3.9919289534911706,0.08487325467563916,0.2939111359078159,0.9219282724149069,,0.0,0.0,0.0,0.0,,,,,
2024-02-05,0.0067155737893278555,-0.053714892119304025,-0.016666681189814625,0.016416617150794528,-0.4097512862648811,-0.08999999999999986,0.6143738401087443,-3.7163844943933735,-0.2228832398595031,0.2939111359078159,0.9219282724149069,,0.0,0.0,0.0,0.0,,,,,
2024-02-06,0.00843312941252261,-0.05878244992568327,-0.009190780520484054,0.015982161765910042,-0.2954333450799096,-0.03000000000000025,0.6106455167514668,-3.4910386545106067,-0.06807777529693142,-0.0095338785545694,0.9219282724149069,,0.0,0.0,0.0,0.0,,,,,
2024-02-07,0.0058072956778598694,-0.026838331983285002,-0.005228307692545009,0.01571869528430271,-0.3917527656433384,-0.09999999999999964,0.6069844098140913,-3.302294502153157,-0.0940596896888239,-0.21284630325963036,0.9219282724149069,,0.0,0.0,0.0,0.0,,,,,
2024-02-08,0.03193804882186946,0.030592334717559844,0.023671580511778423,0.017064617842106222,-0.6201930468240358,-0.28000000000000025,0.6033885205116692,-3.1412088496796895,-0.4837978285725524,-0.849444170893017,0.0,,0.0,0.0,0.0,0.0,,,,,
2024-02-09,0.007665859667332242,0.060559907368912036,0.02846048158623038,0.017001653979343067,-0.11331491621313639,-0.13999999999999968,0.5998559323769322,-3.001626189691717,-0.8561725153854305,-0.9410457700610697,0.0,,0.0,0.0,0.0,0.0,,,,,
2024-02-12,0.0010349289410154228,0.0548792625205996,0.026566705487314657,0.016994010014724354,0.3388573453427801,-0.0,0.5963848069493195,-2.8791525683287977,-0.8561725153854305,-0.9410457700610697,0.0,,0.0,0.0,0.0,0.0,,,,,
2024-02-13,0.012080856348724467,0.05852698945680146,0.03490185769055021,0.017023015940339628,-0.4641249747848075,-0.21999999999999975,0.5929733797368847,-2.7705562959006937,-1.0,-0.9319222247030686,0.0,,0.0,0.0,0.0,0.0,,,,,
2024-02-14,-0.015318572056704838,0.03740112172223675,0.016713536266794726,0.017549316182272998,-0.4096608160628623,-0.17999999999999972,0.589619956430897,-2.6734003767315304,-0.6363316331061428,-0.5422719434173189,0.0,,0.0,0.0,0.0,0.0,,,,,
2024-02-15,0.017742815668211342,0.023205888568578636,0.03173953735331647,0.017397494832280005,-0.10926678108156285,-0.08999999999999986,0.5863229093546516,-2.5858077100847643,-0.6389759708130424,-0.15517814224048998,0.0,,0.0,0.0,0.0,0.0,,,,,
2024-02-16,0.014925650216675912,0.030465679117922306,0.0427764409911342,0.01739065443667831,-0.09211906906037015,-0.1299999999999999,0.5737857121473413,-2.4956362046650407,-0.7729155176053987,0.08325699778003182,0.0,,0.0,0.0,0.0,0.0,,,,,
2024-02-19,0.0,0.029430750176906884,0.0399417784315963,0.01692641331676954,-0.09211906906037015,-0.1299999999999999,0.561269506030066,-2.4128336170385607,-0.7729155176053987,0.08325699778003182,0.0,,0.0,0.0,0.0,0.0,,,,,
2024-02-20,-0.011744783612059884,0.005605110216122533,0.025589521878365495,0.01709782917672082,0.4117010998994419,0.040000000000000036,0.5487683006163865,-2.336407731429309,-0.937626750894131,0.062373249105869055,0.0,,0.0,0.0,0.0,0.0,,,,,
2024-02-21,0.002157224363000587,0.023080906635827958,0.025537408411033802,0.01700615217061277,0.2984344342101597,-0.05000000000000071,0.5362763919159657,-2.2655442345634986,-1.0,-0.3636683668938572,0.0,,0.0,0.0,0.0,0.0,,,,,
2024-02-22,0.009462002088997501,0.014800093056614116,0.033901302257370425,0.01565074559223989,0.09083251589568908,-0.08999999999999986,0.523788491536706,-2.199567645869983,-1.0,-0.36102402918695764,0.0,,0.0,0.0,0.0,0.0,,,,,
2024-02-23,-0.025949052006822626,-0.02607460916688442,0.008496952850040707,0.01669824778714782,0.09376766913878898,0.040000000000000036,0.5112999154805978,-2.1379122540607827,-1.0,-0.22708448239460133,0.0,,0.0,0.0,0.0,0.0,,,,,
2024-02-26,0.011913290197609783,-0.014161318969274639,0.019588552967204187,0.016534726374343587,0.09376766913878898,0.040000000000000036,0.4988068599282524,-2.0801001649745947,-1.0,-0.22708448239460133,0.0,,0.0,0.0,0.0,0.0,,,,,
2024-02-27,0.016042787068980324,0.013626251711765569,0.03468254496323464,0.016646713063780332,0.04561233317826874,-0.040000000000000036,0.48630680584790814,-2.0257244911376,-1.0,-0.062373249105869055,0.0,,0.0,0.0,0.0,0.0,,,,,
2024-02-28,-0.004521484718845947,0.006947542629919035,0.028131498294152735,0.015454653896779878,-0.07443949374534853,0.05000000000000071,0.47379911754925347,-1.9744363173567252,-1.0,0.0,0.0,,0.0,0.0,0.0,0.0,,,,,
2024-02-29,-0.0027732275431464615,-0.005287687002224928,0.022192739283980245,0.014100892252135887,-0.06639031560171649,0.08000000000000007,0.4612859387673029,-1.925934478894495,-1.0,0.0,0.0,,0.0,0.0,0.0,0.0,,,,,
2024-03-01,0.020985031870675463,0.04164639687527316,0.037847902444895,0.013284607286791289,0.02131581360725887,0.0699999999999994,-1.5817995260617994,-2.534847124500812,-0.586541238641952,0.41345876135804804,-0.20298598438930338,,0.0,0.0,0.0,0.0,,,,,
2024-03-04,-0.015320720672171717,0.014412386005491662,0.018299127786036706,0.014055120389484324,0.15463508762655342,0.0600000000000005,-1.63013445924918,-2.4498305834815883,-0.49802475376485744,0.5019752462351426,-0.20298598438930338,,0.0,0.0,0.0,0.0,,,,,
2024-03-05,-0.007053814358969568,-0.00868421542245823,0.00779160662895606,0.01423669720116907,0.0662176651535451,0.17999999999999972,-1.6820375105526892,-2.3714915918227586,-0.5152350912802247,0.4847649087197753,-0.20298598438930338,,0.0,0.0,0.0,0.0,,,,,
2024-03-06,0.012186845973659821,0.008024115270047538,0.016205768289713873,0.014363112114945734,0.5474374215705735,0.15999999999999925,-1.7379991726592618,-2.2989647060017693,-0.47770489267372646,0.5222951073262736,-0.20298598438930338,,0.0,0.0,0.0,0.0,,,,,
2024-03-07,-0.003377325119047647,0.0074200176941463525,0.010821527554810473,0.012804515852307963,0.8181881197269592,0.16000000000000014,-1.7986104597651242,-2.2315342736145642,-0.13626897833394463,0.8637310216660554,-0.20298598438930338,,0.0,0.0,0.0,0.0,,,,,
2024-03-08,-0.010707414762690881,-0.024272428939219992,-0.0009741391022348722,0.013034182966664304,0.8562024475440744,0.10000000000000053,-1.8645911208675114,-2.1686026349412444,-0.0,0.586541238641952,0.0,,0.0,0.0,0.0,0.0,,,,,
2024-03-11,-0.0011404677153272758,-0.01009217598237555,-0.0030940888790995658,0.013043724679529077,0.6888278509497692,0.1200000000000001,-1.9368281900283273,-2.1096662102942583,-0.16958233968971254,0.3284424140751449,0.0,,0.0,0.0,0.0,0.0,,,,,
2024-03-12,-0.004574922199735099,-0.0076132838231410815,-0.007815704212949193,0.01282755353561523,0.5937894487800799,-0.03000000000000025,-2.0164296734261584,-2.0542972609229806,0.2015101514858635,0.7167452427660882,0.0,,0.0,0.0,0.0,0.0,,,,,
2024-03-13,0.027140753738718715,0.007340623941917812,0.017055390101883283,0.013622237291369167,0.41563974236478174,-0.08000000000000007,-2.1048009443778994,-2.002129797908255,-0.16624702075728018,0.31145787191644625,0.0,,0.0,0.0,0.0,0.0,,,,,
2024-03-14,0.018301806671419563,0.029019755732385022,0.033059587799256995,0.013656186539601014,-0.04168368819936763,-0.20000000000000018,-2.2037561548142213,-1.952848568144972,-0.3913298077167183,-0.2550608293827737,0.0,,0.0,0.0,0.0,0.0,,,,,
2024-03-15,-0.002681293501577642,0.03704587699349826,0.028961032509546847,0.01336365653980688,-0.3544905188580971,-0.21999999999999975,-2.3156853764677816,-1.9061803534471486,-0.2550120063001454,-0.2550120063001454,0.0,,0.0,0.0,0.0,0.0,,,,,
2024-03-18,0.021012728197888464,0.059199072906714,0.04750586250940714,0.014054510311243903,-0.4463534472848085,-0.2400000000000002,-2.250034555705564,-1.860446816353982,-0.2550120063001454,-0.2550120063001454,0.0,,0.0,0.0,0.0,0.0,,,,,
2024-03-19,0.008448910853261715,0.07222290595971081,0.05247719044137522,0.013700631689293316,-0.6377801522550408,-0.13999999999999968,-2.188637969250559,-1.8169727246685998,-0.2799973316387372,-0.4815074831246007,0.0,,0.0,0.0,0.0,0.0,,,,,
2024-03-20,-0.019141630019160694,0.025940522201831406,0.030922920220028516,0.01460649144162539,-0.8041565733777123,-0.07999999999999918,-2.131031775582407,-1.775560948530163,0.15839678856695638,0.32464380932423653,0.0,,0.0,0.0,0.0,0.0,,,,,
2024-03-21,-0.00970999254262761,-0.0020712770122157664,0.019758887206796416,0.01474793242457695,-0.4720519623090391,0.020000000000000462,-2.0768201005085576,-1.736037526292601,0.22334876654672375,0.6146785742634421,0.0,,0.0,0.0,0.0,0.0,,,,,
2024-03-22,-0.010914327486719166,-0.010304310997357291,0.006638783023467987,0.013617468670269067,-0.6510781119316134,0.08999999999999986,-2.0256627226246566,-1.6982482627901923,0.2596330558487199,0.5146450621488653,0.0,,0.0,0.0,0.0,0.0,,,,,
2024-03-25,0.016023827653924627,-0.015293211541321128,0.020251307107966632,0.013801471116681532,-0.37677731407452786,0.08999999999999986,-1.977265382215468,-1.662055919154156,0.4904206303838424,0.5146450621488653,0.0,,0.0,0.0,0.0,0.0,,,,,
2024-03-26,0.0,-0.023742122394582843,0.01864214289199051,0.013428680983872093,-0.11659329282611708,0.05999999999999961,-1.9313720774319385,-1.6273378762545625,0.4605221677106573,0.7405194993493944,0.0,,0.0,0.0,0.0,0.0,,,,,
2024-03-27,-0.0031599442920144938,-0.007760436667436643,0.013804957362657966,0.013399384974785829,-0.0661545751263759,0.0699999999999994,-1.887758883225971,-1.5939841801695227,0.33153865151422646,0.17314186294727008,0.0,,0.0,0.0,0.0,0.0,,,,,
2024-03-28,0.021793650469154713,0.02374320634434568,0.03269302269387886,0.014078751270884265,-0.21099491261384884,0.0699999999999994,-1.8462289494951851,-1.5618958979407604,0.1658364966079969,-0.05751226993872685,0.0,,0.0,0.0,0.0,0.0,,,,,
2024-03-29,0.0,0.034657533831064846,0.030836689149479568,0.013427330655875617,0.13623888262661588,0.0699999999999994,-1.806608421348228,-1.5309837269889544,0.1658364966079969,-0.05751226993872685,0.0,,0.0,0.0,0.0,0.0,,,,,
2024-04-01,0.006884300186211334,0.025518006363351553,0.03475440474837299,0.012837336729301962,-0.40122449485455736,-0.08000000000000007,-0.8947806741092013,3.1795553600706636,-0.35818881799726743,-0.8486094483811099,-0.43979363391469795,,0.0,0.0,0.0,0.0,,,,,
2024-04-02,0.01654093669021428,0.042058943053565834,0.04714901929880977,0.012951663371826625,-0.1893879951302635,-0.1200000000000001,-0.8853613983780323,3.040632336977599,-0.5170461134338591,-0.9775682811445163,-0.43979363391469795,,0.0,0.0,0.0,0.0,,,,,
2024-04-03,0.0031364374901308167,0.048355324835711144,0.046591655073338956,0.012813316359905921,-0.009007601920196784,-0.16000000000000014,-0.8760498730387349,2.916636553034644,-0.4182545796736233,-0.7497932311878497,-0.43979363391469795,,0.0,0.0,0.0,0.0,,,,,
2024-04-04,0.013249804991014358,0.03981147935757079,0.05531630184324943,0.01286965778333877,0.24962106663032335,-0.10999999999999943,-0.8668431537998514,2.805010120341912,-0.4907373065050751,-0.656573803113072,-0.43979363391469795,,0.0,0.0,0.0,0.0,,,,,
2024-04-05,0.003655893481260719,0.04346737283883151,0.053728871691208546,0.012365790774383092,0.04503421360759763,-0.10999999999999943,-0.857738397445644,2.7037707113996086,-0.8514365418211753,-0.656573803113072,-0.43979363391469795,,0.0,0.0,0.0,0.0,,,,,
2024-04-08,-0.005144926457835375,0.0314381461947848,0.043540844537196755,0.012506217425371606,0.641237179576859,-0.08999999999999986,-0.8487328572115553,2.6113549370903684,-0.904240919713752,-0.5460521017164846,0.0,,0.0,0.0,0.0,0.0,,,,,
2024-04-09,-0.013850636933899096,0.0010465725706714224,0.02511089264382882,0.01304217657113194,0.49355542090705473,-0.0,-0.8398238784122615,2.5265108718674667,-0.5482510230832621,-0.031204909649403034,0.0,,0.0,0.0,0.0,0.0,,,,,
2024-04-10,0.010865902769962688,0.008776037850503293,0.03221122300276136,0.012028755354840564,-0.45686738864219034,-0.1899999999999995,-0.8310088943061392,2.448222477936406,-1.0,-0.5817454203263768,0.0,,0.0,0.0,0.0,0.0,,,,,
2024-04-11,-0.01377575758461802,-0.018249524725129085,0.01627377121991458,0.012126690435518065,-0.7012180226612319,-0.25,-0.8222854221809889,2.3756553085131094,-0.7845098987953188,-0.2937725922902438,0.0,,0.0,0.0,0.0,0.0,,,,,
2024-04-12,0.007779429654611647,-0.014125988551778157,0.021368470518488003,0.012132403074344097,-1.0944524265776856,-0.11000000000000032,-0.8136510596470636,2.308116751949521,-0.4904969698928138,0.3609395719283615,0.0,,0.0,0.0,0.0,0.0,,,,,
2024-04-15,-0.002895699017652298,-0.01187676111159508,0.01698346250557492,0.011386404463025562,-1.3990039416611033,-0.20999999999999996,-0.8051034811244606,2.24502642669064,-0.5964889912116107,0.3077519285021413,0.0,,0.0,0.0,0.0,0.0,,,,,
2024-04-16,-0.0006962172478948148,0.0012776585744092017,0.015255192667476436,0.01127529372672572,-2.0037314174746967,-0.3099999999999996,-0.7966404345127509,2.185893798808086,-0.845608454520103,-0.2973574314368409,0.0,,0.0,0.0,0.0,0.0,,,,,
2024-04-17,-0.030285705954169018,-0.039873950149722504,-0.015505362080144636,0.012530232351046122,-1.1910568737882876,-0.040000000000000036,-0.783502563218665,2.1339324555884045,-0.9776444126417477,0.02235558735825227,0.0,,0.0,0.0,0.0,0.0,,,,,
2024-04-18,-0.0009576251629592747,-0.027055817728063758,-0.017375454405540225,0.012306648875837907,-1.1459762959868725,-0.08000000000000007,-0.7704994350528873,2.0847776005653635,-1.0,-0.21549010120468115,0.0,,0.0,0.0,0.0,0.0,,,,,
2024-04-19,0.0034670367683853343,-0.03136821061429007,-0.015539953012346785,0.0119954598797706,-0.6697277340060648,-0.1200000000000001,-0.7576243965904713,2.038171684466322,-1.0,-0.5095030301071861,0.0,,0.0,0.0,0.0,0.0,,,,,
2024-04-22,0.00035797387173008843,-0.028114537724907684,-0.01603022182669811,0.011507761751249495,-0.5194200530937332,0.009999999999999787,-0.7448709860184346,1.9938891476967093,-1.0,-0.4035110087883893,0.0,,0.0,0.0,0.0,0.0,,,,,
2024-04-23,0.004166920726558665,-0.023251399750454205,-0.012919889822549102,0.01152929672573693,0.325445853509565,0.05999999999999961,-0.7322329168974496,1.9517314767106289,-0.8493411811473426,-0.0037327266272395576,0.0,,0.0,0.0,0.0,0.0,,,,,
2024-04-24,-0.0009509093786777001,0.006083396825037113,-0.015037839669303388,0.011497312919509776,0.10624228280281534,-0.0600000000000005,-0.7197040626244429,1.9115231638646644,-1.0,-0.02235558735825227,0.0,,0.0,0.0,0.0,0.0,,,,,
2024-04-25,0.009821982990248834,0.016863004978245222,-0.0057843137731854455,0.010647116812169467,0.13276239271490242,-0.0600000000000005,-0.7072784415061896,1.8731083818013112,-1.0,0.0,0.0,,0.0,0.0,0.0,0.0,,,,,
2024-04-26,0.005402244494760566,0.018798212704620454,-0.0012206385972941547,0.010700329499882874,0.13029263042462214,-0.04999999999999982,-0.6949502023585411,1.8363482275973801,-1.0,0.0,0.0,,0.0,0.0,0.0,0.0,,,,,
2024-04-29,-0.013204624778945018,0.005235614053945348,-0.014259386446850542,0.011040418971242789,0.4193045882160851,-0.009999999999999787,-0.6827136105495644,1.8011184247415148,-0.7483347368961043,0.2516652631038957,0.0,,0.0,0.0,0.0,0.0,,,,,
2024-04-30,-0.009180392344961597,-0.008111699017574914,-0.021987835410664403,0.010475512042859115,-0.21397834304492935,-0.08000000000000007,-0.6705630344076995,1.767307395642386,-1.0,-0.15065881885265742,0.0,,0.0,0.0,0.0,0.0,,,,,
2024-05-01,-0.03398828893000605,-0.04114907856890326,-0.05266794463851632,0.01267745403567825,-0.10318170721783648,0.020000000000000462,0.14674745490473984,1.2499016827831406,-0.8350715563189022,0.16492844368109782,0.9321098155499641,,0.0,0.0,0.0,0.0,,,,,
2024-05-02,-0.0013640029394830222,-0.05233506449863512,-0.04999307747932047,0.012079939379382993,0.32563107301950556,0.1200000000000001,0.15373721669831597,1.2357003510348488,-0.6638618726311486,0.3361381273688514,0.9321098155499641,,0.0,0.0,0.0,0.0,,,,,
2024-05-03,-0.011732535980362613,-0.0694698449737583,-0.05691732188792198,0.012054081407217782,0.6584945883229443,0.16999999999999993,0.16078509735743154,1.2217620162816754,-0.24513576125801956,0.3361381273688514,0.9321098155499641,,0.0,0.0,0.0,0.0,,,,,
2024-05-06,0.0056338177182553295,-0.05063140247655795,-0.047014149806711814,0.012277133108563345,0.5333555292794667,0.13999999999999968,0.16789299035042843,1.208077181064648,-0.12504189271857682,0.6232928441775275,0.9321098155499641,,0.0,0.0,0.0,0.0,,,,,
2024-05-07,-0.0016242897305147608,-0.043075299862111116,-0.04498040253443936,0.012077715806286223,0.7255338646163345,0.22000000000000064,0.17506285691479787,1.1946368143238286,-0.24999867075129067,0.7500013292487093,0.9321098155499641,,0.0,0.0,0.0,0.0,,,,,
2024-05-08,0.007474807445306375,-0.0016122034867986912,-0.03367800332011406,0.011885359382691326,0.6699897900124263,0.14999999999999947,0.1822967295583789,1.1814323220951515,0.4087025642298199,1.243774120548722,0.0,,0.0,0.0,0.0,0.0,,,,,
2024-05-09,0.003592892423520233,0.003344691876204564,-0.027125951627980704,0.011754031039472264,0.2246027390099936,0.1299999999999999,0.18959671577860562,1.1684555204277993,0.41254491805232263,1.0764067906834711,0.0,,0.0,0.0,0.0,0.0,,,,,
2024-05-10,-0.013070454324707548,0.002006773531859629,-0.036194752485110726,0.011675824732309378,0.10111554600348294,-0.0,0.19696500201611605,1.1556986103256968,0.03165580933269689,0.27679157059071646,0.0,,0.0,0.0,0.0,0.0,,,,,
2024-05-13,0.011213673448363437,0.007586629261967737,-0.021684894192469883,0.01216228445204569,-0.11059033745639546,0.009999999999999787,0.20440385786077264,1.1431541545365147,0.25442933362500914,0.379471226343586,0.0,,0.0,0.0,0.0,0.0,,,,,
2024-05-14,-0.013597165764109853,-0.004386246771627356,-0.03134082768649016,0.012357675542658072,0.13710859754449967,0.019999999999999574,0.21191564052942974,1.1308150560291086,0.5124434221644293,0.76244209291572,0.0,,0.0,0.0,0.0,0.0,,,,,
2024-05-15,0.0076321921933937276,-0.004228862023540003,-0.021663298130387254,0.010929331037598446,0.6860480912919464,0.1200000000000001,0.21950279963680427,1.118674538015942,0.6431412873743216,0.23443872314450176,0.0,,0.0,0.0,0.0,0.0,,,,,
2024-05-16,0.007698076257550923,-0.00012367818950931309,-0.012352669581151332,0.011143939099587045,0.7692975146402214,0.07000000000000028,0.22716788228263837,1.106726125390919,0.6437438332476494,0.23119891519532676,0.0,,0.0,0.0,0.0,0.0,,,,,
2024-05-17,0.009968699868314168,0.022915476003512403,-0.0010965005761489621,0.011391986541498186,0.6381234940252778,0.08000000000000007,0.22285603777863355,1.0929232990209463,0.45070802132694454,0.41905221199424764,0.0,,0.0,0.0,0.0,0.0,,,,,
2024-05-20,-0.0033118705524799452,0.00838993200266902,-0.002937409770730426,0.011393643473365802,0.6533028589785328,0.040000000000000036,0.21854701107381097,1.0793586001792483,0.48286342941256066,0.22843409578755153,0.0,,0.0,0.0,0.0,0.0,,,,,
2024-05-21,-0.00900962589372778,0.012977471873051094,-0.009817246975544869,0.011431378329909444,0.44806012847179444,0.040000000000000036,0.21424055898152103,1.0660233399114554,0.1287224250197726,-0.3837209971446567,0.0,,0.0,0.0,0.0,0.0,,,,,
2024-05-22,-0.01889800311820089,-0.013552723438543524,-0.025688106717856485,0.01202307025755212,-0.15813201509959907,-0.0699999999999994,0.20993643848719676,1.0529092469733934,0.09668095441208475,-0.5464603329622368,0.0,,0.0,0.0,0.0,0.0,,,,,
2024-05-23,-0.0214540216832102,-0.04270482137930465,-0.04255118479150344,0.012294779641666859,-0.43234155725451195,-0.08999999999999986,0.20563440667924102,1.040008441801534,0.1607717192381715,-0.4829721140094779,0.0,,0.0,0.0,0.0,0.0,,,,,
2024-05-24,0.012953050613297101,-0.039720470634321714,-0.025384730874571382,0.012726159782649793,-0.31492451874617355,-0.040000000000000036,0.20133422067982834,1.0273134124317411,0.09738541046724564,-0.3533226108596989,0.0,,0.0,0.0,0.0,0.0,,,,,
2024-05-27,0.0,-0.03640860008184177,-0.02183155880988341,0.012576796327616288,-0.31492451874617355,-0.040000000000000036,0.19703563757553555,1.0148169921957741,0.09738541046724564,-0.3533226108596989,0.0,,0.0,0.0,0.0,0.0,,,,,
2024-05-28,0.030370008807338422,0.002971034619224433,0.010114102004528114,0.01459315844080193,-0.04176988992357078,-0.1299999999999999,0.19273841434782948,1.0025123390419892,0.3287522886294134,0.2000298636096408,0.0,,0.0,0.0,0.0,0.0,,,,,
2024-05-29,-0.008191680410766011,0.013677357326659312,0.0022082431748735587,0.012578521252881154,-0.508366366040236,-0.1800000000000006,0.18844230780332247,0.9903929163417909,-0.0,-0.09668095441208475,0.0,,0.0,0.0,0.0,0.0,,,,,
2024-05-30,-0.01608074852845398,0.01905063048141553,-0.012850846493021706,0.013065931701764478,-0.17445914789355754,-0.08000000000000007,0.1841470745037057,0.9784524750568248,-0.17059149119629233,-0.3313632104344638,0.0,,0.0,0.0,0.0,0.0,,,,,
2024-05-31,-0.012617257803717585,-0.006519677935599155,-0.024402209345011805,0.013105540698514776,-0.39533881720676955,-0.04999999999999982,0.17985247069538768,0.966685037153876,-0.2840817198348065,-0.38146713030205215,0.0,,0.0,0.0,0.0,0.0,,,,,
2024-06-03,-0.03537535215621723,-0.04189503009181639,-0.05666120805577801,0.015063923173429672,-0.39533881720676955,-0.04999999999999982,2.1193550568493293,0.5941473334207209,-0.0,-0.38146713030205215,0.8384713670209432,,0.0,0.0,0.0,0.0,,,,,
2024-06-04,-0.013241683484086941,-0.08550672238324175,-0.06620566840673447,0.015226468831585127,-1.066952153504075,0.20999999999999996,2.0616879035434286,0.5884577318272898,0.18957312612918728,-0.13917916250022613,0.8384713670209432,,0.0,0.0,0.0,0.0,,,,,
2024-06-05,0.010847110037103036,-0.0664679319353727,-0.05182995036609217,0.015374648386887667,-0.3027075875809748,0.3200000000000003,2.0074277559071505,0.582799655008658,0.46262859748556445,0.46262859748556445,0.8384713670209432,,0.0,0.0,0.0,0.0,,,,,
2024-06-06,0.01899793285374418,-0.03138925055317454,-0.030073661530319207,0.016118116578162586,-0.3371594480489959,0.2699999999999996,1.9562283018105602,0.5771724716608414,0.3098982908892561,0.4804897820855484,0.8384713670209432,,0.0,0.0,0.0,0.0,,,,,
2024-06-07,0.00013067624977747272,-0.018641316499679483,-0.02784468582723676,0.0159429469657517,-1.1883896542121963,0.08000000000000007,1.907790531285284,0.5715755626925124,-0.0,0.2840817198348065,0.8384713670209432,,0.0,0.0,0.0,0.0,,,,,
2024-06-10,0.028595456883913073,0.04532949254045082,0.001979981338203096,0.01713593536661354,-1.2763289849114345,-0.05999999999999961,1.8618547169590698,0.566008320853267,-0.07794175146539409,-0.07794175146539409,0.0,,0.0,0.0,0.0,0.0,,,,,
2024-06-11,0.0016494325886373673,0.06022060861317513,0.004096294290729219,0.016894194986778698,-1.066851577828909,-0.05999999999999961,1.8181939970159033,0.5604701503742008,-0.0,-0.18957312612918728,0.0,,0.0,0.0,0.0,0.0,,,,,
2024-06-12,0.00858374369139181,0.057957242267463904,0.0130993407711113,0.0169195250147401,-1.0573400503860464,-0.019999999999999574,1.7766091952887226,0.5549604666202809,-0.08095973012511512,-0.5435883276106795,0.0,,0.0,0.0,0.0,0.0,,,,,
2024-06-13,0.0006282591147153127,0.039587568528435035,0.014500393531958977,0.016814534182006013,-1.3501531813423506,0.040000000000000036,1.736924605994305,0.549478695754026,0.4097765435638656,0.09987825267460954,0.0,,0.0,0.0,0.0,0.0,,,,,
2024-06-14,-0.0025154081933678185,0.036941484085289744,0.013381984387805801,0.016625451335755163,-0.5021489449529959,0.22999999999999954,1.6989845376235349,0.5440242744100309,0.668116566802066,0.668116566802066,0.0,,0.0,0.0,0.0,0.0,,,,,
2024-06-17,0.02389064727156498,0.03223667447294165,0.03730950481738393,0.017547689134119467,-0.26349238373852835,0.1899999999999995,1.6789560274126085,0.5359848185757307,0.3071601159988212,0.38510186746421526,0.0,,0.0,0.0,0.0,0.0,,,,,
2024-06-18,0.01634182708589993,0.04692906897020421,0.052420632412315094,0.017779531706906493,0.04619667529057736,0.16999999999999993,1.6594233927599837,0.5279868243601934,0.5923456971830737,0.5923456971830737,0.0,,0.0,0.0,0.0,0.0,,,,,
2024-06-19,0.0,0.0383453252788124,0.05024503276543779,0.01714430461366551,0.04619667529057736,0.16999999999999993,1.6403648227588234,0.5200287282824435,0.5923456971830737,0.5923456971830737,0.0,,0.0,0.0,0.0,0.0,,,,,
2024-06-20,0.00807184672972383,0.04578891289382092,0.054664986427636286,0.016250399692604493,-0.13586134885725798,-0.009999999999999787,1.621759829276527,0.5121089931994214,1.0,0.5902234564361344,0.0,,0.0,0.0,0.0,0.0,,,,,
2024-06-21,-0.019752232597691766,0.028552088489496974,0.032896124922968895,0.016897826241678217,0.048965365057740406,-0.04999999999999982,1.6035891452650004,0.5042261068069459,1.0,0.331883433197934,0.0,,0.0,0.0,0.0,0.0,,,,,
2024-06-24,0.01119641731647647,0.015857858534408464,0.04151609246664645,0.017012577138915658,0.4237799724724156,0.03000000000000025,1.5858346324756254,0.4963785801846003,1.0,0.331883433197934,0.0,,0.0,0.0,0.0,0.0,,,,,
2024-06-25,-0.008019484048153558,-0.008503452599645023,0.03283963328846795,0.015836719604650416,0.028956843816940747,-0.010000000000000675,1.5684791975672645,0.4885649463812474,1.0,0.4076543028169263,0.0,,0.0,0.0,0.0,0.0,,,,,
2024-06-26,0.0026803134954693775,-0.005823139104175645,0.034319371958601685,0.015703028956184677,0.028956843816940747,-0.010000000000000675,1.55150671571938,0.48078375903802734,1.0,0.4076543028169263,0.0,,0.0,0.0,0.0,0.0,,,,,
2024-06-27,0.010288779257169978,-0.003606206576729498,0.042089100001153845,0.015276919248418704,-0.11747938675599201,-0.040000000000000036,1.5349019609688317,0.4730335910458062,1.0,0.0,0.0,,0.0,0.0,0.0,0.0,,,,,
2024-06-28,-0.002532104807405844,0.013613921213556424,0.03653368632931553,0.014913119945456275,-0.08194436163166952,-0.11000000000000032,1.5186505425815948,0.46531303323415957,0.8966149290953117,-0.10338507090468829,0.0,,0.0,0.0,0.0,0.0,,,,,
2024-07-01,0.02232528704783654,0.024742790944916493,0.05295063255251531,0.012475792958723352,-0.6096392846317134,-0.23000000000000043,1.664630467243754,0.7117759047664658,0.24878984809692942,-0.10338507090468829,-1.696109397222123,,0.0,0.0,0.0,0.0,,,,,
2024-07-02,-0.007227947813202462,0.02553432717986759,0.03951365713113297,0.012055339909516521,-0.2823908337549197,-0.1999999999999993,1.6430999502502777,0.701137047987529,0.14927390885815234,-0.8507260911418477,-1.696109397222123,,0.0,0.0,0.0,0.0,,,,,
2024-07-03,0.012996402209942026,0.03585041589434024,0.04619356712425304,0.012108324363343031,0.3888620634154294,-0.040000000000000036,1.622141866643997,0.6905907005318092,0.049870738920855605,-0.9501292610791444,-1.696109397222123,,0.0,0.0,0.0,0.0,,,,,
2024-07-04,0.0,0.02556163663717026,0.04082697155011772,0.011802434903848903,0.3888620634154294,-0.040000000000000036,1.6017290349805748,0.680133250838664,0.049870738920855605,-0.9501292610791444,-1.696109397222123,,0.0,0.0,0.0,0.0,,,,,
2024-07-05,-0.008842833074628409,0.019250908369947695,0.027066218367575168,0.012176592603942986,0.5910137887115585,0.08000000000000007,1.5818360493653487,0.6697611872319478,1.0,0.10338507090468829,-1.696109397222123,,0.0,0.0,0.0,0.0,,,,,
2024-07-08,-0.00963891558668628,-0.012713294264575126,0.01442110129650409,0.011228022034074055,0.8910817110118541,0.20000000000000018,1.5624391325849984,0.6594710919298399,1.0,0.7512101519030706,0.0,,0.0,0.0,0.0,0.0,,,,,
2024-07-09,-0.010215821072847575,-0.01570116752422024,0.0017923414223464107,0.011610437553748368,0.7117128496914926,0.1299999999999999,1.54351600383573,0.6492596353368224,0.8758630345086492,0.7265891256504968,0.0,,0.0,0.0,0.0,0.0,,,,,
2024-07-10,0.007341911778307342,-0.021355657955854923,0.0067834059949980485,0.011578977724833944,0.4744831018413831,0.08000000000000007,1.5250457593628621,0.6391235705953257,0.589148389127115,0.5392776502062594,0.0,,0.0,0.0,0.0,0.0,,,,,
2024-07-11,0.006335565989147973,-0.01502009196670695,0.010482759434767175,0.01160459025412455,0.4744831018413831,0.08000000000000007,1.5070087645472996,0.6290597283760528,0.7808331592457041,0.5392776502062594,0.0,,0.0,0.0,0.0,0.0,,,,,
2024-07-12,-0.00513709988213229,-0.011314358774210831,0.002840531587696482,0.011680404893107272,0.8388661134696496,0.10000000000000053,1.489386556162844,0.6190650118873214,0.9016101954766541,-0.09838980452334589,0.0,,0.0,0.0,0.0,0.0,,,,,
2024-07-15,-0.0032391606511144033,-0.0049146038386389534,-0.0015472666322233763,0.010590612533018306,0.5860198317736431,0.04999999999999982,1.472161753689778,0.6091363920849712,1.0,0.0,0.0,,0.0,0.0,0.0,0.0,,,,,
2024-07-16,-0.01574454226359734,-0.010443325029388717,-0.016836127997151173,0.010598237601531738,0.5515890090602604,0.1299999999999999,1.4553179787086832,0.5992709030654645,0.9561385268872288,0.08027549237857956,0.0,,0.0,0.0,0.0,0.0,,,,,
2024-07-17,0.026976587698202437,0.009191350890506378,0.009247311214809706,0.0122475885188397,0.5450951582724128,0.1200000000000001,1.4388397815180876,0.5894656376257748,0.9561385268872288,0.08027549237857956,0.0,,0.0,0.0,0.0,0.0,,,,,
2024-07-18,0.0001188142340842191,0.0029745991354426238,0.00887062858743537,0.012130796855803583,-0.01783837939544064,-0.0,1.417690007345676,0.5773412714449838,0.8211245420562298,0.04029138281052569,0.0,,0.0,0.0,0.0,0.0,,,,,
2024-07-19,-0.033094807744443955,-0.02498310872686904,-0.02405254726112993,0.013582894068930094,-0.5770971019369409,-0.07000000000000028,1.3970970867728045,0.5652447986792182,0.7105434556318636,-0.1910667398447905,0.0,,0.0,0.0,0.0,0.0,,,,,
2024-07-22,-0.002212934269193667,-0.023956882344948305,-0.025423382055161703,0.013320639014731819,-0.47498791125188955,-0.02999999999999936,1.3770334875094343,0.5531697166654889,0.7077335085603482,-0.2922664914396518,0.0,,0.0,0.0,0.0,0.0,,,,,
2024-07-23,-0.03774979548328439,-0.045962135564635354,-0.06084456249152659,0.015623561248914307,-0.5360704787233939,-0.08000000000000007,1.3574735290785236,0.5411093953978593,0.8357912551551236,-0.12034727173210513,0.0,,0.0,0.0,0.0,0.0,,,,,
2024-07-24,0.0068781318161974525,-0.06606059144664034,-0.05184770654444737,0.015722279523019182,-0.8484467588435907,-0.1200000000000001,1.3383932246334156,0.5290570514080533,1.0,-0.12034727173210513,0.0,,0.0,0.0,0.0,0.0,,,,,
2024-07-25,0.008216973102281422,-0.057962432578443135,-0.0414084190035382,0.015642851524499086,-0.6007774191735704,-0.0699999999999994,1.3197701389943448,0.5170057194973585,0.919441709746364,0.09831716769013421,0.0,,0.0,0.0,0.0,0.0,,,,,
2024-07-26,-0.010758916514727268,-0.03562654134872645,-0.04953368049427276,0.0157591591679296,-0.42631976418425754,0.04999999999999982,1.301583260972682,0.5049482219568915,1.0,0.2894565443681364,0.0,,0.0,0.0,0.0,0.0,,,,,
2024-07-29,-0.01681143218482184,-0.05022503926435462,-0.06175462169346879,0.014903456490967453,-0.748272156809282,0.08999999999999986,1.2838128883123205,0.49287713485673434,1.0,0.2922664914396518,0.0,,0.0,0.0,0.0,0.0,,,,,
2024-07-30,-0.014338097560795404,-0.026813341341865637,-0.07114672078125928,0.015053727001608773,-0.7304008694785313,0.09999999999999964,1.2664405237990652,0.4807847509163577,1.0,0.16420874484487635,0.0,,0.0,0.0,0.0,0.0,,,,,
2024-07-31,0.04102677859192028,0.007335305433857187,-0.026575462535432415,0.017856092318617015,-0.06458531452966376,0.1900000000000004,1.2494487812776751,0.4686630383865138,1.0,0.0,0.0,,0.0,0.0,0.0,0.0,,,,,
2024-08-01,-0.020624537552540012,-0.021506205220964247,-0.04262429355643782,0.018232211358312496,-0.27580657434795874,0.27999999999999936,2.7713311604300475,0.7170791232360392,1.0,0.0,0.517633645181037,,0.0,0.0,0.0,0.0,,,,,
2024-08-02,-0.03601515411077916,-0.04676244281701614,-0.07270512508387661,0.01953292878691366,0.16487159583413735,0.40000000000000036,2.66583591241387,0.7038410382100728,1.0,0.0,0.517633645181037,,0.0,0.0,0.0,0.0,,,,,
2024-08-05,-0.0070927028687268745,-0.03704371350092117,-0.07399081600516055,0.019515802650137345,0.45150927346075953,0.3900000000000001,2.5699100781913007,0.6906855030317317,1.0,0.0,0.517633645181037,,0.0,0.0,0.0,0.0,,,,,
2024-08-06,0.0018784387651438195,-0.020827177174981948,-0.06691007828447226,0.019559328784096,0.5087480035885106,0.25000000000000044,2.4821393371628084,0.677604806780843,1.0,0.0,0.517633645181037,,0.0,0.0,0.0,0.0,,,,,
2024-08-07,0.02750041096772904,-0.034353544799173186,-0.03521529332067086,0.020724472269472955,0.054595174757132714,0.1299999999999999,2.401386258304505,0.6645912210511836,1.0,0.0,0.517633645181037,,0.0,0.0,0.0,0.0,,,,,
2024-08-08,0.012441840123365466,-0.0012871671232677073,-0.018884392907944303,0.02093170715126525,0.3412467818902587,-0.0,2.3267242017857965,0.6516369694548093,0.8431452931039636,0.0,0.0,,0.0,0.0,0.0,0.0,,,,,
2024-08-09,0.008209384227066074,0.042937371214577524,-0.007453272596976035,0.02110188223838207,0.43776489635785065,-0.14000000000000012,2.2573895457890334,0.6387341952434035,0.7140127185117934,-0.2859872814882066,0.0,,0.0,0.0,0.0,0.0,,,,,
2024-08-12,0.03969719252017878,0.08972726660348318,0.03331883834853944,0.023181613464772672,0.2899366962105909,-0.1200000000000001,2.1927465202420464,0.6258749265973249,0.7463570321118267,-0.2536429678881733,0.0,,0.0,0.0,0.0,0.0,,,,,
2024-08-13,-0.020340525160136735,0.06750830267820263,0.014283030758567072,0.023356804981730366,0.5164443783096551,0.04999999999999982,2.132260894246756,0.6130510390616533,0.8391908377200579,-0.16080916227994213,0.0,,0.0,0.0,0.0,0.0,,,,,
2024-08-14,-0.01693242374853554,0.023075467961938045,0.0008507751525321794,0.02261026705368556,0.922636437058244,0.1299999999999999,2.0754799971229674,0.6002542145197951,0.7854499576163263,-0.2145500423836737,0.0,,0.0,0.0,0.0,0.0,,,,,
2024-08-15,0.015051191614116277,0.025684819452688856,0.01865551604014737,0.02297958644354068,0.6984396492086486,0.07000000000000028,2.0220173461371322,0.5874758959848099,0.6188571356401467,-0.22428815746381692,0.0,,0.0,0.0,0.0,0.0,,,,,
2024-08-16,-0.020417930792056893,-0.0029424955664341113,0.0003572906739703896,0.022262275995594223,0.4314734852059243,0.04999999999999982,1.9750066334770657,0.5750781864937327,0.698530656256749,-0.015482062255044338,0.0,,0.0,0.0,0.0,0.0,,,,,
2024-08-19,-0.028987536873252395,-0.07162722495986529,-0.025171810643199066,0.023058960383527966,1.088780753836216,0.040000000000000036,1.9305046852118983,0.5627173178995832,0.7083886021190844,-0.0379684299927423,0.0,,0.0,0.0,0.0,0.0,,,,,
2024-08-20,-0.007280461041748509,-0.05856716084147706,-0.03051730285094134,0.02163682158960047,1.0094736722307762,0.03000000000000025,1.8882946467349457,0.5503901774260739,0.6576155766049694,-0.18157526111508848,0.0,,0.0,0.0,0.0,0.0,,,,,
2024-08-21,-0.033915295396518275,-0.0755500324894598,-0.06045795805281795,0.02266083368221846,0.47063743519750734,0.040000000000000036,1.8481863867802313,0.5380946260374411,0.7177876523499578,-0.06766230526636852,0.0,,0.0,0.0,0.0,0.0,,,,,
2024-08-22,0.01310777915170025,-0.07749344495187582,-0.04362007900894671,0.022825115318832547,0.1809365628905435,0.06000000000000005,1.810012544165063,0.5258298398742426,0.670194217143967,0.051337081503820325,0.0,,0.0,0.0,0.0,0.0,,,,,
2024-08-23,0.028087977286566534,-0.028987536873252395,-0.013744346520273787,0.023826415693710298,0.7659488942557524,0.08000000000000007,1.7736252850751644,0.5135967931204664,0.7287403968807981,0.03020974062404902,0.0,,0.0,0.0,0.0,0.0,,,,,
2024-08-26,0.0334618172681731,0.0334618172681731,0.0189915634773552,0.024790400434239128,0.15137989543710928,0.040000000000000036,1.7388936272744973,0.5013989483773719,0.7067247369818862,-0.0016638651371981839,0.0,,0.0,0.0,0.0,0.0,,,,,
2024-08-27,-0.02453318652387182,0.01620909178604979,-0.005757775868906023,0.025217595888915974,-0.07752141693382342,-0.010000000000000231,1.70570122054799,0.4892432571642013,0.8032084078383684,0.14559283123339906,0.0,,0.0,0.0,0.0,0.0,,,,,
2024-08-28,-0.013290543680956723,0.03683384350161134,-0.016548606258608878,0.023454346253839405,-0.033482829791520174,-0.04999999999999982,1.6739444973909139,0.47714163368760265,0.6988584621610048,-0.018929190188953005,0.0,,0.0,0.0,0.0,0.0,,,,,
2024-08-29,0.018505679360065308,0.0422317437099764,0.002500275547080655,0.02349488116462488,0.10566954281782115,-0.010000000000000231,1.643531126690266,0.4651131682002475,0.43592713328636684,-0.23426708385760014,0.0,,0.0,0.0,0.0,0.0,,,,,
2024-08-30,-0.03143833077821068,-0.017294564354800812,-0.0286236939521336,0.023150970892472502,-0.7134053517339423,-0.10000000000000009,1.6143787174925246,0.45318752806598367,-0.04532128515479554,-0.7740616820355936,0.0,,0.0,0.0,0.0,0.0,,,,,
2024-09-02,0.0,-0.05075638162297391,-0.02866396781657432,0.02309593174317836,-0.7134053517339423,-0.10000000000000009,2.194614435349382,-2.6782429449317506,-0.04532128515479554,-0.7740616820355936,-0.7954414557895362,,0.0,0.0,0.0,0.0,,,,,
2024-09-03,-0.04445176257083361,-0.0706749576699357,-0.07083949418505053,0.02513527326161963,-0.7499146612049756,-0.009999999999999787,2.1418484991447424,-2.708582665248531,0.1688270046242617,-0.6343814032141067,-0.7954414557895362,,0.0,0.0,0.0,0.0,,,,,
2024-09-04,-0.01655034594367777,-0.07393475993265675,-0.08291106608079968,0.02430500848296338,-0.5087194397112915,0.06999999999999984,2.0922761207371146,-2.7398535097941403,0.36472267865168406,-0.3341357835093207,-0.7954414557895362,,0.0,0.0,0.0,0.0,,,,,
2024-09-05,-0.00028530670664306257,-0.09272574599936512,-0.07808124139801365,0.02400341453875669,-0.17998368693310507,0.14000000000000012,2.045605063086843,-2.772105396716427,0.43518965967943707,-0.0007374736069297727,-0.7954414557895362,,0.0,0.0,0.0,0.0,,,,,
2024-09-06,-0.02177918347745944,-0.08306659869861388,-0.093245865100819,0.024063836688011486,-0.14134339168550003,0.18999999999999995,2.0015827502913415,-2.805392084730345,0.5745151979921909,0.6198364831469864,-0.7954414557895362,,0.0,0.0,0.0,0.0,,,,,
2024-09-09,0.015481753191040504,-0.06758484550757338,-0.06993878016866528,0.022143605180922794,-0.14134339168550003,0.18999999999999995,1.9599900224344577,-2.839771562020128,0.4823120479489792,0.6198364831469864,0.0,,0.0,0.0,0.0,0.0,,,,,
2024-09-10,-0.04282807331029925,-0.06596115624703902,-0.10381714433034528,0.023350558561691433,-0.1840674175422663,0.18999999999999995,1.9206361104125707,-2.8753064844091796,0.4884853824080986,0.3196583777838369,0.0,,0.0,0.0,0.0,0.0,,,,,
2024-09-11,0.022522807149553792,-0.02688800315380746,-0.07431738957707612,0.02428848861542469,-0.21303618186923057,0.1200000000000001,1.883354568364837,-2.912064670350188,0.4516573254102244,0.08693464675854035,0.0,,0.0,0.0,0.0,0.0,,,,,
2024-09-12,0.023745143423968607,-0.0028575530231957913,-0.04402999613988445,0.02477638054470024,0.00898301638256882,0.04999999999999982,1.8479999662089284,-2.95011966165647,0.6169751913770039,0.18178553169756678,0.0,,0.0,0.0,0.0,0.0,,,,,
2024-09-13,-0.004301698632279027,0.014619931821984622,-0.04259525636692896,0.02456249872798536,0.6889846537648014,0.06000000000000005,1.8144451924674867,-2.9895513605519453,0.6806842512234936,0.10616905323130277,0.0,,0.0,0.0,0.0,0.0,,,,,
2024-09-16,0.02146645795243618,0.020604636583380298,-0.017915059750543527,0.024639628160713734,0.9925388459168905,0.07000000000000028,1.776783095940069,-2.863402612279536,0.6901883658588664,0.20787631790988725,0.0,,0.0,0.0,0.0,0.0,,,,,
2024-09-17,0.01479853894517369,0.07823124883885324,-0.0010067321407660756,0.024940607391218783,1.1413975290857192,-0.0,1.7408261191027943,-2.7501922497972275,0.5492855973474543,0.06080021493935572,0.0,,0.0,0.0,0.0,0.0,,,,,
2024-09-18,-0.0040269442740168415,0.05168149741528261,-0.004418305306304937,0.02380409473215542,0.9884716319392917,-0.050000000000000266,1.7064486961210896,-2.6477929040740267,0.4270489172774596,-0.024608408132764825,0.0,,0.0,0.0,0.0,0.0,,,,,
2024-09-19,0.01368086010006575,0.04161721409137975,0.009849271854821318,0.023821821649097946,0.9281106284347862,-0.04999999999999982,1.6735388885259812,-2.5545381652297547,0.553142501414095,-0.0638326899629088,0.0,,0.0,0.0,0.0,0.0,,,,,
2024-09-20,-0.0019233417111941264,0.04399557101246465,0.010013213154575595,0.02284572867261654,0.20541678893857274,-0.06999999999999984,1.6419966589326627,-2.4691015406528707,0.48630228383042706,-0.19438196739306657,0.0,,0.0,0.0,0.0,0.0,,,,,
2024-09-23,-0.019299453579276538,0.003229659480751934,-0.004560893871380145,0.021533268939284773,0.055392040665824815,-0.1200000000000001,1.6117324204258707,-2.390412142974236,0.4795307971481162,-0.21065756871075025,0.0,,0.0,0.0,0.0,0.0,,,,,
2024-09-24,0.014060230234004933,0.0024913507695831782,0.012295012078052281,0.02139358798811722,0.38979269442966924,-0.0900000000000003,1.5826658134036815,-2.3175946204431543,0.4843561748769315,-0.0649294224705228,0.0,,0.0,0.0,0.0,0.0,,,,,
2024-09-25,-0.02689991279704529,-0.02038161775344527,-0.011128756547761576,0.021954064218376056,0.09632960354322151,-0.08999999999999986,1.5547246715482643,-2.249925498599608,0.4334437706288872,0.006394853351427643,0.0,,0.0,0.0,0.0,0.0,,,,,
2024-09-26,-0.030860415800666452,-0.06492289365417747,-0.03604472341916054,0.02212700776228205,0.18745996691008626,-0.06000000000000005,1.5278441463169754,-2.186800883571587,0.3884383045574688,-0.16470419685662624,0.0,,0.0,0.0,0.0,0.0,,,,,
2024-09-27,0.006423379749760372,-0.05657617219322297,-0.025569980266530123,0.021440044550266043,0.24224662535048402,-0.020000000000000018,1.5019659654489068,-2.1277121895691846,0.5229637662864379,0.03666148245601086,0.0,,0.0,0.0,0.0,0.0,,,,,
2024-09-30,0.00043645887068066713,-0.03684025974326577,-0.021103980936514333,0.021444606946306587,0.11850419541086232,-0.06000000000000005,1.4770378058538722,-2.0722276357409504,0.5229637662864379,0.03666148245601086,0.0,,0.0,0.0,0.0,0.0,,,,,
2024-10-01,0.023858561984360982,-0.02704192799290972,0.0033686052794212884,0.020063094385341138,-0.4614910867826172,-0.0,0.9775256233953002,-0.06462261035074154,0.40921754091556023,-0.07513863396137127,0.2057065994637397,,0.0,0.0,0.0,0.0,,,,,
2024-10-02,0.004675885246292921,0.00453387005042849,0.007597203197791558,0.019734442930855894,-0.10515073939003639,-0.0,0.9624216152662652,-0.05548302063539375,0.20232779757343763,-0.2311159730554496,0.2057065994637397,,0.0,0.0,0.0,0.0,,,,,
2024-10-03,0.04950345495986763,0.08489774081096257,0.05416393274641074,0.022573320730609938,-0.8599379741242252,-0.06000000000000005,0.9475945755585239,-0.04626021110004518,0.07948130888325,-0.3089569956742188,0.2057065994637397,,0.0,0.0,0.0,0.0,,,,,
2024-10-04,0.008039705639016681,0.08651406670021888,0.05777596851835565,0.021827369727183,-0.915357882142942,-0.22999999999999998,0.9330371821493696,-0.03694981956695246,-0.43952066041759263,-0.9624844267040306,0.2057065994637397,,0.0,0.0,0.0,0.0,,,,,
2024-10-07,0.03707281577596433,0.12315042360550255,0.08934156129800108,0.022909951192300312,-0.9380276766397522,-0.2200000000000002,0.9187430899669395,-0.027547271825970783,-0.5170880910815503,-0.9624844267040306,0.2057065994637397,,0.0,0.0,0.0,0.0,,,,,
2024-10-08,-0.046054711403249904,0.05323715021789166,0.03794095880308035,0.02327666898232941,-0.8007356512263586,-0.2999999999999998,0.9047069703965546,-0.01804776560220045,-0.6672735230848642,-1.0764910640004244,0.0,,0.0,0.0,0.0,0.0,,,,,
2024-10-09,-0.005536439771544721,0.04302482520005402,0.02846159028591977,0.023031186719217518,-1.0773004399024622,-0.2699999999999996,0.8909245682187894,-0.008446253088658612,-0.6498819082176466,-0.8522097057910842,0.0,,0.0,0.0,0.0,0.0,,,,,
2024-10-10,0.03473171929087737,0.028253089531063758,0.058701052037836376,0.023651040198357596,-0.7987245301126711,-0.23999999999999977,0.8773927792381467,0.0012625781141621531,-0.6175228019553332,-0.6970041108385832,0.0,,0.0,0.0,0.0,0.0,,,,,
2024-10-11,-0.004588065988966328,0.01562531790308075,0.049635046877742894,0.02365673027273212,-0.6224855731113754,-0.10000000000000009,0.8641097527224957,0.011084325830373045,-0.7195701312191282,-0.2800494708015355,0.0,,0.0,0.0,0.0,0.0,,,,,
2024-10-14,0.0,-0.02144749787288358,0.04623043060423715,0.023330100936823903,-0.6224855731113754,-0.10000000000000009,0.8510750240267521,0.02102489611436019,-0.7195701312191282,-0.2800494708015355,0.0,,0.0,0.0,0.0,0.0,,,,,
2024-10-15,-0.06640598442966805,-0.04179877089930173,-0.019519943930194295,0.02786770282167685,-0.6928767960868276,0.009999999999999787,0.8382896844276325,0.031090528258992806,-0.737537843763167,-0.0702643206783028,0.0,,0.0,0.0,0.0,0.0,,,,,
2024-10-16,-0.0035164253127399903,-0.039778756440497,-0.022406285295760497,0.02786468590251223,-0.8474790062995341,0.040000000000000036,0.8242915282377631,0.03586540691717436,-0.68098731307966,-0.031105404862013408,0.0,,0.0,0.0,0.0,0.0,,,,,
2024-10-17,0.00407790764079774,-0.07043256809057663,-0.017218146084827524,0.027687280871358192,-0.8262717199953418,-0.0,0.8104578963894942,0.04065574972854957,-0.8267669171362294,-0.20924411518089625,0.0,,0.0,0.0,0.0,0.0,,,,,
2024-10-18,-0.020987724419061493,-0.0868322265206718,-0.03614241979835864,0.02804264230210845,-0.7627225454441833,-0.0,0.7967815590091808,0.04546199181079793,-0.9353742065337034,-0.21580407531457524,0.0,,0.0,0.0,0.0,0.0,,,,,
2024-10-21,0.01958342703900584,-0.06724879948166596,-0.01643968608473756,0.028132505603567448,-0.7627225454441833,-0.0,0.7832556640485744,0.05028457573021738,-1.0,-0.21580407531457524,0.0,,0.0,0.0,0.0,0.0,,,,,
2024-10-22,0.023334392061773457,0.022491577009775554,0.006550304560263065,0.028453133924841452,-0.727295397061356,-0.16999999999999993,0.7698737372763674,0.055123951756337775,-1.0,-0.262462156236833,0.0,,0.0,0.0,0.0,0.0,,,,,
2024-10-23,-0.020387641876431495,0.0056203604460840495,-0.014507352278972263,0.028160704472401907,-0.6210282956824242,-0.22000000000000064,0.7566296878521896,0.05998057812515591,-1.0,-0.31901268692034,0.0,,0.0,0.0,0.0,0.0,,,,,
2024-10-24,-0.011130794735851879,-0.00958834193056557,-0.027294643030868038,0.027331405108893966,-0.32269188685720707,-0.1200000000000001,0.7435178204314884,0.06485492131138719,-1.0,-0.1732330828637706,0.0,,0.0,0.0,0.0,0.0,,,,,
2024-10-25,0.020197039973605335,0.03159642246210126,-0.009442782084498447,0.02762974303480373,-0.558431549768601,-0.16999999999999993,0.7305328550564186,0.0697474563101352,-1.0,-0.0646257934662966,0.0,,0.0,0.0,0.0,0.0,,,,,
2024-10-28,-0.06259650360393199,-0.05058350818083657,-0.07123281659193648,0.03122058406314274,-0.26663838805485174,-0.08999999999999986,0.7176699564875273,0.07465866692841866,-1.0,0.0,0.0,,0.0,0.0,0.0,0.0,,,,,
2024-10-29,-0.002516096939030099,-0.07643399718164012,-0.07162371148830271,0.030676195514047804,-0.3621071177961399,-0.08000000000000007,0.7049247751578052,0.07958904608699932,-1.0,0.0,0.0,,0.0,0.0,0.0,0.0,,,,,
2024-10-30,0.020970047691348803,-0.035076307613859825,-0.04934316987654341,0.031080042029522446,-0.0980006111003684,-0.04999999999999982,0.6922935026325365,0.08453909613299039,-1.0,0.0,0.0,,0.0,0.0,0.0,0.0,,,,,
2024-10-31,0.00967586435467993,-0.014269648523328016,-0.03636543207119303,0.02884873622813633,-0.22977575781426562,-0.07000000000000028,0.67977294540365,0.08950932916374352,-1.0,0.0,0.0,,0.0,0.0,0.0,0.0,,,,,
2024-11-01,0.003300096258514351,-0.031166592238419,-0.029526481892983014,0.028770025931779932,-0.15817286665247288,-0.1200000000000001,0.11595626024761768,-1.785580689552932,-0.686958140719348,0.313041859280652,-0.5632052637729701,,0.0,0.0,0.0,0.0,,,,,
2024-11-04,0.028524950104399593,0.05995486146991258,0.002964715414689678,0.028192664184742654,0.1741079870136053,-0.02999999999999936,0.10027342118630693,-1.7455229419285623,-0.43465190949154126,0.5653480905084587,-0.5632052637729701,,0.0,0.0,0.0,0.0,,,,,
2024-11-05,0.005968509632784169,0.06843946804172685,0.010298311198946308,0.02645118618489385,0.24667390670599643,0.020000000000000462,0.08410918892178863,-1.7072408062489666,-0.4963660009031913,0.5036339990968087,-0.5632052637729701,,0.0,0.0,0.0,0.0,,,,,
2024-11-06,-0.0038824230686094197,0.043586997281768625,0.007698273446662185,0.02644004117237267,-0.7116114771186011,-0.1299999999999999,0.06740963822554005,-1.6705924252130284,-0.6417703134114586,0.3582296865885414,-0.5632052637729701,,0.0,0.0,0.0,0.0,,,,,
2024-11-07,0.00981552084565962,0.043726653772748314,0.020041989530906967,0.025212305589900567,0.019070696192591274,-0.02999999999999936,0.05011260949097036,-1.635451187372789,-0.5202021323412747,0.47979786765872534,-0.5632052637729701,,0.0,0.0,0.0,0.0,,,,,
2024-11-08,-0.027899703313681634,0.012526854200552329,-0.004163936677952229,0.0258435021282155,-0.6197539252417394,0.07000000000000028,0.03214593840685628,-1.6017036707995609,-0.6868209669415821,0.00013717377776589768,0.0,,0.0,0.0,0.0,0.0,,,,,
2024-11-11,0.0,-0.015998095903847265,-0.0004701595731297914,0.0258435021282155,-0.6197539252417394,0.07000000000000028,0.013425192574829076,-1.569247915946143,-0.6868209669415821,0.00013717377776589768,0.0,,0.0,0.0,0.0,0.0,,,,,
2024-11-12,-0.03249279521845594,-0.05445940075508737,-0.030964837147324786,0.022394668913783528,-1.7847795159016355,-0.16999999999999993,-0.006149257265216424,-1.53799196712924,-0.8323565725402661,-0.3359905716370748,0.0,,0.0,0.0,0.0,0.0,,,,,
2024-11-13,0.004810855550242188,-0.045766122136235765,-0.024572227995971474,0.022442314822040996,-0.9973469314696892,-0.020000000000000462,-0.026696077550115035,-1.5078526345678422,-0.7080534163620802,-0.06628310295062156,0.0,,0.0,0.0,0.0,0.0,,,,,
2024-11-14,0.003339386043368364,-0.05224225693852702,-0.01961416227161905,0.022433118111845528,-1.784411941494679,-0.1200000000000001,-0.04835808184143868,-1.4787544385738907,-0.7679996012602897,-0.247797468919015,0.0,,0.0,0.0,0.0,0.0,,,,,
2024-11-15,-0.02435566400082756,-0.048698217625672946,-0.04218274961237434,0.022598200192917167,-1.0381339230186581,-0.1299999999999999,-0.0713091420778049,-1.4506287050083062,-0.7093107525076415,-0.022489785566059406,0.0,,0.0,0.0,0.0,0.0,,,,,
2024-11-18,0.031145144758737864,-0.017553072866935082,-0.009828614079551379,0.023310313394693534,-1.0381339230186581,-0.1299999999999999,-0.0822014675416036,-1.4240155852466707,-0.5207910445194486,-0.022489785566059406,0.0,,0.0,0.0,0.0,0.0,,,,,
2024-11-19,0.00416637338554704,0.019106095737067896,-0.003494848986107968,0.022632289174679836,0.29721667000588425,0.040000000000000036,-0.09326903730641913,-1.398227565458876,-0.45506760072394753,0.37728897181631854,0.0,,0.0,0.0,0.0,0.0,,,,,
2024-11-20,-0.007194275634026859,0.00710096455279885,-0.009181401224357622,0.022262522853917464,0.06080789431399669,0.03000000000000025,-0.10452170967184589,-1.3732148361851337,-0.44630317419077675,0.26175024217130344,0.0,,0.0,0.0,0.0,0.0,,,,,
2024-11-21,0.016328062552592115,0.0200896410620226,0.007281441859588789,0.022483433513780567,-0.08125888276910853,-0.0,-0.11597002879732801,-1.3489315784180191,-0.49150378758514307,0.2764958136751466,0.0,,0.0,0.0,0.0,0.0,,,,,
2024-11-22,0.018160561046634882,0.06260586610948504,0.025678607383925467,0.022390928737574485,-0.46215149489929885,0.019999999999999574,-0.12762529114173174,-1.3253355554878687,-0.4626241938213972,0.24668655868624434,0.0,,0.0,0.0,0.0,0.0,,,,,
2024-11-25,-0.03218081931518224,-0.0007200979644350625,-0.007786391667990777,0.018653545246362195,-0.30828288094024714,0.15000000000000036,-0.13949961991050533,-1.3023877546857818,-0.16016979799790354,0.36062124652154504,0.0,,0.0,0.0,0.0,0.0,,,,,
2024-11-26,-0.00520006949619134,-0.010086540846173442,-0.014136442273058769,0.018691939516345304,-0.8154310859070479,0.08999999999999986,-0.15160604868466337,-1.2800520715981276,-0.1765774170707984,0.27849018365314915,0.0,,0.0,0.0,0.0,0.0,,,,,
2024-11-27,-0.00028968713991694983,-0.003181952352063533,-0.014513123780289128,0.01810062843318704,0.04689470365699666,0.16000000000000014,-0.1639586156095742,-1.2582950312471215,-0.07042506227775772,0.375878111913019,0.0,,0.0,0.0,0.0,0.0,,,,,
2024-11-28,0.0,-0.019510014904655648,-0.014116324929868362,0.017959607114862976,0.04689470365699666,0.16000000000000014,-0.17657246976633223,-1.2370855410542736,-0.07042506227775772,0.375878111913019,0.0,,0.0,0.0,0.0,0.0,,,,,
2024-11-29,-0.011217249236823434,-0.048887825188113965,-0.024210908041504275,0.018095186498349698,0.6992952133501484,0.23000000000000043,-0.18946399164373814,-1.2163946714056981,0.1410946354249161,0.6037188292463133,0.0,,0.0,0.0,0.0,0.0,,,,,
2024-12-02,0.0013176196913979865,-0.015389386181533737,-0.020410255704269353,0.01671942082091603,-0.10425623726326716,0.07999999999999918,-1.0096637218477416,-2.4913354872411975,-0.0,0.16016979799790354,1.2837943264245588,,0.0,0.0,0.0,0.0,,,,,
2024-12-03,0.025994243378510973,0.015804926693168575,0.007065733632793503,0.017815895920316713,0.3716547346349075,0.0699999999999994,-1.0200362508195422,-2.4075703111774494,0.03585878415259478,0.21243620122339318,1.2837943264245588,,0.0,0.0,0.0,0.0,,,,,
2024-12-04,-0.019286723334081657,-0.003192109500996132,-0.009969028729464036,0.018252766404388866,0.04975536289479887,0.05999999999999961,-1.0305868084015228,-2.330301389147344,0.2542336921812324,0.32465875445899006,1.2837943264245588,,0.0,0.0,0.0,0.0,,,,,
2024-12-05,-0.0033481361796141584,-0.0065402456806102904,-0.010407021085988788,0.018030704128772664,0.04975536289479887,0.05999999999999961,-1.0413213437287174,-2.2586910934537485,0.11024266933286664,0.32465875445899006,1.2837943264245588,,0.0,0.0,0.0,0.0,,,,,
2024-12-06,0.0,0.004677003556213144,-0.008891862428584751,0.017048060111120294,-0.0854796736920127,0.02999999999999936,-1.052246088748274,-2.1920457701409832,0.30040768160944614,0.15931304618453004,1.2837943264245588,,0.0,0.0,0.0,0.0,,,,,
2024-12-09,0.0010201851792057681,0.004379569044020926,-0.006407527850934791,0.01705435727810805,0.41619732047901703,-0.009999999999999787,-1.063367575840969,-2.1297853534329456,0.30040768160944614,0.15931304618453004,0.0,,0.0,0.0,0.0,0.0,,,,,
2024-12-10,0.002909092960684312,-0.018705581373805735,-0.0038043799007629886,0.015423588640017919,-0.0003938356838650847,0.010000000000000675,-1.0746926568063302,-2.0714204720537954,0.37391596330376325,0.33805717915116845,0.0,,0.0,0.0,0.0,0.0,,,,,
2024-12-11,0.02467489983807436,0.02525604179835028,0.019571372712405832,0.016341225509407063,-0.07171178960754254,-0.0699999999999994,-1.0862285233380045,-2.0165349571201454,0.2416273506742369,-0.012606341506995467,0.0,,0.0,0.0,0.0,0.0,,,,,
2024-12-12,-0.004544816798883744,0.024059361179080696,0.014121618830730931,0.016384457783278548,-0.41683606399185447,-0.15000000000000036,-1.0979827291297894,-1.9647723067199447,0.3310411123484968,0.22079844301563017,0.0,,0.0,0.0,0.0,0.0,,,,,
2024-12-13,0.018196425617016843,0.04225578679609754,0.029285502884063064,0.015679222376444445,-0.49065420560747697,-0.25,-1.1099632137682582,-1.9158250907466732,0.1283597955861598,-0.17204788602328636,0.0,,0.0,0.0,0.0,0.0,,,,,
2024-12-16,-0.007154410821152979,0.03408119079573879,0.021013528278221116,0.014347262740726723,-0.5297077918230864,-0.1899999999999995,-1.1183092013037936,-1.8702165243907467,0.08864445867655438,-0.17204788602328636,0.0,,0.0,0.0,0.0,0.0,,,,,
2024-12-17,-0.01018828679864825,0.02098381103640623,0.010425410704092641,0.014544413322208986,-0.4310908417810788,-0.1800000000000006,-1.126766149751557,-1.8268685532379962,0.04697432123323576,-0.3269416420705275,0.0,,0.0,0.0,0.0,0.0,,,,,
2024-12-18,0.006944964488603489,0.003253875686935359,0.016263582411085054,0.014499422196217705,-0.6255503621254821,-0.2400000000000002,-1.135336881290953,-1.785584834683388,-0.09884980524162851,-0.3404771559158654,0.0,,0.0,0.0,0.0,0.0,,,,,
2024-12-19,-0.009936206659129532,-0.0021375141733104286,0.0065337964309302166,0.014235245044024727,-1.3240849556852785,-0.25,-1.1440243199301512,-1.7461921007557915,0.051809246716960425,-0.2792318656315364,0.0,,0.0,0.0,0.0,0.0,,,,,
2024-12-20,-0.005579014542236749,-0.02591295433256402,0.0023481813471120105,0.01359864970552683,-0.4582529518590839,-0.11999999999999922,-1.152831496302804,-1.7085367782271341,0.1952366578001018,0.06687686221394201,0.0,,0.0,0.0,0.0,0.0,,,,,
2024-12-23,-0.0030170269275613393,-0.02177557043897238,-0.0007336357414118311,0.011529793917588967,-0.8119828363140291,-0.20000000000000018,-1.1617615527443745,-1.672482195828264,-0.2653995699208274,-0.3540440285973818,0.0,,0.0,0.0,0.0,0.0,,,,,
2024-12-24,0.019520460251418292,0.007933176611094162,0.017486007861662323,0.012238928250653747,-0.6536250149995038,-0.1899999999999995,-1.1708177486675349,-1.6379062617337665,-0.2574538997808692,-0.30442822101410494,0.0,,0.0,0.0,0.0,0.0,,,,,
2024-12-25,0.0,0.0009882121224906726,0.01617070685632438,0.01223711815809533,-0.6536250149995038,-0.1899999999999995,-1.1800034662577732,-1.6046995205282637,-0.2574538997808692,-0.30442822101410494,0.0,,0.0,0.0,0.0,0.0,,,,,
2024-12-26,-0.006938080928725832,0.003986337852894373,0.008264228968695164,0.012373944620078807,0.23609143898392082,-0.009999999999999787,-1.1893222165119453,-1.5727635185241187,-0.2574538997808692,-0.30442822101410494,0.0,,0.0,0.0,0.0,0.0,,,,,
2024-12-27,0.012706651269115632,0.022272003664246753,0.01880628825361086,0.012290035745799758,-0.4355203177656142,-0.10000000000000053,-1.1987776456445376,-1.542009421269755,-0.7234279629798012,-0.918664620779903,0.0,,0.0,0.0,0.0,0.0,,,,,
2024-12-30,0.006293286975789236,0.03158231756759733,0.022686199880981306,0.012322306455005289,-0.4040463873935085,0.040000000000000036,-1.2083735418883859,-1.5123568385849,-0.28640215969144245,-0.021002589770615032,0.0,,0.0,0.0,0.0,0.0,,,,,
2024-12-31,0.009849562876868667,0.021911420193047704,0.030929621434513166,0.011171280149823319,-0.7322867715410242,0.009999999999999787,-1.2181138427189362,-1.4837328213606404,-0.3344709853337634,-0.07701708555289422,0.0,,0.0,0.0,0.0,0.0,,,,,
2025-01-01,0.0,0.021911420193047704,0.028359143944471477,0.010048884502219338,-0.7322867715410242,0.009999999999999787,-1.932441443457507,1.1835617383058665,-0.3344709853337634,-0.07701708555289422,1.1231493156752315,,0.0,0.0,0.0,0.0,,,,,
2025-01-02,0.018464588055063125,0.04731408917683666,0.04316261829776025,0.010544204022753429,-0.8781068611400489,0.009999999999999787,-1.9214284491437181,1.1802320236254646,-0.4360826943348603,-0.07701708555289422,1.1231493156752315,,0.0,0.0,0.0,0.0,,,,,
2025-01-03,0.011453335468813108,0.046060773376534137,0.05038217329135719,0.01064543527788433,-0.7812378357337613,0.020000000000000462,-1.9105611047036652,1.1769183513555632,-0.8151322229545305,-0.09170425997472931,1.1231493156752315,,0.0,0.0,0.0,0.0,,,,,
2025-01-06,-0.0044310243697101015,0.0353364620310348,0.04198992892387743,0.010800697874269303,0.21929739443644625,-0.07000000000000028,-1.8998360486270016,1.1736205735690137,-0.6819728271932912,-0.39557066750184877,1.1231493156752315,,0.0,0.0,0.0,0.0,,,,,
2025-01-07,0.009109239143919368,0.0345961382980855,0.04682794076086516,0.01085773906882223,0.5140105586819099,-0.08999999999999986,-1.8892500274539477,1.1703385442368217,-0.7109167533091759,-0.3764457679754125,1.1231493156752315,,0.0,0.0,0.0,0.0,,,,,
2025-01-08,-0.013424822375838197,0.021171315922247302,0.031036877188790335,0.010423102720258221,0.5140105586819099,-0.08999999999999986,-1.8787998913412527,1.1670721191967703,-0.6555672262217184,-0.3764457679754125,0.0,,0.0,0.0,0.0,0.0,,,,,
2025-01-09,0.0,0.0027067278671841777,0.028443395152610407,0.0103134657578387,0.13679922261582433,-0.10999999999999943,-1.868482589848726,1.1638211561226723,-0.48171055853703165,-0.04562786420217135,0.0,,0.0,0.0,0.0,0.0,,,,,
2025-01-10,0.043375833008032494,0.03462922540640356,0.06796677575491206,0.013394877491828041,-0.31895622752571295,-0.16999999999999993,-1.8582951679335022,1.1605855144942412,-0.8387995759762032,-0.023667353021672777,0.0,,0.0,0.0,0.0,0.0,,,,,
2025-01-13,0.0293313554439516,0.06839160522006527,0.09162139047987683,0.014272710476066356,-1.1695374130607172,-0.16999999999999993,-1.848234762140049,1.1573650555675639,-0.8515094372545517,-0.16953661006126053,0.0,,0.0,0.0,0.0,0.0,,,,,
2025-01-14,-0.01736748983817815,0.041914876237967746,0.06893612007468963,0.014774187017193163,-0.5972957632587761,-0.11000000000000032,-1.8382985969746621,1.1541596423461655,-0.7001960735125857,0.010720679796590193,0.0,,0.0,0.0,0.0,0.0,,,,,
2025-01-15,0.03184060585565884,0.08718030446946479,0.09421416329498644,0.015922639169276588,-0.10125621230492321,0.009999999999999787,-1.828483981454027,1.150969139552646,0.48345925194069506,1.1390264781624135,0.0,,0.0,0.0,0.0,0.0,,,,,
2025-01-16,-0.017241806434506124,0.06993849803495866,0.07077507421388596,0.016397766750002696,-0.11857735025646576,0.0699999999999994,-1.7865263599487442,1.1520121547564335,0.5663880111261982,1.04809856966323,0.0,,0.0,0.0,0.0,0.0,,,,,
2025-01-17,-0.010005782926207907,0.016556882100718262,0.05479334706028283,0.016593795095762642,0.29299341477088126,0.15999999999999925,-1.7465012856073157,1.153056804480862,0.19372098737490875,1.032520563351112,0.0,,0.0,0.0,0.0,0.0,,,,,
2025-01-20,0.0,-0.012774473343233339,0.04866655148650967,0.016521293970229275,0.29299341477088126,0.15999999999999925,-1.708249539608175,1.1541030936258552,0.19372098737490875,1.032520563351112,0.0,,0.0,0.0,0.0,0.0,,,,,
2025-01-21,-0.022788240703757623,-0.01819522420881281,0.02186695025673835,0.017401297131281773,0.7467081770767381,0.20999999999999996,-1.671629559509884,1.1551510271119236,-0.0,0.7001960735125857,0.0,,0.0,0.0,0.0,0.0,,,,,
2025-01-22,-0.008763380914503571,-0.058799210978975225,0.009530377861944217,0.017616620230431524,0.6725527284434873,0.0600000000000005,-1.6365149857390777,1.1562006098802788,-0.0,0.7001960735125857,0.0,,0.0,0.0,0.0,0.0,,,,,
2025-01-23,-0.014423008870311449,-0.05598041341478055,-0.008091576091577402,0.017928419119859658,0.9423962421583054,-0.040000000000000036,-1.6027926124221024,1.1572518468929445,0.06960166843525778,-0.4967863426909404,0.0,,0.0,0.0,0.0,0.0,,,,,
2025-01-24,-0.000800000042667115,-0.04677463053123976,-0.011415188651864305,0.01780539485710204,1.5637223821280855,-0.019999999999999574,-1.5703606660327312,1.1583047431328708,0.27942581948659423,0.08570483211168547,0.0,,0.0,0.0,0.0,0.0,,,,,
2025-01-27,-0.01966658212897432,-0.06644121266021408,-0.032307389843221124,0.018450657080105633,1.5637223821280855,-0.019999999999999574,-1.5391273515729165,1.1593593036040482,0.4889951841015414,0.08570483211168547,0.0,,0.0,0.0,0.0,0.0,,,,,
2025-01-28,0.008668617197945316,-0.03498435475851114,-0.024805344423713294,0.018423475113305478,0.10388186436018909,0.020000000000000462,-1.5090096184464945,1.1604155333316237,0.4191387292298882,0.4191387292298882,0.0,,0.0,0.0,0.0,0.0,,,,,
2025-01-29,-0.01645288320340743,-0.042673857047415,-0.041602155245385575,0.018840904137455365,-0.0012466865409344052,0.04999999999999982,-1.4799321077951364,1.161473437362014,0.4191387292298882,0.4191387292298882,0.0,,0.0,0.0,0.0,0.0,,,,,
2025-01-30,0.002191181375198248,-0.0260596668019053,-0.038941231154460354,0.018362471065717957,0.09031620029292808,0.13000000000000078,-1.4518262505437982,1.162533020763024,0.4840387351855741,0.41443706675031633,0.0,,0.0,0.0,0.0,0.0,,,,,
2025-01-31,-0.0035631118963248554,-0.02882277865556304,-0.04128377796680205,0.018155122496023232,-0.801577893176808,0.04999999999999982,-1.424629491265118,1.1635942886239636,0.41398491115219266,0.13455909166559843,0.0,,0.0,0.0,0.0,0.0,,,,,
2025-02-03,0.009292223188023918,0.0001360266614351957,-0.031457152072680294,0.01828625638116577,-0.7945901045505188,-0.009999999999999787,-0.4505802394558699,0.2324704304376436,0.1392610286568735,-0.3497341554446679,-0.037016853595850385,,0.0,0.0,0.0,0.0,,,,,
2025-02-04,-0.006550241760717945,-0.015082832297228066,-0.036690017082069204,0.018186585282631812,0.13517126760870246,0.03000000000000025,-0.44249635187551967,0.24230909366287878,0.6327904304060739,0.21365170117618565,-0.037016853595850385,,0.0,0.0,0.0,0.0,,,,,
2025-02-05,-0.02284943277234408,-0.021479381866164715,-0.05775084258325869,0.01863342191571476,0.2857214095485672,0.1200000000000001,-0.4344358414225346,0.25229958947889775,0.7646727983360274,0.21365170117618565,-0.037016853595850385,,0.0,0.0,0.0,0.0,,,,,
2025-02-06,-0.005900550977477437,-0.0295711142188404,-0.061567758740708634,0.018650316737078128,-0.0790785977248909,0.0699999999999994,-0.426397110344948,0.2624487807987609,0.42195917827652685,-0.06207955690904726,-0.037016853595850385,,0.0,0.0,0.0,0.0,,,,,
2025-02-07,0.004919540458047322,-0.021088461864468222,-0.05264176883513283,0.015419381004034198,0.04171764625302554,0.08999999999999986,-0.41837856954398905,0.27276393397446297,0.7764698903791858,0.36248497922699313,-0.037016853595850385,,0.0,0.0,0.0,0.0,,,,,
2025-02-10,0.01957716117150987,-0.010803523880982269,-0.02857044850247359,0.014432071631497198,0.3646531225553584,0.03000000000000025,-0.41037863697796606,0.28325275105761555,0.8481867283614148,0.7089256997045413,0.0,,0.0,0.0,0.0,0.0,,,,,
2025-02-11,0.0128417065282731,0.008588424408008777,-0.012745042631372883,0.014593778341224195,-0.25283295461728805,-0.020000000000000462,-0.40239573606902773,0.29392340526719113,0.5641635036226985,-0.06862692678337534,0.0,,0.0,0.0,0.0,0.0,,,,,
2025-02-12,-0.026826011957790108,0.004611845222562749,-0.03365402435566356,0.013038856898500205,-0.27638188991452317,-0.1900000000000004,-0.39442829410911767,0.3047845800498787,-0.6250395391102115,-1.3897123374462388,0.0,,0.0,0.0,0.0,0.0,,,,,
2025-02-13,-0.0008369368601242044,0.009675459339915982,-0.02939417446100734,0.012802805614731618,0.24071443670402592,-0.0699999999999994,-0.38647474066114357,0.3158455121731748,-0.5600763792597051,-0.982035557536232,0.0,,0.0,0.0,0.0,0.0,,,,,
2025-02-14,-0.008548857333698479,-0.0037929384518298193,-0.03291909131955073,0.012777523886692814,0.9967359447851432,0.020000000000000462,-0.37853350595155494,0.32711603935486333,0.07192617922445174,-0.704543711154734,0.0,,0.0,0.0,0.0,0.0,,,,,
2025-02-17,0.0,-0.02337009962333969,-0.027895150844395644,0.012777523886692814,0.9967359447851432,0.020000000000000462,-0.36601137921808363,0.31986279144230134,0.07192617922445174,-0.704543711154734,0.0,,0.0,0.0,0.0,0.0,,,,,
2025-02-18,0.016194685919980856,-0.020017120231631935,-0.008625670780446626,0.012897803835704463,0.8888736625238813,-0.009999999999999787,-0.3533728062938812,0.31261345399730384,-0.0,-0.5641635036226985,0.0,,0.0,0.0,0.0,0.0,,,,,
2025-02-19,0.005110861321833582,0.011919753047991755,-0.0011337274264615615,0.012948752709653082,0.4652891634613576,0.08999999999999986,-0.3406040391707429,0.30536681069025884,0.07178609852216114,0.6968256376323726,0.0,,0.0,0.0,0.0,0.0,,,,,
2025-02-20,0.0041248511667788534,0.016881541074894812,0.004444812770613815,0.012702779942729437,0.6102753002312111,0.019999999999999574,-0.3276901637594246,0.2981216387470727,0.072331644701383,0.6324080239610881,0.0,,0.0,0.0,0.0,0.0,,,,,
2025-02-21,-0.030085834622314955,-0.004655436213721664,-0.02272304109242196,0.014220706166775248,0.006527769366837521,0.04999999999999982,-0.3146149308780381,0.29087670782767544,0.5911735749513171,0.5192473957268653,0.0,,0.0,0.0,0.0,0.0,,,,,
2025-02-24,0.004796172263493048,0.00014073604977138388,-0.01623202578927252,0.013748516446565027,0.006527769366837521,0.04999999999999982,-0.30136055774382003,0.283630778880567,0.290912213306564,0.5192473957268653,0.0,,0.0,0.0,0.0,0.0,,,,,
2025-02-25,-0.027246532482113395,-0.04330048235232287,-0.03998795774772734,0.014640256345879659,-0.06646209539431513,0.25,-0.28790749348243905,0.2763826029707034,0.831907465344489,0.831907465344489,0.0,,0.0,0.0,0.0,0.0,,,,,
2025-02-26,-0.0040573885541608234,-0.05246873222831727,-0.041174520510693036,0.01432153893820176,0.3519095103251546,0.28000000000000025,-0.2742341404599118,0.269130920077898,1.0,0.9282139014778389,0.0,,0.0,0.0,0.0,0.0,,,,,
2025-02-27,0.025092720943633573,-0.03150086245146255,-0.0143560507542837,0.015605557507568143,-0.6748347528097165,0.20999999999999996,-0.260316521000379,0.2618744578627796,0.70622237775344,0.633890733052057,0.0,,0.0,0.0,0.0,0.0,,,,,
2025-02-28,-0.009246811742435135,-0.010661839571582732,-0.0215929286916392,0.015692288316596113,-0.896407762103113,0.17999999999999972,-0.24612787608533182,0.25461193039719315,1.0,0.40882642504868294,0.0,,0.0,0.0,0.0,0.0,,,,,
2025-03-03,-0.019336821837261375,-0.034794833672337155,-0.03748836447255677,0.015911286171245972,-0.4386278707561253,0.2400000000000002,2.1735147791877463,-0.14383300660581919,1.0,0.709087786693436,-0.23174046295659778,,0.0,0.0,0.0,0.0,,,,,
2025-03-04,-0.0023340637875719494,-0.00988236497779571,-0.03659185110244145,0.015895851653188978,-0.48785006814513476,0.08000000000000007,2.161862695917132,-0.1485004108933916,1.0,0.168092534655511,-0.23174046295659778,,0.0,0.0,0.0,0.0,,,,,
2025-03-05,-0.027991460986092953,-0.03381643740972784,-0.0610956335201589,0.01626711850628217,0.6113973517113958,-0.03000000000000025,2.1503629266770194,-0.15318837757272302,0.8847127958200528,-0.1152872041799472,-0.23174046295659778,,0.0,0.0,0.0,0.0,,,,,
2025-03-06,0.0006006006186547452,-0.05830855773470667,-0.05733241191293725,0.016281314071975465,1.4538518282352864,-0.0,2.139012037902647,-0.15789736482537733,1.0,0.29377762224656,-0.23174046295659778,,0.0,0.0,0.0,0.0,,,,,
2025-03-07,0.010006804434692818,-0.039054941557578715,-0.044417349688507635,0.01645306080928583,1.7922443395527732,-0.08000000000000007,2.127806703829023,-0.16262784000665606,1.0,0.0,-0.23174046295659778,,0.0,0.0,0.0,0.0,,,,,
2025-03-10,-0.014670921819449845,-0.034389041539767184,-0.05446760956867447,0.015757171516274402,1.1600782778865004,-0.05999999999999961,2.116743702170891,-0.16738027993850016,1.0,0.0,0.0,,0.0,0.0,0.0,0.0,,,,,
2025-03-11,0.0031619389439505596,-0.028893038808244675,-0.046201020306224194,0.01533559721806403,1.5241811110607628,-0.0600000000000005,2.1058199100125896,-0.1721551712130058,1.0,0.0,0.0,,0.0,0.0,0.0,0.0,,,,,
2025-03-12,0.016844700292070414,0.01594312246991869,-0.026435205308146692,0.015188344187496938,0.5040156832985532,-0.040000000000000036,2.0950322998958315,-0.17695301050702802,1.0,0.1152872041799472,0.0,,0.0,0.0,0.0,0.0,,,,,
2025-03-13,-0.012344917688187351,0.002997604163076595,-0.03528360924892393,0.015322623054638598,0.084688037973224,0.020000000000000462,2.084377936094258,-0.18177430490837446,1.0,0.0,0.0,,0.0,0.0,0.0,0.0,,,,,
2025-03-14,0.009087585817880495,0.002078385546264272,-0.02358133184121236,0.01552274044582333,0.2279701606745066,0.010000000000000675,2.073853971064319,-0.18661957225411582,0.8958316646143388,-0.10416833538566117,0.0,,0.0,0.0,0.0,0.0,,,,,
2025-03-17,0.006061968737157031,0.022811276102871147,-0.01520776995108264,0.015635257722769545,0.7121360914879471,-0.08999999999999986,2.063457642062641,-0.19148934148156707,0.8958316646143388,-0.10416833538566117,0.0,,0.0,0.0,0.0,0.0,,,,,
2025-03-18,-0.005172552728332391,0.014476784430588197,-0.017000367594026677,0.015022157629883298,0.44245856859852495,-0.009999999999999787,2.026491813463879,-0.1839406530732197,0.9237578457846013,-0.0762421542153987,0.0,,0.0,0.0,0.0,0.0,,,,,
2025-03-19,-0.00133442083705404,-0.003702336698536257,-0.014632569237747362,0.014899050378214198,0.05227765313061683,0.07000000000000028,1.991030160816801,-0.1763687760983387,1.0,0.0,0.0,,0.0,0.0,0.0,0.0,,,,,
2025-03-20,0.016918388090061853,0.025560969079712947,0.005348361199483342,0.015514704444904786,0.0143647259472246,0.02999999999999936,1.9569676155956492,-0.16877202501995803,1.0,0.0,0.0,,0.0,0.0,0.0,0.0,,,,,
2025-03-21,-0.00043773255240431297,0.01603565070942814,0.006490765890752925,0.014153474242437613,-0.4564251970258004,0.05999999999999961,1.9242091337154372,-0.16114867456350296,0.8826014281019492,-0.013230236512389637,0.0,,0.0,0.0,0.0,0.0,,,,,
2025-03-24,0.013625373860008949,0.023599055832280058,0.02125481691460962,0.014496366757964571,-0.6594942282290406,-0.03000000000000025,1.8926684959782754,-0.15349695716307646,0.3160137013228642,-0.013230236512389637,0.0,,0.0,0.0,0.0,0.0,,,,,
2025-03-25,0.0002878940569761568,0.029059502617588606,0.021304666808478423,0.013129428773267417,-0.45064069871223467,-0.019999999999999574,1.8622672795635433,-0.14581506027074534,0.3803209760770105,-0.5434368697075909,0.0,,0.0,0.0,0.0,0.0,,,,,
2025-03-26,0.008170331410112475,0.03856425486475512,0.028625568057270456,0.013203370144534163,-0.34642124123414053,-0.09999999999999964,1.8329339724529274,-0.13810112351801007,0.2407825849026196,-0.7592174150973804,0.0,,0.0,0.0,0.0,0.0,,,,,
2025-03-27,0.003562526033602964,0.02520839280829623,0.0324151736750542,0.011939974779377312,-0.29971822042307306,-0.13999999999999968,1.8046032078816368,-0.1303532357177358,0.34017832734953385,-0.6598216726504662,0.0,,0.0,0.0,0.0,0.0,,,,,
2025-03-28,-0.007997757569114583,0.01764836779158596,0.024582042981455388,0.011893489634943483,-0.11942861170575192,-0.019999999999999574,1.7772151000429852,-0.12256943169383312,0.33313119162012156,-0.5494702364818276,0.0,,0.0,0.0,0.0,0.0,,,,,
2025-03-31,0.030084890232846995,0.03410788416442401,0.05236047448631176,0.012800044742262451,-0.4056401332534598,0.10999999999999943,1.7507146655827504,-0.11474768892488492,0.22900294785408998,-0.08701075346877424,0.0,,0.0,0.0,0.0,0.0,,,,,
2025-04-01,-0.0036242024615029678,0.030195787645944883,0.04649432023051503,0.012827882527631824,-0.30169729519609056,0.13999999999999968,1.9892230470675016,-0.5867213893268602,0.2894546250552561,-0.09086635102175439,0.3021069769710616,,0.0,0.0,0.0,0.0,,,,,
2025-04-02,0.007096669316267956,0.029122125552100364,0.049594631237370734,0.010697975760751358,-0.11462620923916589,0.14999999999999947,1.9516227755846716,-0.5755716174641475,0.2547864406957818,0.014003855793162212,0.3021069769710616,,0.0,0.0,0.0,0.0,,,,,
2025-04-03,-0.06724137558862608,-0.041681776070128684,-0.018251003850303427,0.019204774483147783,1.2907300103036867,0.3200000000000003,1.915596462404773,-0.564467273739853,0.7568657342012062,0.4166874068516723,0.3021069769710616,,0.0,0.0,0.0,0.0,,,,,
2025-04-04,-0.07720428590385708,-0.11088830440487119,-0.09169899473628096,0.025744817637495285,0.4792012574089122,0.2599999999999998,1.8810302873766827,-0.5534039677183321,0.9084042219578966,0.5752730303377751,0.3021069769710616,,0.0,0.0,0.0,0.0,,,,,
2025-04-07,-0.022192536285920106,-0.16316573092363829,-0.10975915528099733,0.02596663268629733,-0.09525876526645938,0.08000000000000007,1.847821655306521,-0.5423773117141322,0.46222498536878365,0.23322203751469367,0.3021069769710616,,0.0,0.0,0.0,0.0,,,,,
2025-04-08,-0.016682193791452526,-0.17622372225358784,-0.12131676669447611,0.026052230609018283,-0.3424717124692833,-0.08999999999999986,1.8158778084053757,-0.531382911050205,0.6521346679060752,0.3626800428508191,0.0,,0.0,0.0,0.0,0.0,,,,,
2025-04-09,0.04223338977206037,-0.14108700179779543,-0.0752282290184425,0.027742760593726285,-0.19536148996961433,-0.13999999999999968,1.785114642953316,-0.5204163540719406,0.2840844677453713,0.029298027049589503,0.0,,0.0,0.0,0.0,0.0,,,,,
2025-04-10,-0.03344467554446506,-0.10729030175363441,-0.10376276876611978,0.028474142016346397,-0.2865352484855421,-0.34000000000000075,1.7554556955663294,-0.5094732018564295,0.28166534808514093,-0.47520038611606524,0.0,,0.0,0.0,0.0,0.0,,,,,
2025-04-11,0.021881996538284376,-0.00820401931149295,-0.0776103569670683,0.028945007573480792,1.4279934728473775,-0.47000000000000064,1.7268312710522982,-0.4985489775519512,0.17038647211913338,-0.7380177498387632,0.0,,0.0,0.0,0.0,0.0,,,,,
2025-04-14,0.0012913641826877154,0.015279881157114872,-0.07181004729588913,0.028874950994038764,2.498182580845576,-0.22999999999999954,1.6991776890505228,-0.48763915527745333,0.6214893267116673,0.1592643413428837,0.0,,0.0,0.0,0.0,0.0,,,,,
2025-04-15,-0.004041062639815074,0.027921012308752324,-0.07139873895163884,0.028874690820449952,2.4362559787115323,-0.08999999999999986,1.6724366307865814,-0.4767391485056034,0.5660128875025998,-0.0861217804034754,0.0,,0.0,0.0,0.0,0.0,,,,,
2025-04-16,0.018296129046937892,0.0039837515836298465,-0.04963176641483624,0.029316523404188995,2.6499668319802883,0.04999999999999982,1.6465545705808888,-0.46584429784576675,0.6191574555292215,0.3350729877838502,0.0,,0.0,0.0,0.0,0.0,,,,,
2025-04-17,0.03423546538594113,0.07166389251403604,-0.012791311403822725,0.030193030959559206,1.5662448336784207,0.0600000000000005,1.621482279407222,-0.45494985813481015,0.3949406080979672,0.11327526001282628,0.0,,0.0,0.0,0.0,0.0,,,,,
2025-04-18,0.0,0.04978189597575167,-0.01020820840637171,0.030194843267659085,0.8303747168718956,0.0600000000000005,1.590365269983998,-0.4538716886106914,0.3949406080979672,0.11327526001282628,0.0,,0.0,0.0,0.0,0.0,,,,,
2025-04-21,-0.024738717848683756,0.023751813944380196,-0.030445618672169772,0.03032925373470404,1.0879040723015931,-0.040000000000000036,1.5603757042839235,-0.45279475048303597,0.8103475600308603,0.18885823331919294,0.0,,0.0,0.0,0.0,0.0,,,,,
2025-04-22,0.017489515130347577,0.04528239171454285,-0.009314877012604583,0.03071368120737517,1.0975471820061977,-0.0600000000000005,1.53143848631129,-0.4517190387814762,0.5527747927129725,-0.013238094789627342,0.0,,0.0,0.0,0.0,0.0,,,,,
2025-04-23,-0.03081035910600871,-0.003824096438403757,-0.03453497506358971,0.031158295512146376,0.20053150583586588,-0.11000000000000032,1.503485277307607,-0.45064454855660313,0.4693729442880771,-0.14978451124114445,0.0,,0.0,0.0,0.0,0.0,,,,,
2025-04-24,0.014422945952915711,-0.02363661587142918,-0.015064789051616678,0.031419743803131756,0.16624732599257452,0.019999999999999574,1.476453728591669,-0.44957127487983584,0.5482678626621906,0.15332725456422341,0.0,,0.0,0.0,0.0,0.0,,,,,
2025-04-25,0.004709584843085146,-0.018927031028344032,-0.005943331270083618,0.03148535328945088,0.08187890540831688,0.019999999999999574,1.450286818271965,-0.4484992128432912,0.40911711217791163,0.15332725456422341,0.0,,0.0,0.0,0.0,0.0,,,,,
2025-04-28,-0.008651253328417319,-0.0028395665080775956,-0.008245904481990252,0.030425182782276437,-0.3295602729030511,0.1899999999999995,1.4249322755937508,-0.4474283575596555,0.5952996255869257,-0.21504793444393455,0.0,,0.0,0.0,0.0,0.0,,,,,
2025-04-29,-0.023334924870964002,-0.043664006509389175,-0.024246613115970206,0.030650686695178696,-0.14450548328466262,0.21999999999999975,1.4003420795441974,-0.4463587041620556,0.5867458355649771,0.033971042852004585,0.0,,0.0,0.0,0.0,0.0,,,,,
2025-04-30,-0.037734108477858186,-0.05058775588123865,-0.05240496646713755,0.031174585095249813,0.3520416955225425,0.23000000000000043,1.3764720206418457,-0.44529024780393217,0.8071972371931089,0.3378242929050318,0.0,,0.0,0.0,0.0,0.0,,,,,
2025-05-01,0.01731356715558885,-0.04769713467856551,-0.029743391322068824,0.028567072795325277,-0.17522865549834954,0.07000000000000028,1.15845767103854,0.7141513800499178,0.025994612298224685,-0.522273250363966,-0.7807293608039334,,0.0,0.0,0.0,0.0,,,,,
2025-05-02,-0.015300481422906742,-0.0677072009445574,-0.04279105497954383,0.023226117688871516,0.3170423271037004,-0.040000000000000036,1.141268312798388,0.7041997428144585,-0.3992945666417189,-0.8084116788196305,-0.7807293608039334,,0.0,0.0,0.0,0.0,,,,,
2025-05-05,-0.019802627296179764,-0.07885857491231985,-0.06046035995977839,0.02312405465685276,0.371829305657867,-0.1299999999999999,1.1244306850216195,0.6943358466664308,-0.27295118363794085,-0.8682508092248666,-0.7807293608039334,,0.0,0.0,0.0,0.0,,,,,
2025-05-06,0.03229342172071448,-0.023230228320641366,-0.02848239669872754,0.024075885150372078,0.450836253531961,-0.10999999999999943,1.1079292961474452,0.6845566619256441,-0.19623553852823605,-0.7829813740932131,-0.7807293608039334,,0.0,0.0,0.0,0.0,,,,,
2025-05-07,-0.016689305924064257,-0.0021854257668474375,-0.04254102629764844,0.022209257804768293,0.3875453638529702,-0.08999999999999986,1.0917495350447923,0.6748592461676721,0.3821973631663523,-0.4249998740267566,-0.7807293608039334,,0.0,0.0,0.0,0.0,,,,,
2025-05-08,0.030332979390375492,0.010833986467939205,-0.012766253328871713,0.022130583861929554,0.31159529155720955,-0.1200000000000001,1.075877605679787,0.665240739642349,-0.18514311366488334,-0.21113772596310804,0.0,,0.0,0.0,0.0,0.0,,,,,
2025-05-09,0.018120541113194832,0.04425500900404078,0.004984154133977903,0.02195511719138493,-0.018694457460721736,-0.040000000000000036,1.0603004675607823,0.6556983609181521,0.2573458249463042,0.6566403915880231,0.0,,0.0,0.0,0.0,0.0,,,,,
2025-05-12,0.01511684447477979,0.07917448077500033,0.019039590943808804,0.022201915358390896,-1.0019523757722082,-0.08999999999999986,1.045005781363355,0.6462294027366949,-0.45348432121923765,-0.1805331375812968,0.0,,0.0,0.0,0.0,0.0,,,,,
2025-05-13,0.026801230226744188,0.07368228928103004,0.043237298862275786,0.02288934109198598,-0.7510547624295594,-0.1900000000000004,1.0299818592077585,0.6368312280626381,-0.6133515565504486,-0.41711601802221254,0.0,,0.0,0.0,0.0,0.0,,,,,
2025-05-14,-0.008647367041183074,0.08172422816391123,0.033333584317222,0.022709311541057438,-0.4566112826223989,-0.27000000000000046,1.0152176191222992,0.6275012663153307,-1.0,-1.3821973631663522,0.0,,0.0,0.0,0.0,0.0,,,,,
2025-05-15,-0.022744294673353593,0.028646954100182143,0.012181930142961761,0.02191444817625583,-0.04936590070774294,-0.08000000000000007,1.0007025432791594,0.6182370097693941,-0.5747319513024793,-0.389588837637596,0.0,,0.0,0.0,0.0,0.0,,,,,
2025-05-16,0.012769149616534747,0.023295562603522058,0.025905262777763838,0.022148054079898165,-0.4526641152277522,-0.05999999999999961,0.9864266396354324,0.6090360101123002,-0.5747319513024793,-0.389588837637596,0.0,,0.0,0.0,0.0,0.0,,,,,
2025-05-19,0.0021905813798186458,0.010369299508560914,0.02770356221442416,0.0214330239278807,0.8646303274128408,-0.009999999999999787,0.9702660296516052,0.5962397057779085,-0.9047823788889625,-0.45129805766972486,0.0,,0.0,0.0,0.0,0.0,,,,,
2025-05-20,-0.0001563110593263417,-0.016588241777509616,0.028037260521423413,0.02105198151906054,0.5192004118469318,0.009999999999999787,0.9543607853968114,0.5834587400647399,-0.8770939204757334,-0.26374236392528483,0.0,,0.0,0.0,0.0,0.0,,,,,
2025-05-21,-0.01639122592320419,-0.02433210065953073,0.011415087305404192,0.02018814412531241,0.7540273210591253,-0.04999999999999982,0.9386987116355527,0.5706841038466169,-0.8001637360997537,0.19983626390024634,0.0,,0.0,0.0,0.0,0.0,,,,,
2025-05-22,-0.00605676062592142,-0.007644566612098558,0.006151364715610619,0.019948372347649134,0.6306109720609632,-0.08999999999999986,0.9232681702541282,0.5579064133492806,-0.9810997310920931,-0.4063677797896138,0.0,,0.0,0.0,0.0,0.0,,,,,
2025-05-23,0.005420931642492022,-0.014992784586141283,0.012329767054258589,0.01995933087027233,1.3731609596526306,-0.08000000000000007,0.9080580369337387,0.5451158417367075,-1.0,-0.4063677797896138,0.0,,0.0,0.0,0.0,0.0,,,,,
2025-05-26,0.0,-0.01718336596595993,0.012654675083995315,0.019872809558730255,1.3731609596526306,-0.08000000000000007,0.893057660991696,0.5323020407429301,-1.0,-0.4063677797896138,0.0,,0.0,0.0,0.0,0.0,,,,,
2025-05-27,-0.020562973528932993,-0.03759002843556658,-0.007721987982303169,0.019712909034968234,0.5804452096510926,0.05000000000000071,0.8782568280518319,0.5194540501720133,-1.0,-0.12290607952426658,0.0,,0.0,0.0,0.0,0.0,,,,,
2025-05-28,0.01498215700321559,-0.006216645509146801,0.0048106662094928865,0.01786598047297634,-0.1964688179673768,0.11000000000000032,0.8636457252383644,0.5065601925399063,-1.0,-0.19983626390024634,0.0,,0.0,0.0,0.0,0.0,,,,,
2025-05-29,-0.014170929571690749,-0.01433081445491613,-0.010235541337253018,0.017874425414423644,0.3942875824812453,0.11000000000000032,0.8492149086160944,0.4936079494138157,-0.9407181421470476,0.04038158894504551,0.0,,0.0,0.0,0.0,0.0,,,,,
2025-05-30,-0.00324886575566552,-0.02300061185307367,-0.014962265851336198,0.017499620885249013,-0.31610504540560136,0.09999999999999964,0.8349552726245464,0.48058381505641734,-0.2584590374928996,0.7415409625071003,0.0,,0.0,0.0,0.0,0.0,,,,,
2025-06-02,0.029024726456454708,0.006024114603381037,0.010143234159069259,0.017778258752210518,-0.31610504540560136,0.09999999999999964,-0.2772577233872166,0.7472965419401383,-0.4728420825260516,0.7415409625071003,0.47769787784406326,,0.0,0.0,0.0,0.0,,,,,
2025-06-03,0.013033080767830718,0.03962016890014475,0.020220105528495402,0.016645977145407574,0.12392083210330807,-0.03000000000000025,-0.2841047859006679,0.7356493804183947,-0.7724027353212709,0.2275972646787291,0.47769787784406326,,0.0,0.0,0.0,0.0,,,,,
2025-06-04,-0.008302702978307153,0.016335308918622005,0.008541863004495553,0.016225358040905268,0.7663818317747206,0.09999999999999964,-0.291016667457609,0.7242460226107881,-0.3903135705545735,0.6096864294454265,0.47769787784406326,,0.0,0.0,0.0,0.0,,,,,
2025-06-05,0.007678483232695044,0.0381847217230078,0.013977531499381968,0.014987947928676635,0.4953040307925982,0.02999999999999936,-0.29799526796145087,0.7131030970721101,-0.08684947061674582,0.8538686715303018,0.47769787784406326,,0.0,0.0,0.0,0.0,,,,,
2025-06-06,0.019171892101373267,0.060605479580046584,0.030854041313537195,0.015048289424954283,0.4979986433150341,-0.09999999999999964,-0.3050425559777818,0.7022422597834279,-0.6920663374813144,-0.4336072999884148,0.47769787784406326,,0.0,0.0,0.0,0.0,,,,,
2025-06-09,0.01051117911294508,0.042091932236536955,0.03930012140735606,0.014876010527214108,0.22923042774001257,-0.03000000000000025,-0.3121605721465485,0.6916915293330383,-0.1310995088147479,0.3417425737113037,0.0,,0.0,0.0,0.0,0.0,,,,,
2025-06-10,-0.005013303321883988,0.02404554814682225,0.03381244574377806,0.013750095617360908,0.33813823901358564,-0.009999999999999787,-0.3193514328021205,0.681487087824263,0.043957297970612264,0.8163600332918832,0.0,,0.0,0.0,0.0,0.0,,,,,
2025-06-11,0.0483113932956698,0.0806596444207992,0.07880152868091006,0.01722176848561629,0.3856959585771258,-0.040000000000000036,-0.32661733381641433,0.6716757452663948,0.48637273806166675,0.8766863086162402,0.0,,0.0,0.0,0.0,0.0,,,,,
2025-06-12,-0.002615520235602631,0.07036564095250153,0.07185725936488296,0.016174587673796034,0.6508784751272256,0.040000000000000036,-0.3339605546816449,0.6623183675866026,0.2661502248836715,0.3529996955004173,0.0,,0.0,0.0,0.0,0.0,,,,,
2025-06-13,0.07171480506108363,0.1229085539122119,0.13629603257331446,0.02208433489407335,0.6904036777510947,0.09999999999999964,-0.34138346285067384,0.653494734682767,0.08854069570025039,0.7806070331815648,0.0,,0.0,0.0,0.0,0.0,,,,,
2025-06-16,-0.01790032081927606,0.09449705397999075,0.11212422501134078,0.022773996963699306,0.6234373746488164,0.03000000000000025,-0.34888851835447326,0.6453105729211254,-0.0,0.1310995088147479,0.0,,0.0,0.0,0.0,0.0,,,,,
2025-06-17,0.04172052908746604,0.14123088638934078,0.14547942534877034,0.02404171631920848,0.44915880824628607,0.08000000000000007,-0.3564782787180074,0.6379079866694025,0.13475066072321779,0.09079336275260552,0.0,,0.0,0.0,0.0,0.0,,,,,
2025-06-18,0.0035641249530344865,0.09648361804670547,0.13968045400795503,0.023364764412604957,-0.11900121903687388,0.03000000000000025,-0.36991868523353194,0.6508712095887986,0.27078938851981416,-0.2155833495418526,0.0,,0.0,0.0,0.0,0.0,,,,,
2025-06-19,0.0,0.0990991382823081,0.13001451968280975,0.02319300424514595,-0.11900121903687388,0.03000000000000025,-0.3836976165901521,0.6641415209023255,0.27078938851981416,-0.2155833495418526,0.0,,0.0,0.0,0.0,0.0,,,,,
2025-06-20,-0.0022425970746997592,0.025141736146524707,0.11848916471882553,0.02332973036717561,-0.5953068577056353,0.03000000000000025,-0.3978359766465212,0.6777345370942502,0.450115420330801,0.3615747246305506,0.0,,0.0,0.0,0.0,0.0,,,,,
2025-06-23,-0.0877319938688359,-0.04468993690303513,0.0258610126541452,0.03185666697828849,-0.8429839417759322,0.1200000000000001,-0.412356476877264,0.6916670035396661,0.450115420330801,0.3615747246305506,0.0,,0.0,0.0,0.0,0.0,,,,,
2025-06-24,-0.058023840116376846,-0.14443430610687802,-0.03518594232870331,0.03442970746126858,0.11642689751777402,0.08999999999999986,-0.4272838461906851,0.7059569027176453,0.7565501484698748,0.621799487746657,0.0,,0.0,0.0,0.0,0.0,,,,,
2025-06-25,0.008065173444526508,-0.139933257615386,-0.029798034572713128,0.034337873669187634,0.3287487420328805,0.08999999999999986,-0.4426450714097843,0.7206235754164125,0.9686583287216051,0.6978689402017909,0.0,,0.0,0.0,0.0,0.0,,,,,
2025-06-26,0.006947618944658451,-0.13298563867072755,-0.02658360874240895,0.0341165003859717,0.3287487420328805,0.08999999999999986,-0.45846967387352366,0.735687856818772,0.966474880320938,0.6978689402017909,0.0,,0.0,0.0,0.0,0.0,,,,,
2025-06-27,0.0033057881344991102,-0.12743725346152868,-0.02733874641677314,0.03407735915122155,1.141598535369892,0.08999999999999986,-0.4747900287692893,0.7511722296802871,0.7109575807372586,0.2608421604064576,0.0,,0.0,0.0,0.0,0.0,,,,,
2025-06-30,-0.005415175687776497,-0.04512043528046927,-0.03509285280620045,0.03361653849045312,1.4530071123567523,0.09999999999999964,-0.49164173524645444,0.7671009972016267,0.9755869104866467,0.2608421604064576,0.0,,0.0,0.0,0.0,0.0,,,,,
2025-07-01,0.0051151006667709,0.018018505502678472,-0.03192078383602848,0.03353048031670935,0.8481736724698874,0.040000000000000036,-0.7714872098116273,-0.8465589180479253,0.8081666903239374,0.051616541854062614,1.339445388791627,,0.0,0.0,0.0,0.0,,,,,
2025-07-02,0.029861790170958358,0.03981512222911032,-0.005910250019131702,0.03399939988941718,0.8558706795109616,-0.009999999999999787,-0.7895628471092622,-0.8335479370116899,0.4022775435736272,-0.5663807851479778,1.339445388791627,,0.0,0.0,0.0,0.0,,,,,
2025-07-03,-0.0077491432439691366,0.025118360040482735,-0.01673926829332828,0.034082906416627985,0.34008914698553383,-0.08999999999999986,-0.8082545364264938,-0.8207674605781925,0.1788742308924841,-0.7876006494284539,1.339445388791627,,0.0,0.0,0.0,0.0,,,,,
2025-07-04,0.0,0.021812571905983624,-0.018860548718487635,0.0338754687135833,0.34008914698553383,-0.08999999999999986,-0.8276050131621022,-0.8082193602826061,0.1788742308924841,-0.7876006494284539,1.339445388791627,,0.0,0.0,0.0,0.0,,,,,
2025-07-07,0.015005016029513207,0.04223276362327333,-0.006201504959963522,0.0339488708015871,-0.17695513228506154,-0.16000000000000014,-0.8476612985548326,-0.7959073330830977,0.490373974467412,-0.4852129360192347,1.339445388791627,,0.0,0.0,0.0,0.0,,,,,
2025-07-08,0.005623257554361771,0.0427409205108642,-0.0034560477204008677,0.03391080838842054,-0.41351191014851185,-0.16000000000000014,-0.8684752726303462,-0.7838372107460373,0.4903132356005338,-0.3178534547234036,0.0,,0.0,0.0,0.0,0.0,,,,,
2025-07-09,0.0008623168111236978,0.01374144715102954,-0.0030990773998507137,0.032180572469808835,-0.3582453855161205,-0.040000000000000036,-0.8901043438945295,-0.7720173550201287,0.3591654666970712,-0.043112076876555994,0.0,,0.0,0.0,0.0,0.0,,,,,
2025-07-10,-0.026641069001669848,-0.005150478606671172,-0.029044215453789768,0.032746652991273814,-0.4999236821756625,-0.0,-0.9126122357240088,-0.7604591648588844,0.1800606023448644,0.0011863714523802915,0.0,,0.0,0.0,0.0,0.0,,,,,
2025-07-11,0.026928342775550007,0.021777864168878835,0.0008193813837671371,0.02883165001547781,-0.4999236821756625,-0.0,-0.9360699143124082,-0.7491777317530994,0.27237630216272923,0.0011863714523802915,0.0,,0.0,0.0,0.0,0.0,,,,,
2025-07-14,-0.020897582421894434,-0.014124734282528806,-0.01699308389598908,0.02892118113614839,-0.5022567277572998,-0.02999999999999936,-0.9605566893543909,-0.7381926933275493,0.32122525018623793,-0.16914872428117406,0.0,,0.0,0.0,0.0,0.0,,,,,
2025-07-15,-0.006325876188761903,-0.02607386802565248,-0.017831522678801726,0.026930508408861725,-0.561929485943824,-0.08000000000000007,-0.9861615268611639,-0.7275293559390147,-0.046172625512133435,-0.5364858611126673,0.0,,0.0,0.0,0.0,0.0,,,,,
2025-07-16,-0.009341012393139003,-0.03627719722991518,-0.02103984079868315,0.02685672072173762,-0.5732846353203147,-0.1200000000000001,-1.0129846242546263,-0.7172201875965671,0.27803586390678875,-0.08112960279028247,0.0,,0.0,0.0,0.0,0.0,,,,,
2025-07-17,0.02399114256398871,0.014355014335743377,0.007884438910364722,0.027668566975668808,-0.6710098861511415,-0.1200000000000001,-1.0411393120957315,-0.7073068288342156,0.27803586390678875,-0.08112960279028247,0.0,,0.0,0.0,0.0,0.0,,,,,
2025-07-18,-0.0033505749169169263,-0.015923903356723557,0.009522400030617106,0.02766400519756307,-0.36240404131371307,-0.010000000000000675,-1.070754365755645,-0.6978428407593621,0.09502367402498178,-0.17735262813774744,0.0,,0.0,0.0,0.0,0.0,,,,,
2025-07-21,-0.0020449904877271052,0.002928688577443772,0.008181595411003606,0.019649183734062943,0.18698911753280978,0.04999999999999982,-1.0766612170288015,-0.688076389318389,-0.04934758179398616,-0.3705728319802241,0.0,,0.0,0.0,0.0,0.0,,,,,
2025-07-22,-0.012210523170405274,-0.002955958404199599,-0.005615407738585709,0.014649641708171955,0.6883217644935491,0.15000000000000036,-1.0826231685689132,-0.678392390430736,-0.41458799237881594,-0.3684153668666825,0.0,,0.0,0.0,0.0,0.0,,,,,
2025-07-23,-0.02260406097126566,-0.016219006982326256,-0.02827248696824647,0.015515368860810947,0.7040504910000633,0.05999999999999961,-1.0886412136829398,-0.6687879883324144,-0.7936721142191234,-1.0717079781259122,0.0,,0.0,0.0,0.0,0.0,,,,,
2025-07-24,0.016665801241005695,-0.02354434830530927,-0.012145613100453367,0.0158903042819736,0.8886059496810317,0.040000000000000036,-1.094716370957595,-0.6592604062940609,-1.0,-1.0717079781259122,0.0,,0.0,0.0,0.0,0.0,,,,,
2025-07-25,-0.011682025917511218,-0.03187579930590356,-0.023617175688576353,0.01610491602889803,0.3076705772873778,0.040000000000000036,-1.100849685097214,-0.6498069424757041,-1.0,-1.0950236740249817,0.0,,0.0,0.0,0.0,0.0,,,,,
2025-07-28,0.021313870403922408,-0.00851693841425405,-0.0034292942598499465,0.01674653758768635,-0.5156834263780219,-0.040000000000000036,-1.1070422277958294,-0.6404249659788126,-1.0,-0.9506524182060139,0.0,,0.0,0.0,0.0,0.0,,,,,
2025-07-29,0.03563528850835507,0.03932887326450629,0.02955399588122809,0.01843464780076558,-1.0748573290664254,0.009999999999999787,-1.1132950986451942,-0.6311119130819052,-0.48954839592655913,-0.07496040354774319,0.0,,0.0,0.0,0.0,0.0,,,,,
2025-07-30,0.011601714737285995,0.07353464897305795,0.03941671602292285,0.017441544002435326,-1.534251570422951,0.020000000000000462,-1.1196094260805092,-0.6218652836469318,-0.998398280053827,-0.2047261658347036,0.0,,0.0,0.0,0.0,0.0,,,,,
2025-07-31,-0.010321760072034891,0.04654708766001736,0.027484592196699076,0.017524490851094553,-1.8020112673794664,0.05999999999999961,-1.1259863683656697,-0.6126826376844626,-0.37383795434925204,0.626162045650748,0.0,,0.0,0.0,0.0,0.0,,,,,
2025-08-01,-0.028398304759352122,0.029830808818176457,-0.001104161078875343,0.018768186325586033,-1.022205146113242,0.16999999999999993,-2.1371173406460837,2.154144094978479,-0.37383795434925204,0.626162045650748,-0.7300882736452907,,0.0,0.0,0.0,0.0,,,,,
2025-08-04,-0.015620712552815164,-0.007103774138561114,-0.015384035718795097,0.01874521157420376,-0.30759052156905664,0.20000000000000018,-2.108616189159609,2.100610825270117,1.0,2.0,-0.7300882736452907,,0.0,0.0,0.0,0.0,,,,,
2025-08-05,-0.016925439614227322,-0.059664502261143504,-0.029841202561697422,0.01898092557720937,0.048938805000353636,0.1200000000000001,-2.0810102817491867,2.050055924792216,0.9929850282917818,1.482533424218341,-0.7300882736452907,,0.0,0.0,0.0,0.0,,,,,
2025-08-06,-0.01246406164689784,-0.08373027864532734,-0.039170672514370786,0.019091439980045147,0.7380304799998738,0.16000000000000014,-2.054251447247616,2.002196905502299,0.9234771306705416,1.9218754107243687,-0.7300882736452907,,0.0,0.0,0.0,0.0,,,,,
2025-08-07,-0.007368777586020059,-0.0807772961593125,-0.044368472976946904,0.018313040110464356,0.9995810090288493,0.13999999999999968,-2.0282950791601326,1.9567874783215622,0.7438625502780754,1.1177005046273274,-0.7300882736452907,,0.0,0.0,0.0,0.0,,,,,
2025-08-08,0.0006161429646551753,-0.05176284843530521,-0.040265742898304424,0.017011393009762257,0.7254220284756863,-0.03999999999999915,-2.003099802925895,1.9136117869233653,0.7403559020826298,1.1177005046273274,0.0,,0.0,0.0,0.0,0.0,,,,,
2025-08-11,0.001384935206361071,-0.034757200676128974,-0.03650834645936829,0.016534057025985406,0.2452351885632975,-0.04999999999999982,-1.9786271803987971,1.8724797266564588,0.736678461439127,-0.26332153856087304,0.0,,0.0,0.0,0.0,0.0,,,,,
2025-08-12,-0.012534013219693385,-0.030365774281595037,-0.04635949159494057,0.01666990100960975,0.5248610102540519,-0.07000000000000028,-1.954841446723379,1.8332231151323943,1.0,0.007014971708218187,0.0,,0.0,0.0,0.0,0.0,,,,,
2025-08-13,-0.008444147125239887,-0.026345859759937085,-0.05216561389945351,0.01665224439735893,0.3138375645806768,-0.020000000000000462,-1.9317092754890548,1.7956925371267838,1.0,0.0765228693294584,0.0,,0.0,0.0,0.0,0.0,,,,,
2025-08-14,0.02036287037013018,0.0013857881962131557,-0.02898330509890279,0.016364142494362195,-0.11642738059969293,-0.05999999999999961,-1.9091995686382544,1.7597547277474694,0.8676946980775023,0.12383214779942697,0.0,,0.0,0.0,0.0,0.0,,,,,
2025-08-15,-0.01879375032434627,-0.01802410509278829,-0.044185458222458784,0.01675031811657688,-0.0039889340321730415,-0.0600000000000005,-1.8872832681013738,1.7252903885503084,0.6687919805443224,-0.07156392153830737,0.0,,0.0,0.0,0.0,0.0,,,,,
2025-08-18,0.011380588962238924,-0.008028451336910436,-0.029884551031926776,0.01708131025437962,0.10522896829210371,-0.07000000000000028,-1.8427397706628936,1.6878117757534727,0.41240132329388174,-0.3242771381452452,0.0,,0.0,0.0,0.0,0.0,,,,,
2025-08-19,-0.017671896281375332,-0.013166334398592383,-0.04436306042946203,0.017280140498786137,-0.37314921977888993,-0.009999999999999787,-1.8003557396293275,1.6519026788299584,0.41006571027895766,-0.5899342897210423,0.0,,0.0,0.0,0.0,0.0,,,,,
2025-08-20,0.012699081060911332,0.007976893787558836,-0.030235749586317695,0.016993717932901838,-0.5375010405394232,-0.04999999999999982,-1.759946244623506,1.6174431344555418,0.7177153896770632,-0.28228461032293684,0.0,,0.0,0.0,0.0,0.0,,,,,
2025-08-21,0.005747588638007173,-0.0066383879445641725,-0.02251402053592777,0.016551483599404386,-0.3644589148623423,-0.040000000000000036,-1.7213477264900765,1.5843254887630733,0.6164217192023497,-0.25127297887515265,0.0,,0.0,0.0,0.0,0.0,,,,,
2025-08-22,-0.007462721201589417,0.00469264117819268,-0.02821356656093066,0.01644779929123517,0.050108984964813974,0.07000000000000028,-1.6844149123175067,1.5524528075898791,1.0,0.33120801945567757,0.0,,0.0,0.0,0.0,0.0,,,,,
2025-08-25,0.017020370649311722,0.010332422865265478,-0.009215345747302983,0.016156181451907045,0.1167861900330247,0.05999999999999961,-1.6490182583929143,1.5217375305872247,0.9025150404416713,0.49011371714778956,0.0,,0.0,0.0,0.0,0.0,,,,,
2025-08-26,-0.024539203063339343,0.003465116083301467,-0.028767974067740454,0.014276664351423562,0.16152760382497355,0.040000000000000036,-1.6150418174936494,1.4921003261311148,1.0,0.5899342897210423,0.0,,0.0,0.0,0.0,0.0,,,,,
2025-08-27,0.013896702676209571,0.004662737698599706,-0.009999446045576121,0.01442545853469443,0.03999148835402977,0.04999999999999982,-1.5823814496995603,1.463469112517037,1.0,0.28228461032293684,0.0,,0.0,0.0,0.0,0.0,,,,,
2025-08-28,0.007261522831136347,0.00617667189172888,0.0012547379863567798,0.014610452246995418,0.6811783195674437,0.11000000000000032,-1.550943313173698,1.435778217592462,1.0,0.38357828079765033,0.0,,0.0,0.0,0.0,0.0,,,,,
2025-08-29,-0.009279373729239815,0.004360019364078482,-0.004987921093591474,0.013513887979325425,0.05753366800412829,0.02999999999999936,-1.5206425845585219,1.4089676542270024,0.4531891380068871,-0.5468108619931129,0.0,,0.0,0.0,0.0,0.0,,,,,
2025-09-01,0.0,-0.01266035128523324,-0.0027322420719411156,0.013195977253114928,0.05753366800412829,0.02999999999999936,-1.8426001929430622,-1.2148921002592294,0.4531891380068871,-0.5468108619931129,0.6744918468448713,,0.0,0.0,0.0,0.0,,,,,
2025-09-02,0.024404557039140684,0.03628340881724679,0.021861494156182104,0.013990034756803847,-0.1296800561532141,-0.020000000000000462,-1.800853839147676,-1.2043887635710198,0.2814999516845355,-0.7185000483154644,0.6744918468448713,,0.0,0.0,0.0,0.0,,,,,
2025-09-03,-0.024404557039140684,-0.002017850898103468,-0.0017568589243648347,0.01477423680635477,0.18405101078959873,0.020000000000000462,-1.761043786184811,-1.194034785231097,0.3701799577827792,-0.6298200422172209,0.6744918468448713,,0.0,0.0,0.0,0.0,,,,,
2025-09-04,-0.008582404243926867,-0.01786177797316668,-0.009492377876802571,0.014805155947275885,-0.4185947887692887,0.04999999999999982,-1.7230118623986688,-1.1838260462145933,0.5873973215892464,-0.4126026784107536,0.6744918468448713,,0.0,0.0,0.0,0.0,,,,,
2025-09-05,-0.025233426410764537,-0.0338158306546914,-0.032586440527306415,0.015767743779593193,0.06655120033408624,0.13000000000000078,-1.6866174636091993,-1.173758583239873,1.0,0.5468108619931129,0.6744918468448713,,0.0,0.0,0.0,0.0,,,,,
2025-09-08,0.006088786636561316,-0.027727044018130087,-0.02459348270199513,0.01585790289266691,0.06655120033408624,0.13000000000000078,-1.6517351228101307,-1.1638285812211298,1.0,0.5468108619931129,0.0,,0.0,0.0,0.0,0.0,,,,,
2025-09-09,0.00589314439459887,-0.0462384566626719,-0.017717524999360634,0.01574269284249255,0.4365129673684298,0.20000000000000018,-1.6182524800504419,-1.1540323661637353,0.7475967097655605,0.46609675808102496,0.0,,0.0,0.0,0.0,0.0,,,,,
2025-09-10,0.016380898653260978,-0.005453000970270239,-0.0015950653269891646,0.016098100617899243,0.3177456242552279,0.17999999999999972,-1.5860685769788236,-1.1443663984719286,0.5329267149267933,0.16274675714401415,0.0,,0.0,0.0,0.0,0.0,,,,,
2025-09-11,-0.020518396598983024,-0.017388993325326396,-0.020327837558405726,0.016006171280830712,0.6703217627267999,0.16000000000000014,-1.5550924165362217,-1.1348272666408281,0.8796879869512023,0.2922906653619559,0.0,,0.0,0.0,0.0,0.0,,,,,
2025-09-12,0.004931211774199085,0.012775644859637225,-0.014797249521566691,0.015552032715709166,0.0558569927793906,0.040000000000000036,-1.5252417405503371,-1.1254116813069206,0.7522471621795713,-0.24775283782042867,0.0,,0.0,0.0,0.0,0.0,,,,,
2025-09-15,0.010104285524818124,0.016791143747894033,-0.004029772562238243,0.01550282838636914,0.44355775451696555,-0.0,-1.4964419874672863,-1.1161164696331678,0.8929075218384837,-0.10709247816151635,0.0,,0.0,0.0,0.0,0.0,,,,,
2025-09-16,0.019137106779130164,0.030035106132425327,0.01393007549837666,0.01556214486812376,0.8506377910881491,0.040000000000000036,-1.4700756417412204,-1.119233664006154,0.9054424902383872,0.1578457804728267,0.0,,0.0,0.0,0.0,0.0,,,,,
2025-09-17,-0.007424628074277351,0.006229579404886998,0.0063343741623436145,0.015427962630904853,0.8025986848403721,-0.019999999999999574,-1.444607340818876,-1.1223657652579464,0.8102750028083953,0.27734828788160193,0.0,,0.0,0.0,0.0,0.0,,,,,
2025-09-18,-0.007793056896608697,0.018954919107261325,-0.000952723719289672,0.015467420734247617,0.24326113307333586,-0.10000000000000053,-1.4199876105569194,-1.125512910358321,0.8000388003006697,-0.07964918665053267,0.0,,0.0,0.0,0.0,0.0,,,,,
2025-09-19,-0.01402370733306224,0.0,-0.014142422730803794,0.015690697263621222,0.2292999147933905,-0.08000000000000007,-1.3961714931031772,-1.1286752380462302,0.3949755334163541,-0.3572716287632172,0.0,,0.0,0.0,0.0,0.0,,,,,
2025-09-22,-0.0004761526952909989,-0.010580438220109123,-0.012909740937315561,0.015120227698630674,-0.2097614340054399,-0.10000000000000053,-1.3731181377793646,-1.1318528888594521,0.42794414759904953,-0.4649633742394341,0.0,,0.0,0.0,0.0,0.0,,,,,
2025-09-23,0.012150050848122262,-0.017567494151117025,-0.0008853182959871475,0.014413703883918466,-0.4074376252782619,-0.08000000000000007,-1.3507904505302064,-1.13504600516485,0.2805706837231703,-0.6248718065152169,0.0,,0.0,0.0,0.0,0.0,,,,,
2025-09-24,0.025396223981193344,0.01525335790435367,0.023810301413162982,0.01519988037115519,-0.849710720705743,-0.10000000000000053,-1.3291547949066937,-1.138254731189259,0.06948881380826315,-0.7407861890001322,0.0,,0.0,0.0,0.0,0.0,,,,,
2025-09-25,0.0016805442806315796,0.024726959081593947,0.025069290349276407,0.015124132278986714,-0.7356578885791221,-0.0699999999999994,-1.3081807389420352,-1.1414792130510112,-0.07001353704740135,-0.870052337348071,0.0,,0.0,0.0,0.0,0.0,,,,,
2025-09-26,0.014999144918023788,0.053749811332679975,0.03843295399041935,0.01527807844101733,-0.541883929480802,-0.0600000000000005,-1.2878408434776,-1.1447195987921195,-0.1407559629050157,-0.5357314963213698,0.0,,0.0,0.0,0.0,0.0,,,,,
2025-09-29,-0.03410898827861342,0.020116975749357557,0.004393933848854559,0.017247112781831084,-0.250218670085256,-0.0,-1.2681104885542638,-1.147976038411134,-0.1407559629050157,-0.5357314963213698,0.0,,0.0,0.0,0.0,0.0,,,,,
2025-09-30,-0.017263454472585593,-0.009296529571350298,-0.010716151911094762,0.016641099276502872,-0.4318668586074992,-0.040000000000000036,-1.2489677354476076,-1.1512486838966869,0.21561752147776833,-0.06495316224540196,0.0,,0.0,0.0,0.0,0.0,,,,,
2025-10-01,-0.009223983973999594,-0.04391673752654324,-0.018545795825716027,0.01590258708807337,0.017059066810798384,0.040000000000000036,-1.2303932228338559,1.8274832396884977,0.21547640009188085,0.1459875862836177,-0.1038365704407962,,0.0,0.0,0.0,0.0,,,,,
2025-10-02,-0.021151995504274268,-0.06674927731144908,-0.037674971707594374,0.016440883246405524,0.09316262643943585,0.08000000000000007,-1.2123700964672297,1.7900210688408982,0.14376519857654363,0.21377873562394498,-0.1038365704407962,,0.0,0.0,0.0,0.0,,,,,
2025-10-03,0.006019704178017449,-0.07572871805145542,-0.031195104436620547,0.015581470455459526,0.28795639802083883,0.07000000000000028,-1.1948839726690614,1.7542816478186618,-0.25474750566093624,-0.11399154275592052,-0.1038365704407962,,0.0,0.0,0.0,0.0,,,,,
2025-10-06,0.013533314330637758,-0.02808641544220425,-0.01757385339772899,0.015833043109017807,-0.1308745785289167,-0.02999999999999936,-1.1779229369194817,1.7201401980896396,-0.40689020107069696,-0.11399154275592052,-0.1038365704407962,,0.0,0.0,0.0,0.0,,,,,
2025-10-07,0.00047996161228525125,-0.010342999357333404,-0.016735295938074657,0.015771566483790994,-0.2926663603492141,0.020000000000000462,-1.1779229369194817,1.6874856964482474,-0.11404751178508361,-0.32966503326285196,-0.1038365704407962,,0.0,0.0,0.0,0.0,,,,,
2025-10-08,0.013504057782149914,0.012385042398816104,-0.0027288002650003307,0.015623283158808132,-0.521347446779119,-0.009999999999999787,-1.1779229369194817,1.6562191584614603,-0.15438904159304795,-0.3698654416849288,0.0,,0.0,0.0,0.0,0.0,,,,,
2025-10-09,-0.016066519145850222,0.01747051875724015,-0.018515475392583802,0.015352461860201679,-0.5485362402598781,-0.040000000000000036,-1.1779229369194817,1.6262521998870623,-0.31697779360955497,-0.4607429921860986,0.0,,0.0,0.0,0.0,0.0,,,,,
2025-10-10,-0.04275485337795537,-0.03130403879873267,-0.0586061814946639,0.017978842675941097,-0.8562047363560588,0.08000000000000007,,1.5975058281261885,0.16042956243037348,0.4151770680913097,0.0,,0.0,0.0,0.0,0.0,,,,,
2025-10-13,0.0,-0.04483735312937043,-0.05543681994254701,0.017741561182391015,-0.8562047363560588,0.08000000000000007,,1.5699094257288932,0.16042956243037348,0.4151770680913097,0.0,,0.0,0.0,0.0,0.0,,,,,
2025-10-14,-0.0038568002867842566,-0.049174115028439935,-0.0549745633239187,0.016947216702199952,-0.575823066784853,0.10999999999999943,,1.5433998957901722,0.12138329506661599,0.2354308068516996,0.0,,0.0,0.0,0.0,0.0,,,,,
2025-10-15,-0.007419932861656875,-0.07009810567224672,-0.058075674040796166,0.016947171450661262,-0.07253060609422324,0.08000000000000007,,1.51792094528816,0.08223883345026377,0.23662787504331173,0.0,,0.0,0.0,0.0,0.0,,,,,
2025-10-16,-0.013461905605720581,-0.06749349213211708,-0.06693531506627881,0.01705539682940736,0.34717921020859244,0.14999999999999947,,1.4922521191362452,0.663430320617347,0.9804081142269019,0.0,,0.0,0.0,0.0,0.0,,,,,
2025-10-17,0.00017154129898777626,-0.024567097455173936,-0.0628712716186568,0.01693764888301871,0.34140739107783036,0.03000000000000025,,1.4673774389625975,0.46825421731859873,0.30782465488822525,0.0,,0.0,0.0,0.0,0.0,,,,,
2025-10-20,0.0006858710831290082,-0.023881226372044928,-0.0583509995758158,0.016951971763753716,0.34140739107783036,0.03000000000000025,,1.443251144039608,0.6595915866666804,0.30782465488822525,0.0,,0.0,0.0,0.0,0.0,,,,,
2025-10-21,0.005470099109729176,-0.014554326975531495,-0.048712501919452755,0.016684151826283085,0.24153712343891742,0.050000000000000266,,1.4198310467335236,0.3582849386538249,0.2369016435872089,0.0,,0.0,0.0,0.0,0.0,,,,,
2025-10-22,0.01085124245437541,0.003716848340500789,-0.03296561184210489,0.01561005480163749,-0.026145045431147373,0.07999999999999963,,1.3970781792179192,0.5698225311922474,0.48758369774198357,0.0,,0.0,0.0,0.0,0.0,,,,,
2025-10-23,0.05159678964355141,0.06877554358977278,0.02103101315627498,0.020070100828549934,-0.23477290921176674,-0.019999999999999574,,1.3749564819848525,0.8242462979571995,0.16081597733985253,0.0,,0.0,0.0,0.0,0.0,,,,,
2025-10-24,-0.0027263267628709897,0.06587767552791401,0.021590795332276258,0.019648278969608985,-0.19195909291251922,-0.0,,1.353432528426779,0.7679558276705473,0.29970161035194853,0.0,,0.0,0.0,0.0,0.0,,,,,
2025-10-27,-0.0022508048087575006,0.0629409996360275,0.021033190288898496,0.018260277904776412,-0.14748687831047658,-0.009999999999999787,,1.3324752806493925,0.7643248791107369,0.10473329244405649,0.0,,0.0,0.0,0.0,0.0,,,,,
2025-10-28,-0.018847024155878245,0.038623876370420085,0.003958544382563822,0.01833462744724963,0.20961291096414092,-0.010000000000000231,,1.3120558724100104,0.6629096735819887,0.30462473492816383,0.0,,0.0,0.0,0.0,0.0,,,,,
2025-10-29,0.004745161484904337,0.03251779540094901,0.00977762684406791,0.01830186610277492,0.30158202352769115,-0.10999999999999988,,1.2921474156867188,-0.20584588494616726,-0.7756684161384146,0.0,,0.0,0.0,0.0,0.0,,,,,
2025-10-30,0.0016310556543714938,-0.017447938588230905,0.011343450917105535,0.01768502519210811,-0.27291570038303625,-0.10000000000000053,,1.2727248278931456,-0.3137116311155107,-1.1379579290727102,0.0,,0.0,0.0,0.0,0.0,,,,,
2025-10-31,0.006335818449086261,-0.008385793376273654,0.017598232071304842,0.017690767327701026,-0.3732599051552654,-0.09000000000000075,,1.2537646771807134,-0.1077176594548821,-0.8756734871254294,0.0,,0.0,0.0,0.0,0.0,,,,,
2025-11-03,0.0006475635648017786,-0.0054874250027143745,0.01880904587951271,0.01740743457343831,-0.5400715901151321,-0.1200000000000001,-0.9151002282772882,-1.1543998332882255,-0.0,-0.7643248791107369,-0.005021507288627269,,0.0,0.0,0.0,0.0,,,,,
2025-11-04,-0.006657489881298773,0.006702109271865098,0.01307167881629745,0.017458011424767942,-0.9872666639588079,-0.10999999999999943,-0.9036682316278182,-1.138404015840893,-0.05684490346695734,-0.7197545770489461,-0.005021507288627269,,0.0,0.0,0.0,0.0,,,,,
2025-11-05,-0.016094944250820475,-0.014137996463859714,-0.0006231925147890394,0.017425441576673396,-1.0926631444804435,-0.08999999999999986,-0.8931660909555703,-1.1227211045790624,-0.2860646422267419,-0.08021875728057462,-0.005021507288627269,,0.0,0.0,0.0,0.0,,,,,
2025-11-06,-0.0026525214491313065,-0.018421573567362515,-0.0015463409290239483,0.017127339609367173,-0.33937099284979677,-0.0,-0.8837260951725937,-1.1073381982878163,0.17708160135571605,0.49079323247122675,-0.005021507288627269,,0.0,0.0,0.0,0.0,,,,,
2025-11-07,0.004967720101934248,-0.01978967191451453,0.0027646235338130154,0.01418200917011797,-0.0017300197139746842,-0.0,-0.875523444527599,-1.0922430930065312,-0.18402385070015276,-0.07630619124527066,-0.005021507288627269,,0.0,0.0,0.0,0.0,,,,,
2025-11-10,0.0065854699639906755,-0.013851765515325631,0.008364064360506518,0.014242279908352324,0.1258118487096005,-0.0,-0.8687928769348324,-1.0774242331741228,-0.18402385070015276,-0.07630619124527066,0.0,,0.0,0.0,0.0,0.0,,,,,
2025-11-11,0.0,-0.007194275634026859,0.007185195208869288,0.014199302640355103,0.1258118487096005,-0.0,-0.863853898090424,-1.062870666874111,-0.18402385070015276,-0.07630619124527066,0.0,,0.0,0.0,0.0,0.0,,,,,
2025-11-12,-0.027280467553882914,-0.018379798937089298,-0.020281114762037866,0.015469930292288016,0.6585242949834313,0.08999999999999986,-0.8611503300523817,-1.048572004777583,-0.4279535080163073,-0.14188886578956544,0.0,,0.0,0.0,0.0,0.0,,,,,
2025-11-13,0.004039049583949961,-0.01168822790400803,-0.017302955354597138,0.015148958848136447,0.7578795478525024,-0.0,-0.8613147366618217,-1.0345183824269126,-1.0,-1.1770816013557162,0.0,,0.0,0.0,0.0,0.0,,,,,
2025-11-14,0.02209208691820308,0.005436138912260802,0.0026322141061365656,0.015857627931091627,0.34715128348766777,-0.02999999999999936,-0.8652783467808146,-1.0207004255422936,-1.0,-0.8159761492998472,0.0,,0.0,0.0,0.0,0.0,,,,,
2025-11-17,-0.0034559402453977484,-0.004605271297127622,-0.002773553030303688,0.01590482444602883,0.151527142979635,-0.0,-0.848079669311935,-1.0052007424512472,-1.0,-0.8159761492998472,0.0,,0.0,0.0,0.0,0.0,,,,,
2025-11-18,0.013915260959841191,0.00930998966271357,0.008769622945989042,0.01611393419658948,0.151527142979635,-0.0,-0.831124407069747,-0.9899636703001861,-1.0,-0.8159761492998472,0.0,,0.0,0.0,0.0,0.0,,,,,
2025-11-19,-0.020365295725323307,0.016225161491273177,-0.012406930853897435,0.016748742903081877,-0.37341237779418,-0.04999999999999982,-0.8143980187358646,-0.974978018042675,-1.0,-0.5720464919836927,0.0,,0.0,0.0,0.0,0.0,,,,,
2025-11-20,-0.0033239186328835046,0.008862193274439711,-0.013796072147523653,0.011736139972470716,-0.7587820074934415,0.010000000000000675,-0.7978865663489579,-0.9602331505088748,-0.6226010725055344,0.3773989274944656,0.0,,0.0,0.0,0.0,0.0,,,,,
2025-11-21,-0.020348806056743385,-0.03357869970050675,-0.03132897690031555,0.012439167686470017,-0.7429323466146887,0.08000000000000007,-0.7815766639510991,-0.9457189498157837,-0.2664278714957607,0.7335721285042394,0.0,,0.0,0.0,0.0,0.0,,,,,
2025-11-24,0.004238372030951787,-0.025884387424157218,-0.024599162407397124,0.012538914016062734,-0.6625955912829662,0.08999999999999986,-0.7654554316317879,-0.931425779843014,0.1750868102413093,1.1750868102413092,0.0,,0.0,0.0,0.0,0.0,,,,,
2025-11-25,-0.014656022390467704,-0.054455670774466114,-0.036973292424169024,0.012283614796362424,-0.3471583423189095,0.11000000000000032,-0.7495104549951733,-0.9173444534810422,0.3484316808464155,1.3484316808464154,0.0,,0.0,0.0,0.0,0.0,,,,,
2025-11-26,0.009567816026054388,-0.02452255902308842,-0.025364716751476557,0.012474668775750788,0.20913958935881993,0.1299999999999999,-0.7337297502870226,-0.9034662023901618,1.0,2.0,0.0,,0.0,0.0,0.0,0.0,,,,,
2025-11-27,0.0,-0.021198640390204915,-0.023242404322120436,0.012454716535117333,0.20913958935881993,0.1299999999999999,-0.7181017356826124,-0.8897826490358609,1.0,2.0,0.0,,0.0,0.0,0.0,0.0,,,,,
2025-11-28,-0.003918567072277668,-0.004768401405739198,-0.024525939688972542,0.012298284533981671,0.6668017885320898,0.040000000000000036,-0.7026152095798589,-0.8762857807905589,1.0,1.2664278714957606,0.0,,0.0,0.0,0.0,0.0,,,,,
2025-12-01,0.015078642318915314,0.006071868882224329,-0.007533819602338454,0.012909185349014056,0.7635516264740572,-0.04999999999999982,-0.7946541745537244,-0.2985100001093032,0.5121790860366229,0.3370922757953136,-0.5913182334695399,,0.0,0.0,0.0,0.0,,,,,
2025-12-02,-0.011160075246637646,0.009567816026054388,-0.01655528781298976,0.013034921741600878,0.4002186897524185,-0.08000000000000007,-0.7791148642336128,-0.2919629774854647,0.595830878613772,0.24739919776735653,-0.5913182334695399,,0.0,0.0,0.0,0.0,,,,,
2025-12-03,0.004749796885718638,0.004749796885718638,-0.010709120948111384,0.01268903403454182,0.4207228911687899,-0.05999999999999961,-0.7638106002122463,-0.28541940837486096,1.0,0.0,-0.5913182334695399,,0.0,0.0,0.0,0.0,,,,,
2025-12-04,0.012278347844218551,0.01702814472993719,0.0019190534105986146,0.01302737004688324,0.4207228911687899,-0.05999999999999961,-0.7487375832291169,-0.27887841108506545,0.42257334494860405,0.0,-0.5913182334695399,,0.0,0.0,0.0,0.0,,,,,
2025-12-05,0.006830513853827824,0.02777722565604268,0.009006254091324273,0.013073964731458781,0.30267808979064226,-0.1200000000000001,-0.7338939925937464,-0.27233910066134814,-0.08451466898972305,-1.0845146689897232,-0.5913182334695399,,0.0,0.0,0.0,0.0,,,,,
2025-12-08,-0.019955386763412797,-0.00725680342628543,-0.009365403008821716,0.01367603616402697,0.17373882310544042,-0.08000000000000007,-0.7192803518812354,-0.26580058825029085,0.0843539995879812,-0.4278250864486417,0.0,,0.0,0.0,0.0,0.0,,,,,
2025-12-09,-0.010899290458035615,-0.006996018637683399,-0.01813599928068843,0.013825942595992614,0.3825939955442448,-0.08999999999999986,-0.7049000217172647,-0.2592619804532942,0.0843539995879812,-0.4278250864486417,0.0,,0.0,0.0,0.0,0.0,,,,,
2025-12-10,0.0046126331035871715,-0.007133182419814865,-0.012989327023805508,0.012552945515726943,0.048370958871424286,-0.07000000000000028,-0.6907598659081516,-0.2527223786688104,0.16757324924646474,-0.8324267507535352,0.0,,0.0,0.0,0.0,0.0,,,,,
2025-12-11,-0.015632028353198102,-0.03504355861723152,-0.027103762326850855,0.012940432257517436,0.5772452985914334,-0.02999999999999936,-0.6768711578907798,-0.24618087842209072,0.5027860990761701,0.08021275412756607,0.0,,0.0,0.0,0.0,0.0,,,,,
2025-12-12,-0.002600330840278886,-0.04447440331133823,-0.026951879229052622,0.011686498082903783,0.4491810586620071,-0.05000000000000071,-0.6632508261050806,-0.2396365686811949,0.8382719408277136,0.9227866098174367,0.0,,0.0,0.0,0.0,0.0,,,,,
2025-12-15,-0.011171350251987455,-0.03569036679991289,-0.03498524504263312,0.011837320018907778,0.6788600384182164,-0.009999999999999787,-0.649923186208058,-0.2330885311579565,0.7612455053905431,0.676891505802562,0.0,,0.0,0.0,0.0,0.0,,,,,
2025-12-16,-0.027223458610656337,-0.05201453495253361,-0.05701378323635797,0.0122839174586014,0.6570922879075236,0.02999999999999936,-0.6348029055897383,-0.23693737669859694,0.8381612384064558,0.676891505802562,0.0,,0.0,0.0,0.0,0.0,,,,,
2025-12-17,0.011299555253933669,-0.04532761280218711,-0.04210255011445607,0.012266325825195452,0.43107448755005384,-0.03000000000000025,-0.6197562845815112,-0.24080179823482267,0.7513875083850735,0.5838142591386087,0.0,,0.0,0.0,0.0,0.0,,,,,
2025-12-18,0.0026716553428043355,-0.027023929106184674,-0.03611899560246723,0.01234672844211353,-0.06067677946324235,0.019999999999999574,-0.6047723249947459,-0.24468205773654703,0.7599181601931456,0.2571320611169755,0.0,,0.0,0.0,0.0,0.0,,,,,
2025-12-19,0.01026376024872011,-0.014159838017185677,-0.02407396449983601,0.012016607439591917,-0.017478996073050368,0.03000000000000025,-0.589840164148895,-0.24857842161057941,0.257337997834705,-0.5809339429930086,0.0,,0.0,0.0,0.0,0.0,,,,,
2025-12-22,0.024005327339949645,0.021016839574751423,0.0007242859285749859,0.013283852787320409,-0.029260704541078653,0.009999999999999787,-0.5749491147935163,-0.25249116081364253,0.17213259316468607,-0.589112912225857,0.0,,0.0,0.0,0.0,0.0,,,,,
2025-12-23,0.006339436976670498,0.05457973516207826,0.006806873025348992,0.012956198932452402,0.1538908100912284,-0.02999999999999936,-0.5600887404139124,-0.256420550968745,-0.4333835174880661,-1.2715447558945219,0.0,,0.0,0.0,0.0,0.0,,,,,
2025-12-24,0.002899294262533658,0.04617947417067825,0.009782743496162816,0.012788695022893894,0.5973950314177467,0.009999999999999787,-0.5452489829783602,-0.26036687248503154,-0.1720878717835296,-0.9234753801686031,0.0,,0.0,0.0,0.0,0.0,,,,,
2025-12-25,0.0,0.04350781882787391,0.00985931970444387,0.012788695022893894,0.5973950314177467,0.009999999999999787,-0.5304203694575308,-0.2643304106812362,-0.1720878717835296,-0.9234753801686031,0.0,,0.0,0.0,0.0,0.0,,,,,
2025-12-26,-0.03677139909712235,-0.003527340517968547,-0.02519286158315648,0.015192185303852156,0.5766228492109171,0.020000000000000462,-0.5155943383998149,-0.2683114559128687,0.08512885768565875,-0.17220914014904626,0.0,,0.0,0.0,0.0,0.0,,,,,
2025-12-29,0.022535672881775604,-0.004996994976142588,-0.0013108224200006902,0.015708862138659074,0.33444119235410685,0.04999999999999982,-0.5007637525012631,-0.2723103037032765,0.767624089603543,0.5954914964388569,0.0,,0.0,0.0,0.0,0.0,,,,,
2025-12-30,-0.0017289077612261394,-0.013065339714039226,-0.0021649222741180196,0.015539404500644997,0.17693393046446237,0.040000000000000036,-0.4859237047988164,-0.2763272548787209,0.5084741020137622,0.9418576195018282,0.0,,0.0,0.0,0.0,0.0,,,,,
2025-12-31,-0.00921345065971746,-0.025178084636290343,-0.009805402649456063,0.015587000187805003,-0.2582110096351897,-0.02999999999999936,-0.4710727986597006,-0.2803626157076186,0.17016485246846283,0.34225272425199244,0.0,,0.0,0.0,0.0,0.0,,,,,
2026-01-01,0.0,-0.025178084636290343,-0.007618514972863366,0.015250908950590336,-0.2582110096351897,-0.02999999999999936,1.670680017606809,-2.6670099504654554,0.17016485246846283,0.34225272425199244,-0.18952335739848003,,0.0,0.0,0.0,0.0,,,,,
2026-01-02,-0.0008735913895323577,0.010719723071299647,-0.005920013423636128,0.015107784343216276,-0.11182508414084857,-0.05000000000000071,1.7220427809235535,-2.5794660178790587,0.7688784312940371,0.6837495736083783,-0.18952335739848003,,0.0,0.0,0.0,0.0,,,,,
2026-01-05,0.015436955577428968,0.0036210057669530116,0.01031941797551017,0.015037101198994313,-0.02450039677264204,-0.04999999999999982,1.7772849042459078,-2.498808266647669,0.940949246912292,0.17332515730874898,-0.18952335739848003,,0.0,0.0,0.0,0.0,,,,,
2026-01-06,-0.019640850365561846,-0.014290936837382695,-0.008081878572958168,0.015466928697062475,-0.2400122516714287,-0.040000000000000036,1.836950831360877,-2.4241471874660188,1.0,0.4915258979862378,-0.18952335739848003,,0.0,0.0,0.0,0.0,,,,,
2026-01-07,-0.016994567270563365,-0.0220720534482286,-0.022756532007719876,0.01578793774214029,-0.10547360404056239,0.02999999999999936,1.9016990233267632,-2.3547466075625016,0.594886682947741,0.42472183047927825,-0.18952335739848003,,0.0,0.0,0.0,0.0,,,,,
2026-01-08,0.030419928013047937,0.008347874564819335,0.007680712022817282,0.017051881053744108,-0.10547360404056239,0.02999999999999936,1.9723346991199528,-2.2899912552531325,0.2620683521800316,0.42472183047927825,0.0,,0.0,0.0,0.0,0.0,,,,,
2026-01-09,0.020909073646292242,0.030130539600643935,0.027431631462270012,0.017663780241186543,-0.5146903288215654,0.010000000000000675,2.049854867390653,-2.2293623389110904,-0.17590168335765446,-0.9447801146516915,0.0,,0.0,0.0,0.0,0.0,,,,,
2026-01-12,0.007266614146687722,0.02196019816990269,0.03261819318218517,0.017466467409910532,-0.3148324014873749,-0.020000000000000462,2.1355115071836055,-2.172418899806424,-0.26584698867182643,-1.2067962355841184,0.0,,0.0,0.0,0.0,0.0,,,,,
2026-01-13,0.02428595740576789,0.06588700594123242,0.05224862736035796,0.016698908964905144,-0.30004833833832123,-0.0,2.2309022340674396,-2.1187833913823924,-0.44886519346206416,-1.4488651934620642,0.0,,0.0,0.0,0.0,0.0,,,,,
2026-01-14,0.016138584845630355,0.09902015805742614,0.06348973749880926,0.016834745373361982,-0.06823951234609105,-0.0,2.338103810647864,-2.0681303972285474,-0.1820792639418367,-0.7769659468895778,0.0,,0.0,0.0,0.0,0.0,,,,,
2026-01-15,-0.04481199444642847,0.023788235597949736,0.01615445083466316,0.020180901061931707,0.07935688448036382,0.020000000000000462,2.4598747032565624,-2.0201777108053176,-0.9106315971709272,-1.172699949350959,0.0,,0.0,0.0,0.0,0.0,,,,,
2026-01-16,0.0045558165358610125,0.0074349784875185065,0.018472372338449894,0.020105895789480396,0.11453858086948321,-0.0600000000000005,2.374778116135369,-1.9700974338522097,-0.9933165056254218,-0.8174148222677674,0.0,,0.0,0.0,0.0,0.0,,,,,
2026-01-19,0.0,0.00016836434083078444,0.017434743673372388,0.019443667812850677,0.11453858086948321,-0.0600000000000005,2.2965298270905645,-1.922709223426177,-0.9933165056254218,-0.8174148222677674,0.0,,0.0,0.0,0.0,0.0,,,,,
2026-01-20,0.015037877364540542,-0.009079715700396562,0.031000070353441878,0.019664532313852057,0.5781583334790064,-0.1200000000000001,2.224219538975717,-1.8777652908172333,-1.0,-0.5511348065379358,0.0,,0.0,0.0,0.0,0.0,,,,,
2026-01-21,0.0013258205455528582,-0.02389248000047406,0.030932013900373256,0.019661671146042555,0.5090297339723548,-0.10999999999999943,2.1570981797112707,-1.8350488867212318,-1.0,-0.8179207360581633,0.0,,0.0,0.0,0.0,0.0,,,,,
2026-01-22,-0.01906093487909466,0.0018585795668597527,0.011430248766611584,0.020187718265777272,0.6657771859017503,-0.08999999999999986,2.0945428990637796,-1.794369484730259,-1.0,-0.8179207360581633,0.0,,0.0,0.0,0.0,0.0,,,,,
2026-01-23,0.024346708665854422,0.021649471696853162,0.03228022178964984,0.01883907649603194,0.9878101792248462,-0.0,2.036030932475761,-1.755558851099294,-1.0,-0.006683494374578158,0.0,,0.0,0.0,0.0,0.0,,,,,
2026-01-26,-0.003961708714140144,0.017687762982713018,0.026146646512489546,0.018355189945408235,0.9878101792248462,-0.0,1.9811197931377091,-1.7184678144843915,-0.9909770444862532,-0.006683494374578158,0.0,,0.0,0.0,0.0,0.0,,,,,
2026-01-27,0.02579734895702579,0.028447234575198266,0.04839581607058285,0.019065551185709295,1.6687108346484347,0.05999999999999961,1.9294320570717436,-1.6829635931743323,-0.7272180923529853,0.2727819076470147,0.0,,0.0,0.0,0.0,0.0,,,,,
2026-01-28,0.011379239703554589,0.038500653733199997,0.05519724185704167,0.018895380885290775,1.5345671429684682,-0.0,1.8806435329331852,-1.6489275698384283,-0.8440997823721285,0.15590021762787154,0.0,,0.0,0.0,0.0,0.0,,,,,
2026-01-29,0.03168395518293288,0.08924554379522753,0.08071918536373168,0.019798014015852912,1.4737046986397218,0.019999999999999574,1.8344739608441842,-1.616253428164176,-0.8440997823721285,0.15590021762787154,0.0,,0.0,0.0,0.0,0.0,,,,,
2026-01-30,-0.004177309393099016,0.060721525736274096,0.07054505019456858,0.01987344425226485,0.8393777502657684,-0.019999999999999574,1.7906796249075012,-1.584845584179824,-0.47340723327677403,0.526592766723226,0.0,,0.0,0.0,0.0,0.0,,,,,
2026-02-02,-0.046003353262252134,0.018679881188162106,0.021616886598235574,0.02286145795224643,-0.2612397026746649,-0.07000000000000028,3.697614296788794,1.3670555856692101,-1.0,-0.009022955513746767,-0.1762341799844691,,0.0,0.0,0.0,0.0,,,,,
2026-02-03,0.016422845358785132,0.009305377589921449,0.033311736836723504,0.022405635256379213,-0.44622370102587183,-0.040000000000000036,3.4387269210113023,1.3617317626501388,-0.9517841196956521,-0.22456602734266684,-0.1762341799844691,,0.0,0.0,0.0,0.0,,,,,
2026-02-04,0.03051030806343391,0.02843644594980077,0.05671880601315937,0.022499426447010386,-0.6369578518564456,-0.03000000000000025,3.22353406829153,1.3564474898379433,-0.9491691011064401,-0.10506931873431169,-0.1762341799844691,,0.0,0.0,0.0,0.0,,,,,
2026-02-05,-0.0260488602552984,-0.029296369488430507,0.026390146284280824,0.022957875728980774,-0.9058273359241698,0.03000000000000025,3.0407733474220793,1.3512022239971744,0.190213656438625,-0.10506931873431169,-0.1762341799844691,,0.0,0.0,0.0,0.0,,,,,
2026-02-06,0.013736696620784805,-0.011382363474546686,0.03620566228276001,0.02273942217509975,-0.28931395865634535,0.040000000000000036,2.882873736935783,1.3459954322969614,0.3929813565547331,0.8663885898315071,-0.1762341799844691,,0.0,0.0,0.0,0.0,,,,,
2026-02-09,0.011847371620568481,0.04646836140827393,0.04390281540733021,0.0227978859911155,0.6097452790575275,0.07000000000000028,2.74453180417483,1.340826592055139,0.6006908015774417,1.6006908015774417,0.0,,0.0,0.0,0.0,0.0,,,,,
2026-02-10,-0.005127021251833064,0.024918494797655732,0.03609622459237816,0.022375375960187335,0.385500828979346,0.1200000000000001,2.6219064725769075,1.3356951904900343,0.800311870584977,1.7520959902806292,0.0,,0.0,0.0,0.0,0.0,,,,,
2026-02-11,0.009302392662313252,0.003710579396535074,0.04306085730073761,0.022210561208915718,0.676558977576569,0.11000000000000032,2.5121378945303636,1.3306007244796445,-0.10164490847788883,0.8475241926285513,0.0,,0.0,0.0,0.0,0.0,,,,,
2026-02-12,-0.026901841263391013,0.0028575983884424616,0.012925748424241768,0.020505054338492226,0.814997713145782,0.1200000000000001,2.4130467184100373,1.3255427003279452,0.9132370587883115,0.7230234023496865,0.0,,0.0,0.0,0.0,0.0,,,,,
2026-02-13,-0.00047569968390881456,-0.011354797916251158,0.009468356938216793,0.020518835134231393,0.6046141472437205,0.17999999999999972,2.322938888295287,1.320520633538083,1.0,0.6070186434452669,0.0,,0.0,0.0,0.0,0.0,,,,,
2026-02-16,0.0,-0.02320216953681964,0.006486665136099745,0.020518835134231393,0.6046141472437205,0.17999999999999972,2.240180842477658,1.2977341878110586,1.0,0.6070186434452669,0.0,,0.0,0.0,0.0,0.0,,,,,
2026-02-17,-0.008281620831722236,-0.02635676911670881,-0.0036106725879250234,0.020460166642084287,-0.1837109093136835,0.11000000000000032,2.1640469707064445,1.2755515402412678,1.0,0.199688129415023,0.0,,0.0,0.0,0.0,0.0,,,,,
2026-02-18,0.04380490727345254,0.008145745494430479,0.0362545634568292,0.02250892037368311,-0.3256424947705616,0.08999999999999986,2.0936526062727743,1.2539398371906496,1.0,1.1016449084778888,0.0,,0.0,0.0,0.0,0.0,,,,,
2026-02-19,0.02015372402693405,0.05520131078475554,0.050507883309763635,0.02210424653717691,-0.5936823620696696,0.009999999999999787,2.028270395290901,1.2328685504454608,1.0,0.08676294121168848,0.0,,0.0,0.0,0.0,0.0,,,,,
2026-02-20,0.0004499437646217075,0.056126954233286064,0.04625226114544656,0.021696768113902164,-0.3964235937981231,-0.040000000000000036,1.967296009534025,1.2123092641232802,1.0,0.0,0.0,,0.0,0.0,0.0,0.0,,,,,
2026-02-23,-0.004960551321970819,0.051166402911315245,0.03663608602492996,0.021718906963170668,-0.3964235937981231,-0.040000000000000036,1.9102225790494038,1.1922354847807501,1.0,0.0,0.0,,0.0,0.0,0.0,0.0,,,,,
2026-02-24,-0.011213937789288586,0.048234085953748895,0.022617088774410377,0.021397105250360298,-0.1773436670559514,0.009999999999999787,1.8566213385820993,1.172622471779058,0.9453717029864035,-0.054628297013596505,0.0,,0.0,0.0,0.0,0.0,,,,,
2026-02-25,-0.004888491250570226,-0.0004593125702738732,0.01573692461031495,0.02136318568671021,0.06245619156399762,0.040000000000000036,1.8061267779064716,1.153447085386064,1.0,0.0,0.0,,0.0,0.0,0.0,0.0,,,,,
2026-02-26,-0.0030674870678621957,-0.02368052366507012,0.01241533674146833,0.02020279903410712,0.2801191521320967,0.0600000000000005,1.7584251072195205,1.1346876504484904,1.0,0.0,0.0,,0.0,0.0,0.0,0.0,,,,,
2026-02-27,0.028170876966696845,0.004040409537005019,0.03871470358919016,0.02110412459633836,0.14356942056092947,0.10999999999999988,1.713245196846049,1.1163238337665773,1.0,0.0,0.0,,0.0,0.0,0.0,0.0,,,,,
2026-03-02,0.06041376256420339,0.06941472342317923,0.09193610024309606,0.021802052142819755,-0.6168416857795789,-0.019999999999999574,-2.9506728233861415,-1.641229526272856,0.8935827481310744,-0.10641725186892559,-0.09068692127598421,,0.0,0.0,0.0,0.0,,,,,
2026-03-03,0.046021444223388386,0.1266501054358562,0.12928524861295632,0.023407097207768113,-1.2614215113148974,-0.019999999999999574,-2.8202332627499467,-1.6151980243507869,0.5561776437401089,-0.3891940592462946,-0.09068692127598421,,0.0,0.0,0.0,0.0,,,,,
2026-03-04,0.0013417417818626376,0.13288033846828906,0.12341312285536965,0.02287753411555086,-1.10512953323878,-0.040000000000000036,-2.703745244827582,-1.5899863468384445,0.27808882187005235,-0.7219111781299477,-0.09068692127598421,,0.0,0.0,0.0,0.0,,,,,
2026-03-05,0.08109419996154177,0.21704202549769303,0.19193630226662162,0.0268741339814207,-1.4114001027953016,-0.11000000000000032,-2.5988197586198964,-1.5655479730609398,-0.9138258024068522,-1.9138258024068522,-0.09068692127598421,,0.0,0.0,0.0,0.0,,,,,
2026-03-06,0.11536225982631976,0.30423340835731594,0.2896462633823731,0.03537056074740689,-1.4162853721239488,-0.18000000000000016,-2.503605078164123,-1.5418399907670262,-0.5429746585710262,-1.5429746585710262,-0.09068692127598421,,0.0,0.0,0.0,0.0,,,,,
2026-03-09,0.04185704311679572,0.28567668890990827,0.31235052421379006,0.03574588547409784,-0.714689003682567,-0.07000000000000028,-2.4166406086643195,-1.5188227426603165,-0.716592284008068,-1.6101750321391424,0.0,,0.0,0.0,0.0,0.0,,,,,
2026-03-10,-0.12282743298336651,0.11682781170315337,0.17625532953162093,0.04765766164730117,0.5932978939850564,-0.09000000000000075,-2.336756581643882,-1.4964595143910973,-1.0,-1.556177643740109,0.0,,0.0,0.0,0.0,0.0,,,,,
2026-03-11,0.03624817699433969,0.15173424691563042,0.19788845561055712,0.04791981961732403,-0.18308481109929886,-0.1200000000000001,-2.263003512397877,-1.4747162583772295,-1.0,-1.2780888218700523,0.0,,0.0,0.0,0.0,0.0,,,,,
2026-03-12,0.0966707954310504,0.16731084238513905,0.27376556829148146,0.05019742925679674,-0.21276542361143846,-0.13999999999999968,-2.1946015136138146,-1.4535613486875323,-1.0,-0.08617419759314782,0.0,,0.0,0.0,0.0,0.0,,,,,
2026-03-13,0.029576064778843225,0.08152464733766251,0.28104536209706055,0.04997654415793896,-0.8877656057778349,-0.1299999999999999,-2.1309031790577606,-1.4329653629383616,-1.0,-0.4570253414289738,0.0,,0.0,0.0,0.0,0.0,,,,,
2026-03-16,-0.05306920875457166,-0.01340160453370487,0.20833334280695492,0.052564476268794104,-0.4868840841031785,-0.11000000000000032,-2.071365941376169,-1.4129008877514586,-1.0,-0.4570253414289738,0.0,,0.0,0.0,0.0,0.0,,,,,
2026-03-17,0.027668079587905403,0.13709390803756705,0.21456112683834405,0.052172523102635156,-0.9326555794669344,-0.04999999999999982,-2.0155311716332034,-1.3933423448205198,-1.0,0.0,0.0,,0.0,0.0,0.0,0.0,,,,,
2026-03-18,0.0011450581587357789,0.10199078920196314,0.1963988818962985,0.05208201974743067,-0.5357599433306603,-0.04999999999999982,-1.963008159076518,-1.3688374811248332,-1.0,0.0,0.0,,0.0,0.0,0.0,0.0,,,,,
2026-03-19,-0.00010404203307512461,0.005215951737837621,0.1780004250654441,0.05226136938791291,-0.29835748985793664,0.019999999999999574,-1.913461678685868,-1.3450599728614467,-1.0,0.0,0.0,,0.0,0.0,0.0,0.0,,,,,
2026-03-20,0.02669288959460392,0.0023327765535983147,0.18508675257076845,0.05211901284452407,0.22903017623958632,-0.10999999999999943,-1.8666022336475394,-1.3219696824928144,-1.0,0.0,0.0,,0.0,0.0,0.0,0.0,,,,,
2026-03-23,-0.09984888071604914,-0.04444689540787916,0.07037572623514432,0.058412015931998774,0.1331423765789319,-0.10999999999999943,-1.822178317874077,-1.2995296631888407,-1.0,0.0,0.0,,0.0,0.0,0.0,0.0,,,,,
2026-03-24,0.042195728674903066,-0.0299192463208815,0.09503882596726321,0.058378006634017834,-0.24759498234205868,-0.1899999999999995,-1.7842195299192525,-1.2777058652444582,-1.0,0.0,0.0,,0.0,0.0,0.0,0.0,,,,,
2026-03-25,-0.018084850461363544,-0.04914915494098082,0.06008116452365364,0.05871834310647569,-0.1672675847761651,-0.07000000000000028,-1.7485433557580015,-1.2564668785813853,-1.0,0.0,0.0,,0.0,0.0,0.0,0.0,,,,,
2026-03-26,0.04977317992222918,0.0007280670143234858,0.09033950011413427,0.05896218436282891,-0.17373910178215546,-0.16999999999999993,-1.7149297854732442,-1.2357837067953708,-1.0,0.0,0.0,,0.0,0.0,0.0,0.0,,,,,
2026-03-27,0.05147003069224709,0.02550520811196666,0.12112972878835304,0.05937096092323994,-0.5066692607068601,-0.05000000000000071,-1.683187394808893,-1.215629568952886,-1.0,0.0,0.0,,0.0,0.0,0.0,0.0,,,,,
2026-03-30,0.0333121357895001,0.1586662246175159,0.13511714389856166,0.05872208064270823,-1.1239224560206873,-0.009999999999999787,-1.6531487408403251,-1.1959797259688127,-1.0,0.0,0.0,,0.0,0.0,0.0,0.0,,,,,
2026-03-31,-0.01763476198449343,0.0988357339581194,0.10134047154517045,0.058923704025902746,-0.7537698899937162,0.08999999999999986,-1.624666632766454,-1.1768113289328326,-0.9849893653504159,0.015010634649584076,0.0,,0.0,0.0,0.0,0.0,,,,,
2026-04-01,-0.00937690011809078,0.10754368430139216,0.07635759315317969,0.05911383988844111,0.006992529647498191,-0.0,-4.108617546148773,-0.693399961665599,-0.9359531437484919,0.06404685625150808,0.6698267931692481,,0.0,0.0,0.0,0.0,,,,,
2026-04-02,0.10542920809726919,0.16319971247643217,0.1649640725697621,0.06076025842163461,-0.09469303673923513,0.11000000000000032,-3.8034227110035155,-0.6803107721879113,-0.7540921257925897,0.24590787420741034,0.6698267931692481,,0.0,0.0,0.0,0.0,,,,,
2026-04-03,0.0,0.11172968178418508,0.15390945688039093,0.056219454170834,0.1891051916241171,0.09000000000000075,-3.55751839918042,-0.6672905179893416,-0.9391144635291437,0.06088553647085626,0.6698267931692481,,0.0,0.0,0.0,0.0,,,,,
2026-04-06,0.006865015519680107,0.08528256151436509,0.15146945809055623,0.055752958209198386,0.7048681165287451,0.009999999999999787,-3.353900374794114,-0.6543314620833868,-0.9208345943080524,0.07916540569194763,0.6698267931692481,,0.0,0.0,0.0,0.0,,,,,
2026-04-07,0.004987105134802938,0.10790442863366145,0.1407608220099359,0.04634100579103653,0.590738216218456,-0.03000000000000025,-3.181691712133961,-0.6414257966162389,-0.7794668511215402,0.20552251422887569,0.6698267931692481,,0.0,0.0,0.0,0.0,,,,,
2026-04-08,-0.1751558102560411,-0.057874481504288866,-0.039520530099009576,0.06264755942157824,0.88261885217924,0.040000000000000036,-3.0335681334681714,-0.6285656090610574,-0.48368785339514575,0.45226529035334617,0.0,,0.0,0.0,0.0,0.0,,,,,
2026-04-09,0.03524548892074719,-0.12805820068081086,-0.006329317705652038,0.05934184716441532,1.3304233089632578,0.019999999999999574,-2.9043930475329027,-0.6157428457325216,-0.06397499387679995,0.6901171319157897,0.0,,0.0,0.0,0.0,0.0,,,,,
2026-04-10,-0.012932085661343962,-0.14099028634215482,-0.019190272372374473,0.05906483358106244,1.4929158395942221,0.040000000000000036,-2.7904432850368264,-0.602949272042767,-0.2528537535189884,0.6862607100101553,0.0,,0.0,0.0,0.0,0.0,,,,,
2026-04-13,0.023913527752298158,-0.12394177410953677,0.0009452495491997226,0.057926717440939024,1.194550868469868,0.040000000000000036,-2.6889454017659253,-0.5901764288162077,-0.31622628746369985,0.6046083068443525,0.0,,0.0,0.0,0.0,0.0,,,,,
2026-04-14,-0.07899249153847254,-0.20792137078281225,-0.07649221926367655,0.06046572888188533,1.6305684840425494,0.07000000000000028,-2.5977853085390405,-0.577415583851403,-0.2515734640645616,0.5278933870569786,0.0,,0.0,0.0,0.0,0.0,,,,,
2026-04-15,-0.0003223899872102365,-0.03308795051398139,-0.07518621411799398,0.06046317029991691,0.5856730578634561,-0.0,-2.5153195207886534,-0.5646576777560786,-0.0,0.48368785339514575,0.0,,0.0,0.0,0.0,0.0,,,,,
2026-04-16,0.03609890643041691,-0.03223453300431167,-0.03926905997785912,0.06105028007549093,0.4526500465097505,-0.03000000000000025,-2.4402485069632864,-0.5518932628773939,0.03106845324589467,0.09504344712269461,0.0,,0.0,0.0,0.0,0.0,,,,,
2026-04-17,-0.11582817799086076,-0.13513062533382847,-0.14815293687972808,0.06591679285919712,0.6526428797393846,0.04999999999999982,-2.3715293505196513,-0.5391124338913336,0.5274702308946198,0.7803239844136082,0.0,,0.0,0.0,0.0,0.0,,,,,
2026-04-20,0.058218393256670886,-0.10082575982945574,-0.0908936062327017,0.0636276589557731,0.6338262532817551,0.040000000000000036,-2.297228504347648,-0.5322107958385606,0.3412796886935178,0.6575059761572177,0.0,,0.0,0.0,0.0,0.0,,,,,
2026-04-21,0.027939012716074352,0.006105744425091153,-0.06320082032833074,0.06321991403519128,-0.0633670192407676,-0.040000000000000036,-2.228218055511255,-0.5253447000446304,0.37155337073154215,0.6231268347961038,0.0,,0.0,0.0,0.0,0.0,,,,,
2026-04-22,0.011889736667874296,0.018317871080175685,-0.05305603982862106,0.06311768966146693,-0.20116202540840789,-0.009999999999999787,-2.163865731648835,-0.5185131244238015,0.15415574756277986,0.15415574756277986,0.0,,0.0,0.0,0.0,0.0,,,,,
2026-04-23,0.04649603131104563,0.0287149959608044,-0.008141107255180913,0.06299056891820605,-0.2989989996755815,-0.019999999999999574,-2.103640318184714,-0.5117150653798407,0.39856596754722434,0.36749751430132965,0.0,,0.0,0.0,0.0,0.0,,,,,
2026-04-24,-0.008599375163798051,0.1359437987878671,-0.015318110863782763,0.06190941749695507,-0.55039189698467,-0.04999999999999982,-2.047091755497366,-0.5049495370395138,0.3069049948090338,-0.22056523608558593,0.0,,0.0,0.0,0.0,0.0,,,,,
2026-04-27,0.014825545106226024,0.09255095063742225,0.0018541353318042297,0.06150017741311023,-0.26083117524573485,-0.08999999999999986,-1.993835829262091,-0.49821557051099463,0.12251297987628405,-0.21876670881723376,0.0,,0.0,0.0,0.0,0.0,,,,,
2026-04-28,0.0350188236474942,0.0996307615688421,0.03658698078705935,0.06193672588085724,-0.2858998033488991,-0.0600000000000005,-1.9435422511122422,-0.491512213165855,-0.15206009188780384,-0.523613462619346,0.0,,0.0,0.0,0.0,0.0,,,,,
2026-04-29,0.06565558669263094,0.15339661159359874,0.09820496494691522,0.06357147781429423,-0.4191385526524316,-0.1200000000000001,-1.8959252762520264,-0.48483852794337085,-0.32902559638069934,-0.4831813439434792,0.0,,0.0,0.0,0.0,0.0,,,,,
2026-04-30,-0.01670432707379721,0.0901962532087559,0.08356971209889519,0.05902250372909148,0.037484574465840304,-0.0600000000000005,-1.850736243329235,-0.47819359267592343,-0.26926049406351976,-0.6678264616107441,0.0,,0.0,0.0,0.0,0.0,,,,,
2026-05-01,-0.03046679902924687,0.06832882934330708,0.05669532724688864,0.05935850109660127,0.28367026195701417,-0.08000000000000007,-2.5030834590541207,0.1411822133579762,-0.11946253147990388,-0.4263675262889377,0.15325555203637986,,0.0,0.0,0.0,0.0,,,,,
2026-05-04,0.04072329919643547,0.09422658343351653,0.0993181264367271,0.06014999096274336,-0.23670176421266564,-0.10000000000000053,-2.4183302044315216,0.14239778306826692,-0.3261492384938697,-0.44866221837015374,0.15325555203637986,,0.0,0.0,0.0,0.0,,,,,
2026-05-05,-0.038069772241405175,0.021137987544617154,0.06530069805753502,0.06065891498386581,0.12713466255007688,-0.0699999999999994,-2.340204343278376,0.14361417869899581,-0.3566092205771132,-0.20454912868930936,0.15325555203637986,,0.0,0.0,0.0,0.0,,,,,
2026-05-06,-0.06763498795493827,-0.11215258710295206,-0.0036579871502455674,0.04817670076193766,0.8390604336782848,0.05999999999999961,-2.267844995814171,0.14483140640336667,-0.23823924757073242,0.09078634880996692,0.15325555203637986,,0.0,0.0,0.0,0.0,,,,,
2026-05-07,-0.0037538724140375734,-0.09920213244319243,-0.006785588750385152,0.04751616992602325,0.5556538665722921,-0.009999999999999787,-2.2005402989741913,0.14604947235478286,-0.41883782582419377,-0.149577331760674,0.15325555203637986,,0.0,0.0,0.0,0.0,,,,,
2026-05-08,0.00496832454184748,-0.06376700887209807,-0.0020860139048011206,0.04744070363605629,0.2984983858788537,0.009999999999999787,-2.1376957451192506,0.14726838274702353,-0.2752353144701688,-0.15577278299026492,0.0,,0.0,0.0,0.0,0.0,,,,,
2026-05-11,0.02684390092743616,-0.07764640714109738,0.024342618667615668,0.04752202849177679,0.648172459992058,0.03000000000000025,-2.0788103772537374,0.14848814379442143,-0.5160521320156499,-0.18990289352178025,0.0,,0.0,0.0,0.0,0.0,,,,,
2026-05-12,0.04071170880135622,0.0011350739016640077,0.05865384909696214,0.04443225277696401,0.08168894636434443,-0.03000000000000025,-2.0234586352552797,0.14970876173204178,-0.733105149152318,-0.37649592857520475,0.0,,0.0,0.0,0.0,0.0,,,,,
2026-05-13,-0.011983024985421586,0.056787036871180696,0.04085337748943996,0.044601294745293125,-0.3179557351424389,-0.09999999999999964,-1.9712763326166514,0.15093024281586223,-0.6756007689273913,-0.43736152135665884,0.0,,0.0,0.0,0.0,0.0,,,,,
2026-05-14,0.001338560291650026,0.061879469576868296,0.03811250846592795,0.044032830991639675,-0.5575723064512372,-0.05999999999999961,-1.921949696622137,0.15215259332295428,-0.679080546790278,-0.2602427209660842,0.0,,0.0,0.0,0.0,0.0,,,,,
2026-05-15,0.040539133957158136,0.09745027899217895,0.06675384751052427,0.0344642093971654,-1.053294159906204,-0.20999999999999996,-1.8752067108908237,0.15337581955166585,-1.0,-0.7247646855298312,0.0,,0.0,0.0,0.0,0.0,,,,,
2026-05-18,0.029472391721143687,0.10007876978588648,0.08576574439588125,0.03299904691596217,-0.8480706646495362,-0.1900000000000004,-1.8308231722019548,0.15805188881957152,-1.0,-0.4839478679843501,0.0,,0.0,0.0,0.0,0.0,,,,,
2026-05-19,-0.0014264065893598854,0.05794065439517038,0.07534711393600624,0.03283330168844621,-0.7822901391956627,-0.20999999999999996,-1.7885772780694922,0.16274908070244062,-1.0,-0.26689485084768205,0.0,,0.0,0.0,0.0,0.0,,,,,
2026-05-20,-0.0973731502299584,-0.027449470849366442,-0.025555115819575036,0.04051690134667408,-0.5813104511803058,-0.11000000000000032,-1.7482860617046088,0.16746786085692475,-0.7848703084399765,-0.10926953951258522,0.0,,0.0,0.0,0.0,0.0,,,,,
2026-05-21,-0.01476078115228141,-0.04354881229329788,-0.040782135874313674,0.039397773650840406,-0.5893674538382188,-0.10000000000000053,-1.7097876281169093,0.17220870438972558,-0.8036378509701255,-0.12455730417984756,0.0,,0.0,0.0,0.0,0.0,,,,,
2026-05-22,0.001495886591582618,-0.0825920596588734,-0.04025725127295576,0.039340140144162254,-0.0036048875568406302,0.03000000000000025,-1.6729381178649383,0.17697209615949264,-1.0,0.0,0.0,,0.0,0.0,0.0,0.0,,,,,
2026-05-25,0.0,-0.11206445138001708,-0.040486976007870545,0.03920478659364472,-0.0036048875568406302,0.03000000000000025,-1.6376091891121303,0.18175853108974246,-1.0,0.0,0.0,,0.0,0.0,0.0,0.0,,,,,
2026-05-26,-0.027479252004766863,-0.13811729679542406,-0.06507104896493843,0.03877431058195377,0.2355777682899185,0.16999999999999993,-1.603685916487504,0.18656851449329787,-0.6053691840715452,0.39463081592845484,0.0,,0.0,0.0,0.0,0.0,,,,,
2026-05-27,-0.0555991165923313,-0.09634326315779695,-0.11171225134532303,0.03692728163972882,-0.017203413157163006,0.08999999999999986,-1.5710650275216902,0.1914025624087667,-0.29308801024479664,0.4917822981951799,0.0,,0.0,0.0,0.0,0.0,,,,,
2026-05-28,0.003243246086119811,-0.07833923591939573,-0.10050846970525296,0.03697639686222434,0.28248540240766173,0.1200000000000001,-1.5396534143176805,0.19626120194961186,-0.4137695856599981,0.3898682653101274,0.0,,0.0,0.0,0.0,0.0,,,,,
2026-05-29,-0.016212748353884976,-0.09604787086486333,-0.10947338503895487,0.03665574758966309,0.3424519728922215,0.10999999999999943,-1.5093668710360233,0.20114497166639017,-0.38967967330660813,0.6103203266933919,0.0,,0.0,0.0,0.0,0.0,,,,,
2026-06-01,0.05131523359401058,-0.04473263727085275,-0.0514399151446403,0.03745314728338299,0.3424519728922215,0.10999999999999943,-0.590381598242078,0.5313739864002687,-0.4013698570445717,0.6103203266933919,-0.2403928015558776,,0.0,0.0,0.0,0.0,,,,,
2026-06-02,0.015613200377624814,-0.0016401848884610715,-0.03179262709766384,0.037009037138144206,0.11219304252091389,0.040000000000000036,-0.5804069902837751,0.5337109137573748,-0.4975964256683581,0.10777275840318706,-0.2403928015558776,,0.0,0.0,0.0,0.0,,,,,
2026-06-03,0.023222663022662182,0.07718159472653241,-0.009078758954528254,0.03426584003443898,-0.1694034966425617,-0.009999999999999787,-0.5704869468816108,0.5360553951826534,-0.8785983016439107,-0.5855102913991141,-0.2403928015558776,,0.0,0.0,0.0,0.0,,,,,
2026-06-04,-0.029810437748341023,0.044127910892071576,-0.03809516331568208,0.034925444183503684,-0.2769848057409874,-0.019999999999999574,-0.5606185087828474,0.5384074945063524,-0.5397782137968864,-0.1260086281368883,-0.2403928015558776,,0.0,0.0,0.0,0.0,,,,,
2026-06-05,-0.026263607394324318,0.034077051851632234,-0.06200314072601021,0.035349882103179416,-1.013473443008528,-0.09999999999999964,-0.5507987582145741,0.5407672762497204,-1.0,-0.6103203266933919,-0.2403928015558776,,0.0,0.0,0.0,0.0,,,,,
2026-06-08,0.00718363537142519,-0.010054546370953155,-0.05148086209278713,0.03476365903872349,-0.7289873813937531,-0.08999999999999986,-0.5410248145474804,0.5431348056350406,-0.7977632440339116,-0.39639338698933996,0.0,,0.0,0.0,0.0,0.0,,,,,
2026-06-09,-0.03317586223889979,-0.05884360898747776,-0.07762370251787765,0.03374719112454923,-0.7777485615684032,-0.07000000000000028,-0.5312938300355823,0.5455101485958396,-0.5185027162473589,-0.020906290579000786,0.0,,0.0,0.0,0.0,0.0,,,,,
2026-06-10,0.019183689927820602,-0.06288258208231934,-0.05296532652190944,0.03422282287440174,-0.44276993386092034,-0.05999999999999961,-0.5216029856170316,0.5478933717872791,-0.5903642291082546,0.28823407253565614,0.0,,0.0,0.0,0.0,0.0,,,,,
2026-06-11,-0.022671812060512053,-0.05574395639449037,-0.0689619338966656,0.034391956236562,-0.6332862774010017,0.019999999999999574,-0.5119494867613901,0.5502845425967328,-0.19663077314929867,0.34314744064758773,0.0,,0.0,0.0,0.0,0.0,,,,,
2026-06-12,-0.032855341457605824,-0.062335690457771875,-0.0914723468977785,0.03297542526648798,0.4795012786978359,0.0699999999999994,-0.5023305593488151,0.5526837291545509,-0.0,1.0,0.0,,0.0,0.0,0.0,0.0,,,,,
2026-06-15,-0.04583245719219953,-0.11535178302139659,-0.12319463318781665,0.03248529987771385,0.5983304730326489,0.08999999999999986,-0.4927434455666085,0.5550910003450205,-0.0,0.7977632440339116,0.0,,0.0,0.0,0.0,0.0,,,,,
2026-06-16,-0.05900160412338096,-0.14117752490587776,-0.16520730653233517,0.033825572065581726,0.5882710898561738,0.10000000000000053,-0.48318539980852115,0.5575064258175207,0.30609067027173414,0.8245933865190931,0.0,,0.0,0.0,0.0,0.0,,,,,
2026-06-17,0.01059530011545462,-0.14976591471824374,-0.14302149815528864,0.028521113997475492,0.43890007288592825,0.05999999999999961,-0.4736536845619932,0.5599300759978805,-0.5936030812693817,-0.0032388521611270704,0.0,,0.0,0.0,0.0,0.0,,,,,
2026-06-18,-0.003726712387696729,-0.13082081504542842,-0.13570940571962442,0.02856325026761026,-0.23177324850520709,-0.009999999999999787,-0.4627376946428457,0.548932511967746,-0.3963796907337033,-0.19974891758440466,0.0,,0.0,0.0,0.0,0.0,,,,,
2026-06-19,0.0,-0.0979654735878226,-0.12459580656668301,0.028530639938197433,-0.23177324850520709,-0.009999999999999787,-0.451820245067003,0.5379705278526499,-0.3963796907337033,-0.19974891758440466,0.0,,0.0,0.0,0.0,0.0,,,,,
2026-06-22,-0.017704021948819815,-0.06983703834444288,-0.13030102826512024,0.028442185919044363,-1.0312967771242354,-0.040000000000000036,-0.44089641249416844,0.5270398069832695,-0.3963796907337033,-0.19974891758440466,0.0,,0.0,0.0,0.0,0.0,,,,,
2026-06-23,-0.05627950244169,-0.06711493666275192,-0.17314171793458222,0.02995598906465266,-1.5086871939357316,-0.07000000000000028,-0.42996115189019085,0.5161360155132487,-0.5162554300973317,-0.8223461003690657,0.0,,0.0,0.0,0.0,0.0,,,,,
2026-06-24,-0.04383062562670936,-0.1215408624049159,-0.204121955337345,0.029190040242113788,-1.696079392162142,0.08000000000000007,-0.4190092801955127,0.5052547924431047,-0.3782784188765014,0.21532466239288028,0.0,,0.0,0.0,0.0,0.0,,,,,
2026-06-25,0.017350702462242573,-0.1004634475549766,-0.1746262374699601,0.029764214060766354,-0.5482749398234787,0.05999999999999961,-0.4080354587304929,0.4943917392876249,-0.3457796727335536,0.05060001800014974,0.0,,0.0,0.0,0.0,0.0,,,,,
2026-06-26,-0.03315684581192535,-0.13362029336690195,-0.19479086300384196,0.03012505145504677,-0.5482749398234787,0.05999999999999961,-0.39703417416526005,0.4835424093197192,-0.31189256829460127,0.05060001800014974,0.0,,0.0,0.0,0.0,0.0,,,,,
2026-06-29,0.02208713266373241,-0.09382913875434973,-0.15825010501555248,0.02742957879382162,-0.33696596245591515,0.1299999999999999,-0.3859997178587228,0.47270229631786037,-0.17329983971572652,0.05060001800014974,0.0,,0.0,0.0,0.0,0.0,,,,,
2026-06-30,-0.01839551978181575,-0.05594515609447548,-0.16049156346483961,0.026506155129353323,0.10771945360462665,0.05999999999999961,-0.37492616334432916,0.46186682273741186,-0.31200706359940583,0.20424836649792583,0.0,,0.0,0.0,0.0,0.0,,,,,
2026-07-01,-0.011689370451031245,-0.02380390091879736,-0.1542812709096566,0.02487591677733466,0.21950054360360127,-0.07000000000000028,-0.036286802922783024,0.7119901378169764,-0.3121968818059849,0.06608153707051645,-0.20978348716595985,,0.0,0.0,0.0,0.0,,,,,
2026-07-02,-0.0001434000145854597,-0.04129800339562539,-0.13800835980471593,0.02501244441727704,0.30209184352021357,-0.08999999999999986,-0.02596704119665117,0.6991178749438861,-0.31491550043767386,0.030864172295879733,-0.20978348716595985,,0.0,0.0,0.0,0.0,,,,,
2026-07-03,0.0,-0.008141157583700043,-0.12290522905490686,0.025157255218034705,0.30209184352021357,-0.08999999999999986,-0.015517091063854379,0.6863332977612217,-0.31491550043767386,0.030864172295879733,-0.20978348716595985,,0.0,0.0,0.0,0.0,,,,,
2026-07-06,-0.001866073892545117,-0.03209436413997757,-0.10921568673444337,0.02481434981725935,0.0971455736756166,-0.10000000000000053,-0.004929487506194474,0.6736297283669166,0.07133206514947853,0.24463190486520503,-0.20978348716595985,,0.0,0.0,0.0,0.0,,,,,
2026-07-07,0.027352374779918698,0.013653530421756876,-0.06933410759245717,0.026204385357596473,0.09121371298527192,-0.10999999999999943,0.005803700887016843,0.6610005401294635,-0.2165038780997759,0.09550318549962994,-0.20978348716595985,,0.0,0.0,0.0,0.0,,,,,
2026-07-08,0.04148722825704265,0.06683012912983077,-0.016432851889808475,0.028035617726640448,0.012216714611767987,-0.07999999999999918,0.016690914392391905,0.6484391380746999,-0.2920143031962165,0.02018257860976841,0.0,,0.0,0.0,0.0,0.0,,,,,
2026-07-09,-0.019092042911202256,0.04788148623321398,-0.02428985581286991,0.027971315038491443,-0.0520340508177064,-0.04999999999999982,0.0277411493624019,0.6359389388596145,-0.408902382119802,-0.09398688168212815,0.0,,0.0,0.0,0.0,0.0,,,,,
2026-07-10,-0.009615458699442136,0.03826602753377184,-0.023832269662079852,0.027504713269372903,-0.0520340508177064,-0.04999999999999982,0.03896401081711601,0.6234933501633096,-0.4616463018284493,-0.09398688168212815,0.0,,0.0,0.0,0.0,0.0,,,,,
2026-07-13,0.08907963005368913,0.1292117314800061,0.06857480087954837,0.03404032407066794,0.07754375801712898,-0.13999999999999968,0.05036977116678639,0.6110957493107422,-0.7510674156475106,-0.8223994807969891,0.0,,0.0,0.0,0.0,0.0,,,,,
2026-07-14,0.015535266084071075,0.11739462278415846,0.08371066394118465,0.03161822554492511,0.2828302894106183,-0.03000000000000025,0.06196943593737207,0.5987394609268523,-0.5293734231399335,-0.3128695450401576,0.0,,0.0,0.0,0.0,0.0,,,,,
2026-07-15,0.003598688502473024,0.07950608302958884,0.0872597800018724,0.031538083100088384,0.6785232810509689,0.009999999999999787,0.07377481751770618,0.5864177333966146,0.2961116045962611,0.5881259077924776,0.0,,0.0,0.0,0.0,0.0,,,,,
2026-07-16,-0.008708689027969285,0.08988943691282181,0.07875061736413169,0.0315891127474329,0.3494737190794406,-0.03000000000000025,0.08579861812218313,0.5741237138796619,0.13035575479167397,0.539258136911476,0.0,,0.0,0.0,0.0,0.0,,,,,
2026-07-17,0.04160639253502829,0.14111128814729224,0.11847621666263652,0.032943899116245866,-0.02232279929563763,0.009999999999999787,0.09805452337312263,0.5618504215955747,0.13035575479167397,0.539258136911476,0.0,,0.0,0.0,0.0,0.0,,,,,
2026-07-20,0.011322449782209532,0.06335410787581264,0.12646654962177184,0.03267395742312166,0.16663726496236597,0.020000000000000462,0.113743251025814,0.5781607353561973,0.14374419434636834,0.8948116099938789,0.0,,0.0,0.0,0.0,0.0,,,,,
2026-07-21,0.019481897703336415,0.06730073949507798,0.13882826049478236,0.029650990188123613,-0.0872396092727934,-0.04999999999999982,0.12992656167901248,0.5949905830221898,-0.48868838013852245,0.04068504300141107,0.0,,0.0,0.0,0.0,0.0,,,,,
2026-07-22,0.018653390591134134,0.08235544158373909,0.14723726344469856,0.027189645908931668,-0.22010027529157927,-0.1200000000000001,0.14664920960702094,0.6123759912112138,-0.9585428539675196,-1.2546544585637807,0.0,,0.0,0.0,0.0,0.0,,,,,
2026-07-23,0.059993643443427835,0.1510577740551362,0.19485437219784885,0.0293614747318664,-0.4790951625100792,-0.13999999999999968,0.16396160621803962,0.6303565760607467,-1.0,-1.130355754791674,0.0,,0.0,0.0,0.0,0.0,,,,,
2026-07-24,-0.014500849265065341,0.09495053225504257,0.16704418841516233,0.02810837156448635,-0.14850889601474293,-0.14000000000000057,0.18192080058276727,0.6489760214176916,-1.0,-1.130355754791674,0.0,,0.0,0.0,0.0,0.0,,,,,
2026-07-27,-0.08516991993655498,-0.00154183746372194,0.07392778659100241,0.035583438296539135,-0.19396035012415602,-0.05000000000000071,0.20059167723982166,0.6682826375355083,-0.9671247244063625,-1.110868918752731,0.0,,0.0,0.0,0.0,0.0,,,,,
2026-07-28,-0.0404511434127226,-0.061474878579780956,0.02663294247221959,0.0367649340190954,-0.03881308266273642,0.019999999999999574,0.2200484308503044,0.6883300168389535,-0.5580529309985031,-0.06936455085998061,0.0,,0.0,0.0,0.0,0.0,,,,,
2026-07-29,0.06193967059372607,-0.01818859857718902,0.07804746030764598,0.03845884778238909,-0.1788119455668591,-0.0,0.24037639700569674,0.709177807380778,-0.24260359074454868,0.7159392632229709,0.0,,0.0,0.0,0.0,0.0,,,,,
2026-07-30,-0.010862689304777184,-0.08904493132539404,0.057195582709080206,0.03868935192417011,1.0191261915100447,0.03000000000000025,0.2616743459897804,0.7308926298487753,-0.4487938703099382,0.5512061296900618,0.0,,0.0,0.0,0.0,0.0,,,,,
2026-07-31,0.01179162573943593,-0.06275245632089277,0.058408438867756374,0.03861889765797867,0.834310188426024,-0.05999999999999961,0.2840573851425014,0.7535491707751386,-0.4487938703099382,0.5512061296900618,0.0,,0.0,0.0,0.0,0.0,,,,,
2026-08-03,-0.049974709477433876,-0.027557245861771662,0.00026039158880575286,0.040867625538608975,0.8932393505550418,-0.04999999999999982,0.30766067118354334,0.7772314934917285,-0.629854052376361,0.3372706720300015,0.0,,0.0,0.0,0.0,0.0,,,,,
2026-08-04,-0.058149344749755194,-0.045255447198804255,-0.06178720498598267,0.043163355001891286,0.8514010812047612,-0.019999999999999574,0.3326442150593926,0.8020346201165599,-0.05338748866697984,0.5046654423315232,0.0,,0.0,0.0,0.0,0.0,,,,,
2026-08-05,-0.007137789048292653,-0.11433290684082298,-0.07039199499404081,0.04229537272122583,1.1599546979365716,0.040000000000000036,0.35919918238226134,0.8280664535102662,0.16464576853083043,0.4072493592753791,0.0,,0.0,0.0,0.0,0.0,,,,,
2026-08-06,0.026983520721728382,-0.07648669681431741,-0.04717925341372453,0.042371380073042655,0.1370374672133523,-0.010000000000000675,0.35919918238226134,0.8280664535102662,-0.500691816551921,-0.05189794624198274,0.0,,0.0,0.0,0.0,0.0,,,,,
2026-08-07,0.011219783628658497,-0.07705853892509484,-0.04077201104288264,0.042280973744429774,0.533401724595961,0.09999999999999964,0.35919918238226134,0.8280664535102662,0.11158556171206944,-0.05189794624198274,0.0,,0.0,0.0,0.0,0.0,,,,,
2026-08-10,0.04880807263924325,0.021724243191582282,0.005237098209264879,0.038878697106539954,0.48155688912912,-0.019999999999999574,0.35919918238226134,0.8280664535102662,0.05569120518071832,0.6855452575570794,0.0,,0.0,0.0,0.0,0.0,,,,,
2026-08-11,0.011986140058032113,0.09185972799936959,0.014601731181503652,0.038825567864052016,0.3500903445467607,-0.07000000000000028,,,-0.2220050905265834,-0.16861760185960356,,,0.0,0.0,0.0,0.0,,,,,
2026-08-12,0.00235654639513605,0.10135406344279829,0.014398877596214277,0.038824915937924934,0.22632071370596307,-0.04999999999999982,,,-0.39409814957524275,-0.5587439181060732,,,0.0,0.0,0.0,0.0,,,,,
2026-08-13,-0.026232576118145445,0.048137966602924465,-0.013516904147849118,0.03928757777491101,0.2731959237327386,0.0600000000000005,,,0.0567240001503457,0.5574158167022667,,,0.0,0.0,0.0,0.0,,,,,
2026-08-14,0.014632067240231805,0.05155025021449777,0.0007806737312048284,0.038295384519097656,0.13614423730250458,-0.02999999999999936,,,0.056791821701130535,-0.05479374001093891,,,0.0,0.0,0.0,0.0,,,,,
2026-08-17,0.024114560261993212,0.026856737837247735,0.023921139108031397,0.038594223475017765,0.2557952697603394,-0.0,,,0.11450115885386991,0.05880995367315159,,,0.0,0.0,0.0,0.0,,,,,
2026-08-18,0.0051008689314233635,0.019971466710638985,0.02876696459288386,0.03836453846882857,0.16437459619564887,-0.009999999999999787,,,0.4120567839811339,0.6340618745077173,,,0.0,0.0,0.0,0.0,,,,,
2026-08-19,0.009208168193862498,0.026823088509365434,0.03819235046003833,0.038183846874369286,0.6590948967367671,0.02999999999999936,,,0.7316784185511935,1.1257765681264362,,,0.0,0.0,0.0,0.0,,,,,
2026-08-20,0.02790668584357281,0.08096235047108369,0.06792060185689675,0.036140256451037626,0.7803008437317405,-0.0600000000000005,,,1.0,0.9432759998496543,,,0.0,0.0,0.0,0.0,,,,,
2026-08-21,-0.028709024129494054,0.03762125910135783,0.04174355202390867,0.03654004448776077,0.7064593937232799,-0.0600000000000005,,,0.6040964228071777,0.5473046011060472,,,0.0,0.0,0.0,0.0,,,,,
2026-08-24,-0.01002601311156237,0.0034806857278022463,0.03049231786760309,0.031045910310963157,0.41619674449138166,0.019999999999999574,,,0.47997643464041345,0.36547527578654354,,,0.0,0.0,0.0,0.0,,,,,
2026-08-25,-0.028667376654171406,-0.030287559857792523,1.0531830761273397e-05,0.030316599221286124,0.634375806311982,0.07000000000000028,,,0.6356044936265128,0.22354770964537896,,,0.0,0.0,0.0,0.0,,,,,
2026-08-26,-0.005258138309753413,-0.044753866361408434,-0.0037021254164884,0.02682499246836621,-0.09574691040861172,-0.009999999999999787,,,0.21601617163081283,-0.5156622469203807,,,0.0,0.0,0.0,0.0,,,,,
2026-08-27,0.016045985210202396,-0.05661456699477885,0.01254390713046849,0.027007279404299762,-0.08752287433575479,0.020000000000000462,,,0.2236714563705651,-0.7763285436294349,,,0.0,0.0,0.0,0.0,,,,,
2026-08-28,-0.0028338665794782614,-0.030739409444763055,0.010641362503689855,0.026863114218664177,-0.5802843910190258,0.009999999999999787,,,-0.42906568679535106,-1.0331621096025287,,,0.0,0.0,0.0,0.0,,,,,
2026-08-31,0.02867329300729171,0.007959896674091027,0.0363135773394454,0.02499770005974365,-0.5802843910190258,-0.04999999999999982,,,-0.6217274246249095,-1.101703859265323,,10.863164057185797,0.08,0.0,0.0,0.2,,,,,
