,ret_1d,ret_5d,ma_gap,vol_20,dxy_chg_5d_dir,us10y_chg_5d_dir,cpi_surprise_dir,nfp_surprise_dir,fed_exp_level,fed_exp_chg,demand_chg_5d,gpr_level_z,gpr_chg_5d,ev_supply_5d,ev_geo_5d,ev_demand_5d,ev_cpi_5d,ev_jobs_5d,ev_fed_5d,ev_view_5d,inst_bias
2023-09-04,,,,,,,,,,,,,,0.0,0.0,0.0,,,,,
2023-09-05,,,,,,,,,,,,,,0.0,0.0,0.0,,,,,
2023-09-06,0.009294920324641076,,,,,,,,,,,,,0.0,0.0,0.0,,,,,
2023-09-07,-0.007797310460031959,,,,,,,,,,,,,0.0,0.0,0.0,,,,,
2023-09-08,0.0073403242759111365,,,,,,,,,,,,,0.0,0.0,0.0,,,,,
2023-09-11,-0.0024026097021838666,,0.001222166684715198,,,,,,,,0.0,,0.0,0.0,0.0,0.0,,,,,
2023-09-12,0.017824164904827633,0.02425948934316402,0.015871942991285692,0.010085172011725672,0.11792365431569918,-0.0,,,,,0.0,,0.0,0.0,0.0,0.0,,,,,
2023-09-13,-0.003155643326443247,0.011808925692079697,0.01089968542700781,0.009594547493412557,0.6664637133401818,0.04999999999999982,,,,,0.0,,0.0,0.0,0.0,0.0,,,,,
2023-09-14,0.017234088144377324,0.03684032429648898,0.024617051874962215,0.010177984358993794,0.584898419716473,-0.020000000000000462,,,,,0.0,,0.0,0.0,0.0,0.0,,,,,
2023-09-15,0.007736554945804386,0.03723655496638223,0.028758761618458806,0.009456790347652549,0.6137887205559855,-0.07000000000000028,,,,,0.0,,0.0,0.0,0.0,0.0,,,,,
2023-09-18,0.007021422154150692,0.04666058682271679,0.032202165395348814,0.008856015740675792,0.11933547939403377,-0.03000000000000025,,,,,0.0,,0.0,0.0,0.0,0.0,,,,,
2023-09-19,-0.0033948452907894833,0.02544157662709967,0.026188472822326503,0.008851737129080517,0.10454171074100183,-0.10000000000000053,,,,,0.0,,0.0,0.0,0.0,0.0,,,,,
2023-09-20,-0.0217351647915196,0.006862055162023317,0.004082199028239586,0.011634074940524274,0.07442904004711925,-0.09999999999999964,,,,,0.0,,0.0,0.0,0.0,0.0,,,,,
2023-09-21,0.004027752144589947,-0.00634428083776406,0.007486108774919842,0.011100939910181599,-0.2584141307082177,-0.20000000000000018,,,,,0.0,,0.0,0.0,0.0,0.0,,,,,
2023-09-22,0.0049008785997113335,-0.009179957183857113,0.011502202562157393,0.010646397839034705,-0.27359961715855974,-0.11000000000000032,,,,,0.0,,0.0,0.0,0.0,0.0,,,,,
2023-09-25,-0.0035618915663606643,-0.01976327090436847,0.007410956929409629,0.010370753724559116,-0.7595273025517768,-0.22999999999999954,,,,,0.0,,0.0,0.0,0.0,0.0,,,,,
2023-09-26,0.01932587341243064,0.0029574477988516534,0.02506577844547575,0.010909277892081895,-1.0809271692616251,-0.1899999999999995,,,,,0.0,,0.0,0.0,0.0,0.0,,,,,
2023-09-27,0.024204315044704217,0.04889692763507547,0.046371852696640126,0.011740640393434525,-1.6737927066386327,-0.2600000000000007,,,,,0.0,,0.0,0.0,0.0,0.0,,,,,
2023-09-28,-0.021800992935324892,0.023068182555160632,0.02320581199679772,0.013071497458960052,-0.8073857615785052,-0.09999999999999964,,,,,0.0,,0.0,0.0,0.0,0.0,,,,,
2023-09-29,-0.009648139747178597,0.008519164208270702,0.012844110552270749,0.013039927058871074,-0.6394274363822783,-0.14999999999999947,,,,,0.0,,0.0,0.0,0.0,0.0,,,,,
2023-10-02,-0.021829578268123484,-0.009748522493492118,-0.00853619433005992,0.013849406513646892,-0.7699343975275719,-0.14000000000000057,4.364357804719849,-4.364357804719847,,,-0.5070511159216973,,0.0,0.0,0.0,0.0,,,,,
2023-10-03,0.005054202930711682,-0.024020192975211074,-0.004913907439043186,0.013506958505524969,-1.0701029278003205,-0.25,3.0895719032666213,-3.089571903266623,-1.0,,-0.5070511159216973,,0.0,0.0,0.0,0.0,,,,,
2023-10-04,-0.0569343744080717,-0.10515888242798699,-0.05996873315017481,0.018626243064894216,-0.4919932189333176,-0.1200000000000001,2.525234958217329,-2.525234958217334,-0.3156730923174557,,-0.5070511159216973,,0.0,0.0,0.0,0.0,,,,,
2023-10-05,-0.02424797711002835,-0.10760586660269045,-0.08151462823076283,0.0192539772340584,-1.1140563206027299,-0.1299999999999999,2.188987589427281,-2.188987589427283,-0.7265284591092983,,-0.5070511159216973,,0.0,0.0,0.0,0.0,,,,,
2023-10-06,0.00641920692714848,-0.09153851992836337,-0.07234728340673602,0.019229777774987224,-0.8573458580285687,-0.1900000000000004,1.9595917942265406,-1.9595917942265435,-0.817999603566661,,-0.5070511159216973,,0.0,0.0,0.0,0.0,,,,,
2023-10-09,0.0,-0.06970894166023989,-0.06971927599496741,0.019239552130866602,-0.8573458580285687,-0.1900000000000004,1.7902871850985789,-1.7902871850985833,-0.817999603566661,,0.0,,0.0,0.0,0.0,0.0,,,,,
2023-10-10,0.03627709316796057,-0.038486051422991,-0.03173682182839421,0.020661860272272372,0.6920074193277337,0.14999999999999947,1.6587111717603962,-1.6587111717603966,0.16122043639400596,1.161220436394006,0.0,,0.0,0.0,0.0,0.0,,,,,
2023-10-11,-0.02582843028270343,-0.007380107297622729,-0.05472625176467183,0.021355947424723676,0.6674239813066252,0.15000000000000036,1.5526475085202966,-1.552647508520297,-0.24386090572503172,0.071812186592424,0.0,,0.0,0.0,0.0,0.0,,,,,
2023-10-12,-0.00996586263447874,0.006902007177926883,-0.060493116513781864,0.02087093765847915,0.5562581870922623,0.019999999999999574,1.4647845813401354,-1.4647845813401368,-0.4959928203242972,0.2305356387850011,0.0,,0.0,0.0,0.0,0.0,,,,,
2023-10-13,0.05630665073954333,0.05678945099032173,-0.00241597267855731,0.02479054161740686,-0.1938287708045605,0.15000000000000036,1.3904435743076127,-1.390443574307614,-0.16847464393926215,0.6495249596273989,0.0,,0.0,0.0,0.0,0.0,,,,,
2023-10-16,-0.0117027494388795,0.04508670155144223,-0.011412020442103987,0.02479459866076285,-0.1938287708045605,0.15000000000000036,1.3264730648561425,-1.326473064856145,-0.338431057659444,0.6495249596273989,0.0,,0.0,0.0,0.0,0.0,,,,,
2023-10-17,0.00011540015014865901,0.008925008533630319,-0.008765430888669101,0.024801893983432275,-0.15618873456211269,-0.16999999999999993,1.270662556831408,-1.2706625568314083,-0.8559494290712292,-1.017169865465235,0.0,,0.0,0.0,0.0,0.0,,,,,
2023-10-18,0.019313782453941997,0.054067221270275745,0.011027093606285732,0.02482751474449693,-0.8512686762287558,-0.33000000000000007,1.221409633104917,-1.2214096331049187,-0.5118524366797181,-0.2679915309546864,0.0,,0.0,0.0,0.0,0.0,,,,,
2023-10-19,0.01125504283973111,0.0752881267444856,0.02239951395227191,0.02494885907170816,-0.4771524412365613,-0.28000000000000025,1.1775205398840123,-1.1775205398840145,-0.14458677642993736,0.3514060438943598,0.0,,0.0,0.0,0.0,0.0,,,,,
2023-10-20,-0.002577465426462311,0.016404010578479955,0.02031334323337397,0.024925719825302953,-0.013430920568247018,-0.2999999999999998,1.1380852759077837,-1.138085275907784,0.22011416287509328,0.3885888068143554,0.0,,0.0,0.0,0.0,0.0,,,,,
2023-10-23,-0.04158436614083172,-0.013477606123472263,-0.01887860447116818,0.02656814990041999,0.027489792691282045,-0.15000000000000036,1.1023963796102456,-1.1023963796102454,0.2980302656868212,0.6364613233462653,0.0,,0.0,0.0,0.0,0.0,,,,,
2023-10-24,-0.01070157799379956,-0.024294584267420483,-0.02568639145836915,0.026120913916993727,-0.4234885908242614,-0.0,1.0698944274322366,-1.069894427432238,0.15074127827803518,1.0066907073492644,0.0,,0.0,0.0,0.0,0.0,,,,,
2023-10-25,0.01746308661703999,-0.026145280104322488,-0.003992452413346115,0.025780532418092493,0.02237212352643736,-0.040000000000000036,1.0401304461601149,-1.0401304461601142,0.15253799092789092,0.664390427607609,0.0,,0.0,0.0,0.0,0.0,,,,,
2023-10-26,-0.02672791117334583,-0.06412823411739943,-0.026243165246807365,0.02598002802966804,-0.16833874537551807,0.1200000000000001,1.0127393670836637,-1.0127393670836664,0.15418488499648317,0.29877166142642053,0.0,,0.0,0.0,0.0,0.0,,,,,
2023-10-27,0.02637929691149221,-0.03517147177944491,0.0028119581716348208,0.026837484710926635,-0.006471863573120906,0.08999999999999986,0.9874208829065737,-0.9874208829065747,0.3089076354581497,0.08879347258305642,0.0,,0.0,0.0,0.0,0.0,,,,,
2023-10-30,-0.03561031612558985,-0.029197421764203035,-0.02943349455413191,0.02752327253500975,-0.09976915202709602,-0.019999999999999574,0.9639253854237604,-0.9639253854237596,0.7035117306732904,0.4054814649864692,0.0,,0.0,0.0,0.0,0.0,,,,,
2023-10-31,-0.016882650332295412,-0.03537849410269889,-0.041854438823452966,0.02760708213752371,-0.15755215073243178,-0.04999999999999982,0.9420434636713342,-0.9420434636713354,0.6326634123393825,0.4819221340613473,0.0,,0.0,0.0,0.0,0.0,,,,,
2023-11-01,-0.007253089759958975,-0.060094670479697854,-0.047129886752843575,0.024721467440994068,-0.004119976960437199,0.1800000000000006,1.4237611782614572,1.2713643897382285,0.7770758951935878,0.6245379042656969,0.683862656348555,,0.0,0.0,0.0,0.0,,,,,
2023-11-02,0.024256171235893298,-0.009110588070458725,-0.02332128110367826,0.02480076462159012,0.9068886767134576,0.1900000000000004,1.3757973791689007,1.2341793383703485,0.3882138131388565,0.23402892814237333,0.683862656348555,,0.0,0.0,0.0,0.0,,,,,
2023-11-03,-0.022530332543222897,-0.058020217525173834,-0.04485170226011004,0.025274180814346403,1.507523054521931,0.2699999999999996,1.3324045154012814,1.20009808635819,1.0,0.6910923645418503,0.683862656348555,,0.0,0.0,0.0,0.0,,,,,
2023-11-06,0.004301610516751708,-0.01810829088283228,-0.03976526088240462,0.025301426233930658,1.4255199841824995,0.20999999999999996,1.292898949050419,1.168710826892844,1.0,0.6910923645418503,0.683862656348555,,0.0,0.0,0.0,0.0,,,,,
2023-11-07,-0.04489782275174736,-0.04612346330228423,-0.07981950697721363,0.025552817037053352,1.4201801731962505,0.2999999999999998,1.2567321423096405,1.1396797379031156,0.33604623141050405,-0.29661718092887845,0.683862656348555,,0.0,0.0,0.0,0.0,,,,,
2023-11-08,-0.0274381688448182,-0.06630854238714345,-0.10233361223698711,0.025624828280383045,1.3729459529760235,0.27999999999999936,1.2234581647385683,1.1127235006486105,0.39901684117924585,-0.3780590540143419,0.0,,0.0,0.0,0.0,0.0,,,,,
2023-11-09,0.006439341522542108,-0.08412537210049464,-0.09179046733725293,0.02571734553441747,0.6133536455357858,0.04999999999999982,1.1927102673770174,1.0876057020683316,0.20170940610161806,-0.18650440703723845,0.0,,0.0,0.0,0.0,0.0,,,,,
2023-11-10,0.0,-0.06159503955727175,-0.08487133142308156,0.021490697687835583,0.6133536455357858,-0.040000000000000036,1.164183677980151,1.0641260196746614,-0.0,-1.0,0.0,,0.0,0.0,0.0,0.0,,,,,
2023-11-13,0.03247708113239778,-0.03341956894162568,-0.04768410590507699,0.023177504682512732,-0.6395480746150373,0.040000000000000036,1.1376227547858588,1.0421134330031745,0.48057310641032597,-1.0,0.0,,0.0,0.0,0.0,0.0,,,,,
2023-11-14,0.0005070994023474995,0.011985353212469185,-0.04248644707973348,0.023181961935171736,0.5960957652380361,0.13999999999999968,1.1128112513566832,1.0214209331140836,1.0,0.663953768589496,0.0,,0.0,0.0,0.0,0.0,,,,,
2023-11-15,-0.022429649042659427,0.016993873014627958,-0.058138365124565716,0.022782732371648642,0.8335476515366258,-0.040000000000000036,1.0895648396347968,1.0019213545382044,1.0,0.6009831588207541,0.0,,0.0,0.0,0.0,0.0,,,,,
2023-11-16,-0.048466172590378775,-0.037911641098292925,-0.09684074594561132,0.024166548262511654,0.7800825526639743,0.16999999999999993,1.0677252972041744,0.9835040586878788,1.0,0.798290593898382,0.0,,0.0,0.0,0.0,0.0,,,,,
2023-11-17,0.03961310083734304,0.0017014597390501152,-0.049573381652126436,0.02655069737082317,0.7800825526639743,0.16999999999999993,1.0471559380292308,0.9660722705330977,1.0,1.0,0.0,,0.0,0.0,0.0,0.0,,,,,
2023-11-20,0.02109154978950656,-0.009684071603841105,-0.02396136420299566,0.02602883772779567,1.7750256480628446,0.20999999999999996,1.0277379840733603,0.9495409217353138,0.9236851275081738,0.4431120210978478,0.0,,0.0,0.0,0.0,0.0,,,,,
2023-11-21,0.0031959119563893523,-0.006995259049799252,-0.016939859084489584,0.02604064318654277,0.9278121137206274,0.03000000000000025,1.009367657098486,0.9338348902260368,0.9052629953616337,-0.09473700463836632,0.0,,0.0,0.0,0.0,0.0,,,,,
2023-11-22,-0.019981328648403185,-0.004546938655543009,-0.031223373807505617,0.02577420430589959,0.32599655254722526,0.11000000000000032,0.9919538275982849,0.9188875528984888,1.0,0.0,0.0,,0.0,0.0,0.0,0.0,,,,,
2023-11-23,0.0,0.043919233934835766,-0.0268619554407854,0.025315237325340623,0.32599655254722526,0.11000000000000032,0.9754160989759706,0.9046395876578757,1.0,0.0,0.0,,0.0,0.0,0.0,0.0,,,,,
2023-11-24,-0.025985766061359605,-0.02167963296386688,-0.0458680499867814,0.024668197534395347,0.5272752398266634,-0.02999999999999936,0.959683234844264,0.8910379755990626,0.3925853748529695,-0.6074146251470305,0.0,,0.0,0.0,0.0,0.0,,,,,
2023-11-27,-0.004956805647696072,-0.04772798840106951,-0.045377859643009444,0.023730144844650292,0.06677571426313422,0.03000000000000025,0.9446918591132423,0.8780351649646334,1.0,0.07631487249182622,0.0,,0.0,0.0,0.0,0.0,,,,,
2023-11-28,0.021654781743860596,-0.029269118613598266,-0.02020295351148782,0.02431022223293024,0.5270989759956657,0.07000000000000028,0.9303853746581638,0.8655883667716054,1.0,0.09473700463836632,0.0,,0.0,0.0,0.0,0.0,,,,,
2023-11-29,0.019134980186019668,0.009847190220824587,0.0011327475648927887,0.024807950143658403,0.716190394116023,0.15000000000000036,0.9167130584196906,0.8536589582817905,1.0,0.0,0.0,,0.0,0.0,0.0,0.0,,,,,
2023-11-30,-0.024802211169568267,-0.01495502094874368,-0.019015823594040526,0.024477462667268916,0.716190394116023,0.15000000000000036,0.90362929989592,0.842211975330261,1.0,0.0,0.0,,0.0,0.0,0.0,0.0,,,,,
2023-12-01,-0.02624682000959222,-0.015216074896976295,-0.04042317921967964,0.024633926185063115,0.22302544286896264,0.25,0.13034109696163151,-1.6359682677524627,1.0,0.6074146251470305,0.9290952615338854,,0.0,0.0,0.0,0.0,,,,,
2023-12-04,-0.013248845028841494,-0.023508114278121717,-0.04795503708728788,0.024603736958918144,-0.24939046208383164,0.10999999999999943,0.12934829939303993,-1.5912815745067241,1.0,0.0,0.9290952615338854,,0.0,0.0,0.0,0.0,,,,,
2023-12-05,-0.010782520833072518,-0.05594541685505483,-0.05472633585506159,0.022865582774909538,-1.004177592850275,0.16000000000000014,0.12837784851456632,-1.550080731540137,1.0,0.0,0.9290952615338854,,0.0,0.0,0.0,0.0,,,,,
2023-12-06,-0.04215482582468155,-0.11723522286575605,-0.09213410676545042,0.0238737317765096,-0.598835379945406,0.14999999999999947,0.12742891835751072,-1.5119346743537871,1.0,0.0,0.9290952615338854,,0.0,0.0,0.0,0.0,,,,,
2023-12-07,0.00028989708856475005,-0.09214311460762303,-0.08678968254089447,0.023761413818795086,-0.2976462741406172,0.23000000000000043,0.12650072507289334,-1.476483452906178,1.0,0.0,0.9290952615338854,,0.0,0.0,0.0,0.0,,,,,
2023-12-08,0.026740708224904708,-0.039155586373126106,-0.05633148259124354,0.024790837038118397,-0.6822441438557147,-0.010000000000000675,0.1255925242094724,-1.4434238266390633,1.0,0.0,0.0,,0.0,0.0,0.0,0.0,,,,,
2023-12-11,0.0011281907838869287,-0.024778550560397683,-0.0499183555651852,0.023329924660152625,-0.37784493914387873,0.04999999999999982,0.12470360820370233,-1.4124982722291328,0.9251036956393284,-0.07489630436067163,0.0,,0.0,0.0,0.0,0.0,,,,,
2023-12-12,-0.03850497217586302,-0.05250100190318818,-0.08118778791996561,0.024425340952645622,0.09073501154470698,-0.020000000000000462,0.12383330406244172,-1.3834864879724578,0.20704815363199827,-0.7929518463680018,0.0,,0.0,0.0,0.0,0.0,,,,,
2023-12-13,0.011939571070515242,0.0015933949920086121,-0.06373113803402752,0.024508978044054747,-0.5174499350387496,0.08000000000000007,0.12298097122112889,-1.3561987512103508,1.0,0.0,0.0,,0.0,0.0,0.0,0.0,,,,,
2023-12-14,0.030223255493329937,0.0315267533967738,-0.03192527512946075,0.023548668111090656,0.8565413473984096,0.21999999999999975,0.12214599956195632,-1.3304706693412067,1.0,0.0,0.0,,0.0,0.0,0.0,0.0,,,,,
2023-12-15,-0.00224940345092417,0.002536641720944921,-0.030498945954732903,0.021462317530612316,0.8467158603751024,0.3200000000000003,0.12132780757808427,-1.3061589915834328,1.0,0.0,0.0,,0.0,0.0,0.0,0.0,,,,,
2023-12-18,0.015502021211259098,0.01691047214831709,-0.011041715688910436,0.02115705210838611,0.8415758480879831,0.28000000000000025,0.12052584067137116,-1.2831382371276465,1.0,0.07489630436067163,0.0,,0.0,0.0,0.0,0.0,,,,,
2023-12-19,0.014719297318610103,0.07013474164279021,0.00705662141615182,0.021515912667605414,1.009680838105531,0.27,0.11973956957226867,-1.2612979580476438,1.0,0.7929518463680018,0.0,,0.0,0.0,0.0,0.0,,,,,
2023-12-20,0.008701618467667593,0.06689678903994256,0.017703132314469627,0.021305949497875575,1.3318245484581603,0.18000000000000016,0.11896848887167841,-1.2405405004231502,1.0,0.0,0.0,,0.0,0.0,0.0,0.0,,,,,
2023-12-21,-0.0037976446021383836,0.03287588894447424,0.0160402623730862,0.02130462659776092,0.21034003159700054,0.029999999999999805,0.11821211565546562,-1.220779159934504,1.0,0.0,0.0,,0.0,0.0,0.0,0.0,,,,,
2023-12-22,-0.004084973000749059,0.03104031939464935,0.012995024380062503,0.020564156886846482,0.5643144794226118,0.010000000000000231,0.11746998823333628,-1.2019366523402972,1.0,0.0,0.0,,0.0,0.0,0.0,0.0,,,,,
2023-12-25,0.0,0.015538298183390253,0.013786919105403861,0.02054432375345175,0.5643144794226118,0.010000000000000231,0.1167416649543741,-1.1839438372196673,1.0,0.0,0.0,,0.0,0.0,0.0,0.0,,,,,
2023-12-26,0.034201684009008027,0.03502068487378818,0.048153152726494675,0.02143796627425733,0.4819057249429104,0.040000000000000036,0.11602672310240071,-1.1667386468671554,0.9276217679495585,-0.07237823205044147,0.0,,0.0,0.0,0.0,0.0,,,,,
2023-12-27,-0.020380325777388464,0.00593874062873212,0.029913141859360337,0.02138651117781397,0.8955735778189533,0.06999999999999984,0.1153247578648531,-1.150265182474448,0.8310462748539993,-0.1689537251460007,0.0,,0.0,0.0,0.0,0.0,,,,,
2023-12-28,-0.03130167394864891,-0.021565288717778408,0.0010767559599189624,0.021794477227637162,0.7596583213763775,0.050000000000000266,0.11463538136948834,-1.1344729475748188,0.8610602894609144,-0.1689537251460007,0.0,,0.0,0.0,0.0,0.0,,,,,
2023-12-29,-0.0018066852249489784,-0.019287000941978327,0.0005133520449458473,0.02106380282652116,0.538960629921259,0.020000000000000018,0.11395822178366871,-1.1193161947765786,0.5884888339154251,-0.41151116608457494,0.0,,0.0,0.0,0.0,0.0,,,,,
2024-01-01,0.0,-0.019287000941978327,0.0010941911034780816,0.020873841088857613,0.538960629921259,0.020000000000000018,1.2055117761674896,-4.573833634987529,0.5884888339154251,-0.41151116608457494,-2.114914020366432,,0.0,0.0,0.0,0.0,,,,,
2024-01-02,-0.017823782495540286,-0.07131246744652664,-0.015796689250404228,0.021112971085776196,-0.3205551466722856,-0.06000000000000005,1.1886422359123447,-4.078621682983203,0.4200722521925692,-0.5075495157569894,-2.114914020366432,,0.0,0.0,0.0,0.0,,,,,
2024-01-03,0.03273500727728873,-0.018197134391849445,0.014126728513441655,0.020030568994623105,-1.0322191826147575,-0.1200000000000001,1.172464121302877,-3.7158816663967973,0.465465053415633,-0.3655812214383663,-2.114914020366432,,0.0,0.0,0.0,0.0,,,,,
2024-01-04,-0.008118379641932627,0.004986159914866839,0.0036171731945922048,0.020174006892522932,-1.0222075087999105,-0.15000000000000036,1.1569314069539094,-3.435447426018504,0.3430643179270147,-0.5179959715338998,-2.114914020366432,,0.0,0.0,0.0,0.0,,,,,
2024-01-05,0.02213507506857315,0.02892792020838897,0.023591354244065776,0.019905939027726166,-0.8167484090632726,-0.16999999999999993,1.1420022465436843,-3.2102661965664643,0.5300886210126131,-0.05840021290281194,-2.114914020366432,,0.0,0.0,0.0,0.0,,,,,
2024-01-08,-0.04054050261128861,-0.01161258240289964,-0.017026607716563724,0.022081440838627345,-0.8167484090632726,-0.16999999999999993,1.1276384972674136,-3.024293051745395,0.597911680838107,-0.05840021290281194,0.0,,0.0,0.0,0.0,0.0,,,,,
2024-01-09,0.019095987614353938,0.025307187706994583,-0.0008881274410628137,0.02048287786525803,-0.3337005716508745,-0.0699999999999994,1.1138053087967206,-2.8673296114084263,0.6384468573949912,0.21837460520242197,0.0,,0.0,0.0,0.0,0.0,,,,,
2024-01-10,-0.011944586456729134,-0.01937240602702328,-0.014596013360282711,0.020627383063337775,-0.054805598859775095,-0.1299999999999999,1.1004707666533387,-2.7325423671620173,0.15742179184375435,-0.30804326157187867,0.0,,0.0,0.0,0.0,0.0,,,,,
2024-01-11,0.008071293469374297,-0.0031827329157163575,-0.0071804212522001976,0.019587289015865445,-0.22638203389375722,0.010000000000000231,1.0876055816842405,-2.6151578600517804,0.1928408174576429,-0.1502235004693718,0.0,,0.0,0.0,0.0,0.0,,,,,
2024-01-12,0.010889900160654165,-0.014427907823635344,0.0023968123665829566,0.019704718984567677,-0.12229034743860279,0.08999999999999986,1.0751828187569163,-2.5117273586224815,0.5188418470917245,-0.011246773920888575,0.0,,0.0,0.0,0.0,0.0,,,,,
2024-01-15,0.0,0.026112594787653265,0.0018592468852745014,0.019420028632139996,-0.12229034743860279,0.08999999999999986,1.0631776589522417,-2.4196888196765136,0.5188418470917245,-0.011246773920888575,0.0,,0.0,0.0,0.0,0.0,,,,,
2024-01-16,-0.004259125762457572,0.0027574814108417556,-0.0019885232044378753,0.019152422453954796,-0.7598611475549522,-0.05000000000000071,1.0515671904743917,-2.337093792450758,0.3293034493321157,-0.3091434080628755,0.0,,0.0,0.0,0.0,0.0,,,,,
2024-01-17,0.0022005235120898803,0.01690259137966077,0.0009484107281760856,0.019044480944760484,-1.067789788696527,-0.05999999999999961,1.040330224267759,-2.2624305563749063,-0.0,-0.15742179184375435,0.0,,0.0,0.0,0.0,0.0,,,,,
2024-01-18,0.020801511375416304,0.029632809285702777,0.021256374725238558,0.019621963836858283,-0.8323352094725678,-0.1599999999999997,1.0294471309631517,-2.194505823642268,-0.017693765683045832,-0.21053458314068874,0.0,,0.0,0.0,0.0,0.0,,,,,
2024-01-19,-0.00851298972667447,0.010229919398374143,0.012471238456506661,0.019701165242910258,-0.9287734033831319,-0.1900000000000004,1.018899696297526,-2.132363386681385,-0.14307657250855313,-0.6619184196002776,0.0,,0.0,0.0,0.0,0.0,,,,,
2024-01-22,0.02108168038638336,0.031311599784757504,0.032226688281513205,0.020242377511862995,-0.9287734033831319,-0.1900000000000004,1.0086709925836497,-2.0752268058413557,-0.14307657250855313,-0.6619184196002776,0.0,,0.0,0.0,0.0,0.0,,,,,
2024-01-23,-0.007200991244704191,0.028369734302510885,0.02576960023811914,0.018766616631047214,-0.4347469104522439,-0.0699999999999994,0.9987452641657991,-2.022458168893612,-0.09254349654618471,-0.4218469458783004,0.0,,0.0,0.0,0.0,0.0,,,,,
2024-01-24,0.010119926579761795,0.0362891373701828,0.03510841740133053,0.018320900535196184,0.45323784990440874,-0.08000000000000007,0.989107825097777,-1.9735278539103556,-0.2618760245169045,-0.2618760245169045,0.0,,0.0,0.0,0.0,0.0,,,,,
2024-01-25,0.031686593842417565,0.04717421983718406,0.06286448843764703,0.017925166691090125,0.04830857932243138,-0.0,0.9797449675314044,-1.9279919861873298,-0.0378553832322388,-0.020161617549192965,0.0,,0.0,0.0,0.0,0.0,,,,,
2024-01-26,0.006907164836274404,0.06259437440013293,0.06540543796475884,0.017884231072156885,0.022296969104185216,-0.0,0.9706438795152148,-1.8854753775991318,-0.20903788123218217,-0.06596130872362904,0.0,,0.0,0.0,0.0,0.0,,,,,
2024-01-29,-0.015414563401185966,0.026098130612563608,0.046395387424468915,0.01840681171372092,-0.19565934712786337,0.03000000000000025,0.9617925710820959,-1.8456584392779225,-0.20903788123218217,-0.06596130872362904,0.0,,0.0,0.0,0.0,0.0,,,,,
2024-01-30,0.013500687218901852,0.04679980907616965,0.05473436401854492,0.017811395507574712,0.41089974327023215,0.08000000000000007,0.9531798076557467,-1.8082670183712801,-0.05854389674236369,0.03399959980382102,0.0,,0.0,0.0,0.0,0.0,,,,,
2024-01-31,-0.026136822264538395,0.010543060231869461,0.02637942260627213,0.017879254732024216,0.0485511023175178,0.1899999999999995,0.9447950499347505,-1.7730644168744167,0.11878661357081004,0.38066263808771456,0.0,,0.0,0.0,0.0,0.0,,,,,
2024-02-01,-0.025492617878975388,-0.04663615148952349,-0.0004626025085849861,0.01880598417819291,0.41181450801988095,0.2699999999999996,0.612128923988811,-4.325383227369491,0.3656463423204766,0.4035017255527154,0.9219282724149069,,0.0,0.0,0.0,0.0,,,,,
2024-02-02,-0.02230171298401995,-0.07584502930981785,-0.021891883325858785,0.018845962671201602,-0.23603579254385387,0.1200000000000001,0.6083210297834587,-3.977953451735541,0.08487325467564223,0.2939111359078244,0.9219282724149069,,0.0,0.0,0.0,0.0,,,,,
2024-02-05,0.0067155737893278555,-0.053714892119304025,-0.016666681189814625,0.01641661715079452,-0.4097512862648811,-0.08999999999999986,0.6045834914451493,-3.70275214685097,-0.22288323985951214,0.2939111359078244,0.9219282724149069,,0.0,0.0,0.0,0.0,,,,,
2024-02-06,0.00843312941252261,-0.05878244992568327,-0.009190780520483166,0.015982161765910035,-0.2954333450799096,-0.03000000000000025,0.6009141654228505,-3.4777872193570576,-0.06807777529693433,-0.009533878554570642,0.9219282724149069,,0.0,0.0,0.0,0.0,,,,,
2024-02-07,0.0058072956778598694,-0.026838331983285002,-0.005228307692544121,0.015718695284302704,-0.3917527656433384,-0.09999999999999964,0.5973109985910334,-3.2894272335306716,-0.09405968968882829,-0.21284630325963833,0.9219282724149069,,0.0,0.0,0.0,0.0,,,,,
2024-02-08,0.03193804882186946,0.030592334717559844,0.023671580511778423,0.01706461784210622,-0.6201930468240358,-0.28000000000000025,0.5937720234002688,-3.128713819957105,-0.48379782857257647,-0.8494441708930531,0.0,,0.0,0.0,0.0,0.0,,,,,
2024-02-09,0.007665859667332242,0.060559907368912036,0.02846048158623038,0.017001653979343063,-0.11331491621313639,-0.13999999999999968,0.5902953533420523,-2.989485114253285,-0.8561725153854772,-0.9410457700611194,0.0,,0.0,0.0,0.0,0.0,,,,,
2024-02-12,0.0010349289410154228,0.0548792625205996,0.026566705487315545,0.01699401001472435,0.3388573453427801,-0.0,0.586879178704113,-2.867344996375714,-0.8561725153854772,-0.9410457700611194,0.0,,0.0,0.0,0.0,0.0,,,,,
2024-02-13,0.012080856348724467,0.05852698945680146,0.03490185769054932,0.01702301594033962,-0.4641249747848075,-0.21999999999999975,0.5835217625944565,-2.759061628537082,-1.0,-0.9319222247030656,0.0,,0.0,0.0,0.0,0.0,,,,,
2024-02-14,-0.015318572056704838,0.03740112172223675,0.016713536266794726,0.017549316182272994,-0.4096608160628623,-0.17999999999999972,0.5802214372142244,-2.6621988213508203,-0.6363316331061901,-0.5422719434173618,0.0,,0.0,0.0,0.0,0.0,,,,,
2024-02-15,0.017742815668211342,0.023205888568578636,0.03173953735331558,0.01739749483228,-0.10926678108156285,-0.08999999999999986,0.5769766003612117,-2.574880699063764,-0.6389759708130892,-0.15517814224051274,0.0,,0.0,0.0,0.0,0.0,,,,,
2024-02-16,0.014925650216675912,0.030465679117922306,0.04277644099113509,0.01739065443667831,-0.09211906906037015,-0.1299999999999999,0.5737857121473425,-2.4956362046650398,-0.7729155176054634,0.08325699778001383,0.0,,0.0,0.0,0.0,0.0,,,,,
2024-02-19,0.0,0.029430750176906884,0.03994177843159541,0.016926413316769535,-0.09211906906037015,-0.1299999999999999,0.5612695060300628,-2.41283361703856,-0.7729155176054634,0.08325699778001383,0.0,,0.0,0.0,0.0,0.0,,,,,
2024-02-20,-0.011744783612059884,0.005605110216122533,0.025589521878365495,0.017097829176720817,0.4117010998994419,0.040000000000000036,0.5487683006163855,-2.336407731429308,-0.9376267508942263,0.06237324910577369,0.0,,0.0,0.0,0.0,0.0,,,,,
2024-02-21,0.002157224363000587,0.023080906635827958,0.025537408411033802,0.017006152170612764,0.2984344342101597,-0.05000000000000071,0.5362763919159622,-2.2655442345634977,-1.0,-0.3636683668938099,0.0,,0.0,0.0,0.0,0.0,,,,,
2024-02-22,0.009462002088997501,0.014800093056614116,0.033901302257370425,0.015650745592239886,0.09083251589568908,-0.08999999999999986,0.5237884915367048,-2.199567645869982,-1.0,-0.3610240291869108,0.0,,0.0,0.0,0.0,0.0,,,,,
2024-02-23,-0.025949052006822626,-0.02607460916688442,0.008496952850040707,0.016698247787147815,0.09376766913878898,0.040000000000000036,0.5112999154805992,-2.1379122540607822,-1.0,-0.2270844823945366,0.0,,0.0,0.0,0.0,0.0,,,,,
2024-02-26,0.011913290197609783,-0.014161318969274639,0.0195885529672033,0.01653472637434358,0.09376766913878898,0.040000000000000036,0.4988068599282512,-2.080100164974594,-1.0,-0.2270844823945366,0.0,,0.0,0.0,0.0,0.0,,,,,
2024-02-27,0.016042787068980324,0.013626251711765569,0.03468254496323375,0.01664671306378033,0.04561233317826874,-0.040000000000000036,0.4863068058479069,-2.025724491137599,-1.0,-0.06237324910577369,0.0,,0.0,0.0,0.0,0.0,,,,,
2024-02-28,-0.004521484718845947,0.006947542629919035,0.028131498294153623,0.015454653896779873,-0.07443949374534853,0.05000000000000071,0.4737991175492469,-1.974436317356725,-1.0,0.0,0.0,,0.0,0.0,0.0,0.0,,,,,
2024-02-29,-0.0027732275431464615,-0.005287687002224928,0.022192739283979357,0.014100892252135882,-0.06639031560171649,0.08000000000000007,0.46128593876730156,-1.9259344788944945,-1.0,0.0,0.0,,0.0,0.0,0.0,0.0,,,,,
2024-03-01,0.020985031870675463,0.04164639687527316,0.03784790244489411,0.013284607286791284,0.02131581360725887,0.0699999999999994,-1.5817995260617916,-2.5348471245008115,-0.5865412386420084,0.41345876135799164,-0.20298598438930338,,0.0,0.0,0.0,0.0,,,,,
2024-03-04,-0.015320720672171717,0.014412386005491662,0.018299127786036706,0.014055120389484319,0.15463508762655342,0.0600000000000005,-1.6301344592491778,-2.449830583481588,-0.4980247537649073,0.5019752462350927,-0.20298598438930338,,0.0,0.0,0.0,0.0,,,,,
2024-03-05,-0.007053814358969568,-0.00868421542245823,0.007791606628955172,0.014236697201169065,0.0662176651535451,0.17999999999999972,-1.6820375105526835,-2.371491591822758,-0.5152350912802801,0.4847649087197199,-0.20298598438930338,,0.0,0.0,0.0,0.0,,,,,
2024-03-06,0.012186845973659821,0.008024115270047538,0.016205768289713873,0.01436311211494573,0.5474374215705735,0.15999999999999925,-1.7379991726592527,-2.298964706001769,-0.4777048926737769,0.5222951073262231,-0.20298598438930338,,0.0,0.0,0.0,0.0,,,,,
2024-03-07,-0.003377325119047647,0.0074200176941463525,0.010821527554811361,0.012804515852307956,0.8181881197269592,0.16000000000000014,-1.7986104597651205,-2.231534273614564,-0.13626897833395896,0.863731021666041,-0.20298598438930338,,0.0,0.0,0.0,0.0,,,,,
2024-03-08,-0.010707414762690881,-0.024272428939219992,-0.0009741391022348722,0.013034182966664299,0.8562024475440744,0.10000000000000053,-1.8645911208674983,-2.168602634941244,-0.0,0.5865412386420084,0.0,,0.0,0.0,0.0,0.0,,,,,
2024-03-11,-0.0011404677153272758,-0.01009217598237555,-0.003094088879100454,0.013043724679529071,0.6888278509497692,0.1200000000000001,-1.936828190028319,-2.109666210294258,-0.16958233968973013,0.32844241407517716,0.0,,0.0,0.0,0.0,0.0,,,,,
2024-03-12,-0.004574922199735099,-0.0076132838231410815,-0.007815704212949193,0.012827553535615224,0.5937894487800799,-0.03000000000000025,-2.016429673426149,-2.0542972609229797,0.2015101514858839,0.716745242766164,0.0,,0.0,0.0,0.0,0.0,,,,,
2024-03-13,0.027140753738718715,0.007340623941917812,0.01705539010188417,0.013622237291369162,0.41563974236478174,-0.08000000000000007,-2.104800944377886,-2.002129797908254,-0.1662470207572965,0.31145787191648044,0.0,,0.0,0.0,0.0,0.0,,,,,
2024-03-14,0.018301806671419563,0.029019755732385022,0.033059587799257883,0.013656186539601007,-0.04168368819936763,-0.20000000000000018,-2.2037561548142137,-1.9528485681449714,-0.39132980771675496,-0.255060829382796,0.0,,0.0,0.0,0.0,0.0,,,,,
2024-03-15,-0.002681293501577642,0.03704587699349826,0.028961032509546847,0.013363656539806874,-0.3544905188580971,-0.21999999999999975,-2.3156853764677687,-1.9061803534471478,-0.255012006300168,-0.255012006300168,0.0,,0.0,0.0,0.0,0.0,,,,,
2024-03-18,0.021012728197888464,0.059199072906714,0.04750586250940714,0.014054510311243896,-0.4463534472848085,-0.2400000000000002,-2.250034555705552,-1.8604468163539811,-0.255012006300168,-0.255012006300168,0.0,,0.0,0.0,0.0,0.0,,,,,
2024-03-19,0.008448910853261715,0.07222290595971081,0.05247719044137433,0.013700631689293311,-0.6377801522550408,-0.13999999999999968,-2.1886379692505513,-1.816972724668599,-0.2799973316387599,-0.48150748312464375,0.0,,0.0,0.0,0.0,0.0,,,,,
2024-03-20,-0.019141630019160694,0.025940522201831406,0.030922920220029404,0.014606491441625383,-0.8041565733777123,-0.07999999999999918,-2.1310317755823927,-1.7755609485301624,0.15839678856696948,0.32464380932426595,0.0,,0.0,0.0,0.0,0.0,,,,,
2024-03-21,-0.00970999254262761,-0.0020712770122157664,0.019758887206796416,0.014747932424576943,-0.4720519623090391,0.020000000000000462,-2.0768201005085434,-1.7360375262926002,0.22334876654674235,0.6146785742634973,0.0,,0.0,0.0,0.0,0.0,,,,,
2024-03-22,-0.010914327486719166,-0.010304310997357291,0.006638783023467099,0.013617468670269058,-0.6510781119316134,0.08999999999999986,-2.0256627226246504,-1.6982482627901911,0.25963305584874197,0.51464506214891,0.0,,0.0,0.0,0.0,0.0,,,,,
2024-03-25,0.016023827653924627,-0.015293211541321128,0.020251307107966632,0.013801471116681525,-0.37677731407452786,0.08999999999999986,-1.9772653822154558,-1.6620559191541553,0.49042063038388395,0.51464506214891,0.0,,0.0,0.0,0.0,0.0,,,,,
2024-03-26,0.0,-0.023742122394582843,0.01864214289199051,0.013428680983872085,-0.11659329282611708,0.05999999999999961,-1.9313720774319296,-1.6273378762545618,0.4605221677106965,0.7405194993494564,0.0,,0.0,0.0,0.0,0.0,,,,,
2024-03-27,-0.0031599442920144938,-0.007760436667436643,0.013804957362657966,0.013399384974785824,-0.0661545751263759,0.0699999999999994,-1.8877588832259662,-1.593984180169522,0.3315386515142549,0.1731418629472854,0.0,,0.0,0.0,0.0,0.0,,,,,
2024-03-28,0.021793650469154713,0.02374320634434568,0.03269302269387975,0.014078751270884258,-0.21099491261384884,0.0699999999999994,-1.846228949495174,-1.56189589794076,0.16583649660801103,-0.05751226993873132,0.0,,0.0,0.0,0.0,0.0,,,,,
2024-03-29,0.0,0.034657533831064846,0.030836689149480456,0.01342733065587561,0.13623888262661588,0.0699999999999994,-1.806608421348221,-1.530983726988954,0.16583649660801103,-0.05751226993873132,0.0,,0.0,0.0,0.0,0.0,,,,,
2024-04-01,0.006884300186211334,0.025518006363351553,0.03475440474837299,0.012837336729301955,-0.40122449485455736,-0.08000000000000007,-0.8947806741092007,3.1795553600706623,-0.35818881799729696,-0.8486094483811809,-0.43979363391469795,,0.0,0.0,0.0,0.0,,,,,
2024-04-02,0.01654093669021428,0.042058943053565834,0.04714901929880977,0.01295166337182662,-0.1893879951302635,-0.1200000000000001,-0.8853613983780289,3.0406323369775987,-0.5170461134339006,-0.9775682811445972,-0.43979363391469795,,0.0,0.0,0.0,0.0,,,,,
2024-04-03,0.0031364374901308167,0.048355324835711144,0.046591655073338956,0.012813316359905914,-0.009007601920196784,-0.16000000000000014,-0.8760498730387315,2.9166365530346434,-0.4182545796736561,-0.749793231187911,-0.43979363391469795,,0.0,0.0,0.0,0.0,,,,,
2024-04-04,0.013249804991014358,0.03981147935757079,0.05531630184324943,0.012869657783338765,0.24962106663032335,-0.10999999999999943,-0.8668431537998512,2.805010120341912,-0.4907373065051143,-0.6565738031131254,-0.43979363391469795,,0.0,0.0,0.0,0.0,,,,,
2024-04-05,0.003655893481260719,0.04346737283883151,0.053728871691208546,0.012365790774383085,0.04503421360759763,-0.10999999999999943,-0.8577383974456438,2.7037707113996086,-0.8514365418212473,-0.6565738031131254,-0.43979363391469795,,0.0,0.0,0.0,0.0,,,,,
2024-04-08,-0.005144926457835375,0.0314381461947848,0.043540844537196755,0.0125062174253716,0.641237179576859,-0.08999999999999986,-0.8487328572115489,2.6113549370903684,-0.9042409197138237,-0.5460521017165267,0.0,,0.0,0.0,0.0,0.0,,,,,
2024-04-09,-0.013850636933899096,0.0010465725706714224,0.025110892643829708,0.013042176571131934,0.49355542090705473,-0.0,-0.8398238784122584,2.5265108718674667,-0.5482510230833065,-0.03120490964940592,0.0,,0.0,0.0,0.0,0.0,,,,,
2024-04-10,0.010865902769962688,0.008776037850503293,0.03221122300276136,0.012028755354840557,-0.45686738864219034,-0.1899999999999995,-0.8310088943061361,2.448222477936406,-1.0,-0.5817454203263439,0.0,,0.0,0.0,0.0,0.0,,,,,
2024-04-11,-0.01377575758461802,-0.018249524725129085,0.01627377121991458,0.012126690435518058,-0.7012180226612319,-0.25,-0.8222854221809827,2.3756553085131094,-0.784509898795369,-0.2937725922902547,0.0,,0.0,0.0,0.0,0.0,,,,,
2024-04-12,0.007779429654611647,-0.014125988551778157,0.021368470518488003,0.012132403074344092,-1.0944524265776856,-0.11000000000000032,-0.8136510596470574,2.308116751949521,-0.49049696989284297,0.3609395719284043,0.0,,0.0,0.0,0.0,0.0,,,,,
2024-04-15,-0.002895699017652298,-0.01187676111159508,0.01698346250557492,0.011386404463025555,-1.3990039416611033,-0.20999999999999996,-0.8051034811244575,2.24502642669064,-0.5964889912116433,0.30775192850218036,0.0,,0.0,0.0,0.0,0.0,,,,,
2024-04-16,-0.0006962172478948148,0.0012776585744092017,0.015255192667477324,0.011275293726725715,-2.0037314174746967,-0.3099999999999996,-0.7966404345127449,2.185893798808086,-0.8456084545201458,-0.29735743143683924,0.0,,0.0,0.0,0.0,0.0,,,,,
2024-04-17,-0.030285705954169018,-0.039873950149722504,-0.015505362080144636,0.012530232351046116,-1.1910568737882876,-0.040000000000000036,-0.783502563218659,2.1339324555884045,-0.9776444126417944,0.022355587358205642,0.0,,0.0,0.0,0.0,0.0,,,,,
2024-04-18,-0.0009576251629592747,-0.027055817728063758,-0.017375454405540225,0.012306648875837904,-1.1459762959868725,-0.08000000000000007,-0.7704994350528844,2.0847776005653635,-1.0,-0.21549010120463097,0.0,,0.0,0.0,0.0,0.0,,,,,
2024-04-19,0.0034670367683853343,-0.03136821061429007,-0.015539953012346785,0.011995459879770597,-0.6697277340060648,-0.1200000000000001,-0.7576243965904715,2.0381716844663225,-1.0,-0.509503030107157,0.0,,0.0,0.0,0.0,0.0,,,,,
2024-04-22,0.00035797387173008843,-0.028114537724907684,-0.01603022182669811,0.011507761751249491,-0.5194200530937332,0.009999999999999787,-0.7448709860184349,1.9938891476967096,-1.0,-0.40351100878835666,0.0,,0.0,0.0,0.0,0.0,,,,,
2024-04-23,0.004166920726558665,-0.023251399750454205,-0.012919889822549102,0.011529296725736927,0.325445853509565,0.05999999999999961,-0.7322329168974498,1.951731476710629,-0.8493411811473763,-0.003732726627230565,0.0,,0.0,0.0,0.0,0.0,,,,,
2024-04-24,-0.0009509093786777001,0.006083396825037113,-0.015037839669303388,0.011497312919509771,0.10624228280281534,-0.0600000000000005,-0.7197040626244433,1.9115231638646644,-1.0,-0.022355587358205642,0.0,,0.0,0.0,0.0,0.0,,,,,
2024-04-25,0.009821982990248834,0.016863004978245222,-0.0057843137731854455,0.010647116812169462,0.13276239271490242,-0.0600000000000005,-0.70727844150619,1.8731083818013115,-1.0,0.0,0.0,,0.0,0.0,0.0,0.0,,,,,
2024-04-26,0.005402244494760566,0.018798212704620454,-0.0012206385972941547,0.01070032949988287,0.13029263042462214,-0.04999999999999982,-0.6949502023585415,1.8363482275973801,-1.0,0.0,0.0,,0.0,0.0,0.0,0.0,,,,,
2024-04-29,-0.013204624778945018,0.005235614053945348,-0.014259386446850542,0.011040418971242782,0.4193045882160851,-0.009999999999999787,-0.6827136105495679,1.8011184247415148,-0.748334736896132,0.25166526310386805,0.0,,0.0,0.0,0.0,0.0,,,,,
2024-04-30,-0.009180392344961597,-0.008111699017574914,-0.021987835410664403,0.010475512042859106,-0.21397834304492935,-0.08000000000000007,-0.6705630344076968,1.7673073956423861,-1.0,-0.15065881885262367,0.0,,0.0,0.0,0.0,0.0,,,,,
2024-05-01,-0.03398828893000605,-0.04114907856890326,-0.052667944638517206,0.012677454035678243,-0.10318170721783648,0.020000000000000462,0.14674745490474236,1.2499016827831406,-0.83507155631893,0.16492844368106996,0.9321098155499641,,0.0,0.0,0.0,0.0,,,,,
2024-05-02,-0.0013640029394830222,-0.05233506449863512,-0.04999307747932047,0.012079939379382985,0.32563107301950556,0.1200000000000001,0.15373721669832163,1.2357003510348488,-0.6638618726311707,0.3361381273688293,0.9321098155499641,,0.0,0.0,0.0,0.0,,,,,
2024-05-03,-0.011732535980362613,-0.0694698449737583,-0.05691732188792287,0.012054081407217773,0.6584945883229443,0.16999999999999993,0.16078509735743093,1.2217620162816754,-0.24513576125802775,0.3361381273688293,0.9321098155499641,,0.0,0.0,0.0,0.0,,,,,
2024-05-06,0.0056338177182553295,-0.05063140247655795,-0.047014149806711814,0.012277133108563336,0.5333555292794667,0.13999999999999968,0.1678929903504278,1.2080771810646485,-0.12504189271858104,0.6232928441775509,0.9321098155499641,,0.0,0.0,0.0,0.0,,,,,
2024-05-07,-0.0016242897305147608,-0.043075299862111116,-0.044980402534440245,0.012077715806286216,0.7255338646163345,0.22000000000000064,0.17506285691480034,1.1946368143238288,-0.24999867075129895,0.7500013292487011,0.9321098155499641,,0.0,0.0,0.0,0.0,,,,,
2024-05-08,0.007474807445306375,-0.0016122034867986912,-0.03367800332011406,0.01188535938269132,0.6699897900124263,0.14999999999999947,0.18229672955838133,1.1814323220951517,0.4087025642298332,1.2437741205487631,0.0,,0.0,0.0,0.0,0.0,,,,,
2024-05-09,0.003592892423520233,0.003344691876204564,-0.027125951627981593,0.011754031039472255,0.2246027390099936,0.1299999999999999,0.18959671577860487,1.1684555204277993,0.412544918052336,1.0764067906835066,0.0,,0.0,0.0,0.0,0.0,,,,,
2024-05-10,-0.013070454324707548,0.002006773531859629,-0.036194752485110726,0.011675824732309367,0.10111554600348294,-0.0,0.19696500201611522,1.155698610325697,0.03165580933269789,0.2767915705907256,0.0,,0.0,0.0,0.0,0.0,,,,,
2024-05-13,0.011213673448363437,0.007586629261967737,-0.021684894192468995,0.012162284452045681,-0.11059033745639546,0.009999999999999787,0.2044038578607718,1.143154154536515,0.2544293336250171,0.3794712263435981,0.0,,0.0,0.0,0.0,0.0,,,,,
2024-05-14,-0.013597165764109853,-0.004386246771627356,-0.031340827686491046,0.012357675542658063,0.13710859754449967,0.019999999999999574,0.2119156405294257,1.1308150560291086,0.5124434221644452,0.762442092915744,0.0,,0.0,0.0,0.0,0.0,,,,,
2024-05-15,0.0076321921933937276,-0.004228862023540003,-0.021663298130387254,0.010929331037598435,0.6860480912919464,0.1200000000000001,0.21950279963680017,1.1186745380159422,0.6431412873743416,0.23443872314450842,0.0,,0.0,0.0,0.0,0.0,,,,,
2024-05-16,0.007698076257550923,-0.00012367818950931309,-0.012352669581150444,0.011143939099587037,0.7692975146402214,0.07000000000000028,0.2271678822826342,1.1067261253909193,0.6437438332476693,0.23119891519533325,0.0,,0.0,0.0,0.0,0.0,,,,,
2024-05-17,0.009968699868314168,0.022915476003512403,-0.001096500576148074,0.01139198654149818,0.6381234940252778,0.08000000000000007,0.22285603777863588,1.0929232990209465,0.45070802132695836,0.41905221199426046,0.0,,0.0,0.0,0.0,0.0,,,,,
2024-05-20,-0.0033118705524799452,0.00838993200266902,-0.0029374097707295377,0.011393643473365793,0.6533028589785328,0.040000000000000036,0.21854701107381008,1.0793586001792486,0.4828634294125753,0.22843409578755824,0.0,,0.0,0.0,0.0,0.0,,,,,
2024-05-21,-0.00900962589372778,0.012977471873051094,-0.009817246975544869,0.011431378329909437,0.44806012847179444,0.040000000000000036,0.21424055898151365,1.0660233399114554,0.1287224250197765,-0.3837209971446687,0.0,,0.0,0.0,0.0,0.0,,,,,
2024-05-22,-0.01889800311820089,-0.013552723438543524,-0.025688106717855597,0.012023070257552112,-0.15813201509959907,-0.0699999999999994,0.20993643848719587,1.0529092469733936,0.09668095441208764,-0.5464603329622539,0.0,,0.0,0.0,0.0,0.0,,,,,
2024-05-23,-0.0214540216832102,-0.04270482137930465,-0.042551184791504326,0.01229477964166685,-0.43234155725451195,-0.08999999999999986,0.2056344066792434,1.0400084418015343,0.16077171923817618,-0.4829721140094931,0.0,,0.0,0.0,0.0,0.0,,,,,
2024-05-24,0.012953050613297101,-0.039720470634321714,-0.02538473087457227,0.012726159782649786,-0.31492451874617355,-0.040000000000000036,0.2013342206798275,1.0273134124317413,0.09738541046724845,-0.3533226108597099,0.0,,0.0,0.0,0.0,0.0,,,,,
2024-05-27,0.0,-0.03640860008184177,-0.02183155880988341,0.012576796327616279,-0.31492451874617355,-0.040000000000000036,0.19703563757553147,1.0148169921957741,0.09738541046724845,-0.3533226108597099,0.0,,0.0,0.0,0.0,0.0,,,,,
2024-05-28,0.030370008807338422,0.002971034619224433,0.010114102004528114,0.014593158440801923,-0.04176988992357078,-0.1299999999999999,0.1927384143478319,1.0025123390419892,0.328752288629423,0.20002986360964653,0.0,,0.0,0.0,0.0,0.0,,,,,
2024-05-29,-0.008191680410766011,0.013677357326659312,0.0022082431748735587,0.012578521252881147,-0.508366366040236,-0.1800000000000006,0.1884423078033249,0.990392916341791,-0.0,-0.09668095441208764,0.0,,0.0,0.0,0.0,0.0,,,,,
2024-05-30,-0.01608074852845398,0.01905063048141553,-0.012850846493021706,0.013065931701764472,-0.17445914789355754,-0.08000000000000007,0.18414707450370493,0.9784524750568248,-0.1705914911962974,-0.3313632104344736,0.0,,0.0,0.0,0.0,0.0,,,,,
2024-05-31,-0.012617257803717585,-0.006519677935599155,-0.024402209345010917,0.013105540698514771,-0.39533881720676955,-0.04999999999999982,0.17985247069538365,0.9666850371538761,-0.2840817198348154,-0.38146713030206386,0.0,,0.0,0.0,0.0,0.0,,,,,
2024-06-03,-0.03537535215621723,-0.04189503009181639,-0.05666120805577801,0.015063923173429666,-0.39533881720676955,-0.04999999999999982,2.119355056849321,0.594147333420721,-0.0,-0.38146713030206386,0.8384713670209432,,0.0,0.0,0.0,0.0,,,,,
2024-06-04,-0.013241683484086941,-0.08550672238324175,-0.06620566840673447,0.01522646883158512,-1.066952153504075,0.20999999999999996,2.0616879035434232,0.5884577318272898,0.18957312612919378,-0.13917916250022924,0.8384713670209432,,0.0,0.0,0.0,0.0,,,,,
2024-06-05,0.010847110037103036,-0.0664679319353727,-0.05182995036609217,0.01537464838688766,-0.3027075875809748,0.3200000000000003,2.0074277559071434,0.5827996550086582,0.4626285974855807,0.4626285974855807,0.8384713670209432,,0.0,0.0,0.0,0.0,,,,,
2024-06-06,0.01899793285374418,-0.03138925055317454,-0.03007366153031832,0.016118116578162575,-0.3371594480489959,0.2699999999999996,1.9562283018105557,0.5771724716608415,0.309898290889267,0.4804897820855644,0.8384713670209432,,0.0,0.0,0.0,0.0,,,,,
2024-06-07,0.00013067624977747272,-0.018641316499679483,-0.02784468582723676,0.015942946965751693,-1.1883896542121963,0.08000000000000007,1.9077905312852803,0.5715755626925124,-0.0,0.2840817198348154,0.8384713670209432,,0.0,0.0,0.0,0.0,,,,,
2024-06-10,0.028595456883913073,0.04532949254045082,0.001979981338203096,0.017135935366613533,-1.2763289849114345,-0.05999999999999961,1.8618547169590662,0.566008320853267,-0.07794175146539678,-0.07794175146539678,0.0,,0.0,0.0,0.0,0.0,,,,,
2024-06-11,0.0016494325886373673,0.06022060861317513,0.004096294290730107,0.01689419498677869,-1.066851577828909,-0.05999999999999961,1.818193997015894,0.5604701503742008,-0.0,-0.18957312612919378,0.0,,0.0,0.0,0.0,0.0,,,,,
2024-06-12,0.00858374369139181,0.057957242267463904,0.0130993407711113,0.016919525014740092,-1.0573400503860464,-0.019999999999999574,1.7766091952887169,0.554960466620281,-0.08095973012511805,-0.5435883276106988,0.0,,0.0,0.0,0.0,0.0,,,,,
2024-06-13,0.0006282591147153127,0.039587568528435035,0.014500393531958089,0.016814534182006007,-1.3501531813423506,0.040000000000000036,1.7369246059942995,0.549478695754026,0.4097765435638807,0.0998782526746137,0.0,,0.0,0.0,0.0,0.0,,,,,
2024-06-14,-0.0025154081933678185,0.036941484085289744,0.013381984387805801,0.016625451335755156,-0.5021489449529959,0.22999999999999954,1.6989845376235266,0.544024274410031,0.6681165668020912,0.6681165668020912,0.0,,0.0,0.0,0.0,0.0,,,,,
2024-06-17,0.02389064727156498,0.03223667447294165,0.03730950481738393,0.01754768913411946,-0.26349238373852835,0.1899999999999995,1.6789560274126032,0.5359848185757307,0.30716011599883375,0.38510186746423053,0.0,,0.0,0.0,0.0,0.0,,,,,
2024-06-18,0.01634182708589993,0.04692906897020421,0.05242063241231598,0.017779531706906486,0.04619667529057736,0.16999999999999993,1.6594233927599762,0.5279868243601935,0.5923456971830996,0.5923456971830996,0.0,,0.0,0.0,0.0,0.0,,,,,
2024-06-19,0.0,0.0383453252788124,0.05024503276543779,0.017144304613665503,0.04619667529057736,0.16999999999999993,1.6403648227588183,0.5200287282824436,0.5923456971830996,0.5923456971830996,0.0,,0.0,0.0,0.0,0.0,,,,,
2024-06-20,0.00807184672972383,0.04578891289382092,0.054664986427636286,0.016250399692604486,-0.13586134885725798,-0.009999999999999787,1.6217598292765192,0.5121089931994214,1.0,0.5902234564361193,0.0,,0.0,0.0,0.0,0.0,,,,,
2024-06-21,-0.019752232597691766,0.028552088489496974,0.03289612492296978,0.016897826241678206,0.048965365057740406,-0.04999999999999982,1.6035891452649984,0.504226106806946,1.0,0.3318834331979088,0.0,,0.0,0.0,0.0,0.0,,,,,
2024-06-24,0.01119641731647647,0.015857858534408464,0.04151609246664645,0.017012577138915647,0.4237799724724156,0.03000000000000025,1.585834632475621,0.4963785801846004,1.0,0.3318834331979088,0.0,,0.0,0.0,0.0,0.0,,,,,
2024-06-25,-0.008019484048153558,-0.008503452599645023,0.03283963328846884,0.01583671960465041,0.028956843816940747,-0.010000000000000675,1.5684791975672654,0.4885649463812474,1.0,0.4076543028169004,0.0,,0.0,0.0,0.0,0.0,,,,,
2024-06-26,0.0026803134954693775,-0.005823139104175645,0.034319371958601685,0.015703028956184667,0.028956843816940747,-0.010000000000000675,1.5515067157193783,0.48078375903802734,1.0,0.4076543028169004,0.0,,0.0,0.0,0.0,0.0,,,,,
2024-06-27,0.010288779257169978,-0.003606206576729498,0.042089100001153845,0.015276919248418695,-0.11747938675599201,-0.040000000000000036,1.5349019609688304,0.47303359104580633,1.0,0.0,0.0,,0.0,0.0,0.0,0.0,,,,,
2024-06-28,-0.002532104807405844,0.013613921213556424,0.03653368632931464,0.014913119945456266,-0.08194436163166952,-0.11000000000000032,1.518650542581591,0.4653130332341597,0.8966149290953567,-0.10338507090464333,0.0,,0.0,0.0,0.0,0.0,,,,,
2024-07-01,0.02232528704783654,0.024742790944916493,0.0529506325525162,0.012475792958723343,-0.6096392846317134,-0.23000000000000043,1.6646304672437524,0.7117759047664659,0.24878984809694185,-0.10338507090464333,-1.696109397222123,,0.0,0.0,0.0,0.0,,,,,
2024-07-02,-0.007227947813202462,0.02553432717986759,0.03951365713113297,0.012055339909516514,-0.2823908337549197,-0.1999999999999993,1.6430999502502759,0.701137047987529,0.1492739088581598,-0.8507260911418402,-1.696109397222123,,0.0,0.0,0.0,0.0,,,,,
2024-07-03,0.012996402209942026,0.03585041589434024,0.04619356712425304,0.012108324363343024,0.3888620634154294,-0.040000000000000036,1.622141866643993,0.6905907005318093,0.0498707389208582,-0.9501292610791418,-1.696109397222123,,0.0,0.0,0.0,0.0,,,,,
2024-07-04,0.0,0.02556163663717026,0.04082697155011772,0.011802434903848897,0.3888620634154294,-0.040000000000000036,1.601729034980571,0.6801332508386642,0.0498707389208582,-0.9501292610791418,-1.696109397222123,,0.0,0.0,0.0,0.0,,,,,
2024-07-05,-0.008842833074628409,0.019250908369947695,0.027066218367575168,0.012176592603942979,0.5910137887115585,0.08000000000000007,1.5818360493653423,0.669761187231948,1.0,0.10338507090464333,-1.696109397222123,,0.0,0.0,0.0,0.0,,,,,
2024-07-08,-0.00963891558668628,-0.012713294264575126,0.01442110129650409,0.011228022034074046,0.8910817110118541,0.20000000000000018,1.5624391325849945,0.6594710919298401,1.0,0.7512101519030582,0.0,,0.0,0.0,0.0,0.0,,,,,
2024-07-09,-0.010215821072847575,-0.01570116752422024,0.0017923414223464107,0.011610437553748357,0.7117128496914926,0.1299999999999999,1.5435160038357263,0.6492596353368224,0.8758630345086943,0.7265891256505345,0.0,,0.0,0.0,0.0,0.0,,,,,
2024-07-10,0.007341911778307342,-0.021355657955854923,0.0067834059949980485,0.011578977724833935,0.4744831018413831,0.08000000000000007,1.5250457593628608,0.6391235705953258,0.5891483891271452,0.5392776502062869,0.0,,0.0,0.0,0.0,0.0,,,,,
2024-07-11,0.006335565989147973,-0.01502009196670695,0.010482759434768063,0.011604590254124539,0.4744831018413831,0.08000000000000007,1.5070087645472936,0.629059728376053,0.7808331592457425,0.5392776502062869,0.0,,0.0,0.0,0.0,0.0,,,,,
2024-07-12,-0.00513709988213229,-0.011314358774210831,0.002840531587696482,0.011680404893107262,0.8388661134696496,0.10000000000000053,1.4893865561628405,0.6190650118873215,0.9016101954766956,-0.09838980452330437,0.0,,0.0,0.0,0.0,0.0,,,,,
2024-07-15,-0.0032391606511144033,-0.0049146038386389534,-0.0015472666322242645,0.010590612533018294,0.5860198317736431,0.04999999999999982,1.4721617536897724,0.6091363920849713,1.0,0.0,0.0,,0.0,0.0,0.0,0.0,,,,,
2024-07-16,-0.01574454226359734,-0.010443325029388717,-0.01683612799715206,0.010598237601531725,0.5515890090602604,0.1299999999999999,1.45531797870868,0.5992709030654646,0.9561385268872674,0.08027549237857312,0.0,,0.0,0.0,0.0,0.0,,,,,
2024-07-17,0.026976587698202437,0.009191350890506378,0.009247311214809706,0.012247588518839688,0.5450951582724128,0.1200000000000001,1.4388397815180844,0.5894656376257749,0.9561385268872674,0.08027549237857312,0.0,,0.0,0.0,0.0,0.0,,,,,
2024-07-18,0.0001188142340842191,0.0029745991354426238,0.00887062858743537,0.012130796855803573,-0.01783837939544064,-0.0,1.417690007345673,0.5773412714449838,0.8211245420562607,0.04029138281051825,0.0,,0.0,0.0,0.0,0.0,,,,,
2024-07-19,-0.033094807744443955,-0.02498310872686904,-0.02405254726112993,0.013582894068930084,-0.5770971019369409,-0.07000000000000028,1.3970970867728014,0.5652447986792183,0.7105434556318908,-0.19106673984480482,0.0,,0.0,0.0,0.0,0.0,,,,,
2024-07-22,-0.002212934269193667,-0.023956882344948305,-0.025423382055160815,0.013320639014731808,-0.47498791125188955,-0.02999999999999936,1.3770334875094314,0.553169716665489,0.7077335085603762,-0.2922664914396238,0.0,,0.0,0.0,0.0,0.0,,,,,
2024-07-23,-0.03774979548328439,-0.045962135564635354,-0.06084456249152659,0.015623561248914298,-0.5360704787233939,-0.08000000000000007,1.3574735290785207,0.5411093953978594,0.8357912551551571,-0.12034727173211035,0.0,,0.0,0.0,0.0,0.0,,,,,
2024-07-24,0.0068781318161974525,-0.06606059144664034,-0.05184770654444648,0.015722279523019172,-0.8484467588435907,-0.1200000000000001,1.338393224633413,0.5290570514080534,1.0,-0.12034727173211035,0.0,,0.0,0.0,0.0,0.0,,,,,
2024-07-25,0.008216973102281422,-0.057962432578443135,-0.04140841900353909,0.01564285152449908,-0.6007774191735704,-0.0699999999999994,1.3197701389943421,0.5170057194973586,0.919441709746399,0.09831716769013832,0.0,,0.0,0.0,0.0,0.0,,,,,
2024-07-26,-0.010758916514727268,-0.03562654134872645,-0.04953368049427276,0.015759159167929592,-0.42631976418425754,0.04999999999999982,1.3015832609726794,0.5049482219568916,1.0,0.2894565443681092,0.0,,0.0,0.0,0.0,0.0,,,,,
2024-07-29,-0.01681143218482184,-0.05022503926435462,-0.06175462169346968,0.014903456490967443,-0.748272156809282,0.08999999999999986,1.283812888312318,0.49287713485673446,1.0,0.2922664914396238,0.0,,0.0,0.0,0.0,0.0,,,,,
2024-07-30,-0.014338097560795404,-0.026813341341865637,-0.07114672078125839,0.015053727001608765,-0.7304008694785313,0.09999999999999964,1.2664405237990628,0.4807847509163578,1.0,0.16420874484484294,0.0,,0.0,0.0,0.0,0.0,,,,,
2024-07-31,0.04102677859192028,0.007335305433857187,-0.026575462535432415,0.01785609231861701,-0.06458531452966376,0.1900000000000004,1.2494487812776727,0.46866303838651396,1.0,0.0,0.0,,0.0,0.0,0.0,0.0,,,,,
2024-08-01,-0.020624537552540012,-0.021506205220964247,-0.04262429355643871,0.018232211358312485,-0.27580657434795874,0.27999999999999936,2.771331160430043,0.7170791232360394,1.0,0.0,0.517633645181037,,0.0,0.0,0.0,0.0,,,,,
2024-08-02,-0.03601515411077916,-0.04676244281701614,-0.07270512508387661,0.019532928786913654,0.16487159583413735,0.40000000000000036,2.6658359124138635,0.7038410382100729,1.0,0.0,0.517633645181037,,0.0,0.0,0.0,0.0,,,,,
2024-08-05,-0.0070927028687268745,-0.03704371350092117,-0.07399081600516055,0.01951580265013734,0.45150927346075953,0.3900000000000001,2.5699100781912967,0.690685503031732,1.0,0.0,0.517633645181037,,0.0,0.0,0.0,0.0,,,,,
2024-08-06,0.0018784387651438195,-0.020827177174981948,-0.06691007828447315,0.019559328784095994,0.5087480035885106,0.25000000000000044,2.482139337162805,0.6776048067808432,1.0,0.0,0.517633645181037,,0.0,0.0,0.0,0.0,,,,,
2024-08-07,0.02750041096772904,-0.034353544799173186,-0.03521529332067086,0.020724472269472948,0.054595174757132714,0.1299999999999999,2.4013862583045054,0.6645912210511838,1.0,0.0,0.517633645181037,,0.0,0.0,0.0,0.0,,,,,
2024-08-08,0.012441840123365466,-0.0012871671232677073,-0.018884392907944303,0.020931707151265244,0.3412467818902587,-0.0,2.326724201785794,0.6516369694548095,0.8431452931039778,0.0,0.0,,0.0,0.0,0.0,0.0,,,,,
2024-08-09,0.008209384227066074,0.042937371214577524,-0.007453272596976923,0.021101882238382063,0.43776489635785065,-0.14000000000000012,2.2573895457890307,0.6387341952434037,0.7140127185118051,-0.28598728148819486,0.0,,0.0,0.0,0.0,0.0,,,,,
2024-08-12,0.03969719252017878,0.08972726660348318,0.03331883834853944,0.023181613464772665,0.2899366962105909,-0.1200000000000001,2.1927465202420424,0.6258749265973251,0.7463570321118386,-0.25364296788816143,0.0,,0.0,0.0,0.0,0.0,,,,,
2024-08-13,-0.020340525160136735,0.06750830267820263,0.014283030758567072,0.023356804981730362,0.5164443783096551,0.04999999999999982,2.132260894246755,0.6130510390616535,0.8391908377200709,-0.16080916227992914,0.0,,0.0,0.0,0.0,0.0,,,,,
2024-08-14,-0.01693242374853554,0.023075467961938045,0.0008507751525321794,0.022610267053685552,0.922636437058244,0.1299999999999999,2.0754799971229647,0.6002542145197953,0.7854499576163385,-0.2145500423836615,0.0,,0.0,0.0,0.0,0.0,,,,,
2024-08-15,0.015051191614116277,0.025684819452688856,0.018655516040148257,0.022979586443540673,0.6984396492086486,0.07000000000000028,2.022017346137132,0.5874758959848101,0.6188571356401563,-0.22428815746382147,0.0,,0.0,0.0,0.0,0.0,,,,,
2024-08-16,-0.020417930792056893,-0.0029424955664341113,0.0003572906739703896,0.022262275995594216,0.4314734852059243,0.04999999999999982,1.975006633477062,0.575078186493733,0.6985306562567605,-0.01548206225504467,0.0,,0.0,0.0,0.0,0.0,,,,,
2024-08-19,-0.028987536873252395,-0.07162722495986529,-0.025171810643199066,0.02305896038352796,1.088780753836216,0.040000000000000036,1.9305046852118977,0.5627173178995835,0.7083886021190958,-0.03796842999274275,0.0,,0.0,0.0,0.0,0.0,,,,,
2024-08-20,-0.007280461041748509,-0.05856716084147706,-0.03051730285094134,0.021636821589600463,1.0094736722307762,0.03000000000000025,1.8882946467349435,0.5503901774260741,0.6576155766049802,-0.1815752611150907,0.0,,0.0,0.0,0.0,0.0,,,,,
2024-08-21,-0.033915295396518275,-0.0755500324894598,-0.06045795805281795,0.022660833682218454,0.47063743519750734,0.040000000000000036,1.848186386780229,0.5380946260374413,0.71778765234997,-0.06766230526636852,0.0,,0.0,0.0,0.0,0.0,,,,,
2024-08-22,0.01310777915170025,-0.07749344495187582,-0.04362007900894671,0.022825115318832544,0.1809365628905435,0.06000000000000005,1.8100125441650612,0.5258298398742428,0.670194217143979,0.05133708150382266,0.0,,0.0,0.0,0.0,0.0,,,,,
2024-08-23,0.028087977286566534,-0.028987536873252395,-0.013744346520273787,0.023826415693710294,0.7659488942557524,0.08000000000000007,1.7736252850751626,0.5135967931204666,0.7287403968808112,0.030209740624050685,0.0,,0.0,0.0,0.0,0.0,,,,,
2024-08-26,0.0334618172681731,0.0334618172681731,0.018991563477356088,0.024790400434239124,0.15137989543710928,0.040000000000000036,1.7388936272744957,0.5013989483773721,0.706724736981899,-0.0016638651371968516,0.0,,0.0,0.0,0.0,0.0,,,,,
2024-08-27,-0.02453318652387182,0.01620909178604979,-0.005757775868906023,0.025217595888915968,-0.07752141693382342,-0.010000000000000231,1.70570122054799,0.48924325716420153,0.803208407838383,0.14559283123340283,0.0,,0.0,0.0,0.0,0.0,,,,,
2024-08-28,-0.013290543680956723,0.03683384350161134,-0.01654860625860799,0.0234543462538394,-0.033482829791520174,-0.04999999999999982,1.6739444973909103,0.47714163368760293,0.6988584621610175,-0.01892919018895245,0.0,,0.0,0.0,0.0,0.0,,,,,
2024-08-29,0.018505679360065308,0.0422317437099764,0.002500275547081543,0.023494881164624875,0.10566954281782115,-0.010000000000000231,1.6435311266902657,0.4651131682002475,0.4359271332863749,-0.23426708385760409,0.0,,0.0,0.0,0.0,0.0,,,,,
2024-08-30,-0.03143833077821068,-0.017294564354800812,-0.028623693952134488,0.023150970892472495,-0.7134053517339423,-0.10000000000000009,1.614378717492523,0.45318752806598406,-0.045321285154796415,-0.7740616820356075,0.0,,0.0,0.0,0.0,0.0,,,,,
2024-09-02,0.0,-0.05075638162297391,-0.02866396781657521,0.02309593174317835,-0.7134053517339423,-0.10000000000000009,2.1946144353493784,-2.678242944931753,-0.045321285154796415,-0.7740616820356075,-0.7954414557895362,,0.0,0.0,0.0,0.0,,,,,
2024-09-03,-0.04445176257083361,-0.0706749576699357,-0.07083949418505053,0.025135273261619625,-0.7499146612049756,-0.009999999999999787,2.141848499144742,-2.708582665248533,0.16882700462426534,-0.6343814032141176,-0.7954414557895362,,0.0,0.0,0.0,0.0,,,,,
2024-09-04,-0.01655034594367777,-0.07393475993265675,-0.08291106608080057,0.024305008482963374,-0.5087194397112915,0.06999999999999984,2.092276120737111,-2.739853509794143,0.36472267865169206,-0.3341357835093255,-0.7954414557895362,,0.0,0.0,0.0,0.0,,,,,
2024-09-05,-0.00028530670664306257,-0.09272574599936512,-0.07808124139801453,0.024003414538756686,-0.17998368693310507,0.14000000000000012,2.0456050630868425,-2.7721053967164297,0.43518965967944667,-0.0007374736069282184,-0.7954414557895362,,0.0,0.0,0.0,0.0,,,,,
2024-09-06,-0.02177918347745944,-0.08306659869861388,-0.093245865100819,0.024063836688011476,-0.14134339168550003,0.18999999999999995,2.0015827502913397,-2.8053920847303475,0.5745151979922035,0.6198364831469999,-0.7954414557895362,,0.0,0.0,0.0,0.0,,,,,
2024-09-09,0.015481753191040504,-0.06758484550757338,-0.06993878016866617,0.02214360518092278,-0.14134339168550003,0.18999999999999995,1.9599900224344546,-2.8397715620201303,0.4823120479489901,0.6198364831469999,0.0,,0.0,0.0,0.0,0.0,,,,,
2024-09-10,-0.04282807331029925,-0.06596115624703902,-0.10381714433034439,0.02335055856169142,-0.1840674175422663,0.18999999999999995,1.9206361104125704,-2.8753064844091822,0.48848538240810957,0.3196583777838442,0.0,,0.0,0.0,0.0,0.0,,,,,
2024-09-11,0.022522807149553792,-0.02688800315380746,-0.07431738957707612,0.024288488615424684,-0.21303618186923057,0.1200000000000001,1.8833545683648352,-2.912064670350191,0.4516573254102342,0.08693464675854212,0.0,,0.0,0.0,0.0,0.0,,,,,
2024-09-12,0.023745143423968607,-0.0028575530231957913,-0.04402999613988445,0.024776380544700233,0.00898301638256882,0.04999999999999982,1.8479999662089266,-2.9501196616564727,0.6169751913770174,0.18178553169757072,0.0,,0.0,0.0,0.0,0.0,,,,,
2024-09-13,-0.004301698632279027,0.014619931821984622,-0.04259525636692807,0.024562498727985358,0.6889846537648014,0.06000000000000005,1.814445192467485,-2.9895513605519484,0.6806842512235087,0.10616905323130521,0.0,,0.0,0.0,0.0,0.0,,,,,
2024-09-16,0.02146645795243618,0.020604636583380298,-0.017915059750543527,0.02463962816071373,0.9925388459168905,0.07000000000000028,1.7767830959400674,-2.8634026122795393,0.6901883658588821,0.20787631790989203,0.0,,0.0,0.0,0.0,0.0,,,,,
2024-09-17,0.01479853894517369,0.07823124883885324,-0.0010067321407651875,0.02494060739121878,1.1413975290857192,-0.0,1.740826119102794,-2.7501922497972293,0.549285597347467,0.06080021493935739,0.0,,0.0,0.0,0.0,0.0,,,,,
2024-09-18,-0.0040269442740168415,0.05168149741528261,-0.004418305306304049,0.023804094732155417,0.9884716319392917,-0.050000000000000266,1.706448696121088,-2.6477929040740285,0.42704891727746985,-0.024608408132764326,0.0,,0.0,0.0,0.0,0.0,,,,,
2024-09-19,0.01368086010006575,0.04161721409137975,0.009849271854822206,0.023821821649097942,0.9281106284347862,-0.04999999999999982,1.6735388885259812,-2.5545381652297565,0.5531425014141089,-0.06383268996290847,0.0,,0.0,0.0,0.0,0.0,,,,,
2024-09-20,-0.0019233417111941264,0.04399557101246465,0.010013213154575595,0.02284572867261654,0.20541678893857274,-0.06999999999999984,1.6419966589326616,-2.469101540652872,0.48630228383043983,-0.1943819673930689,0.0,,0.0,0.0,0.0,0.0,,,,,
2024-09-23,-0.019299453579276538,0.003229659480751934,-0.004560893871379257,0.02153326893928477,0.055392040665824815,-0.1200000000000001,1.6117324204258678,-2.3904121429742373,0.47953079714812963,-0.21065756871075247,0.0,,0.0,0.0,0.0,0.0,,,,,
2024-09-24,0.014060230234004933,0.0024913507695831782,0.012295012078051393,0.021393587988117215,0.38979269442966924,-0.0900000000000003,1.5826658134036802,-2.3175946204431552,0.4843561748769458,-0.06492942247052114,0.0,,0.0,0.0,0.0,0.0,,,,,
2024-09-25,-0.02689991279704529,-0.02038161775344527,-0.011128756547762464,0.021954064218376052,0.09632960354322151,-0.08999999999999986,1.5547246715482617,-2.249925498599609,0.43344377062890094,0.006394853351431085,0.0,,0.0,0.0,0.0,0.0,,,,,
2024-09-26,-0.030860415800666452,-0.06492289365417747,-0.03604472341916054,0.022127007762282047,0.18745996691008626,-0.06000000000000005,1.5278441463169727,-2.1868008835715878,0.3884383045574809,-0.16470419685662802,0.0,,0.0,0.0,0.0,0.0,,,,,
2024-09-27,0.006423379749760372,-0.05657617219322297,-0.025569980266530123,0.021440044550266043,0.24224662535048402,-0.020000000000000018,1.5019659654489055,-2.1277121895691855,0.522963766286455,0.03666148245601519,0.0,,0.0,0.0,0.0,0.0,,,,,
2024-09-30,0.00043645887068066713,-0.03684025974326577,-0.021103980936514333,0.021444606946306587,0.11850419541086232,-0.06000000000000005,1.4770378058538696,-2.0722276357409513,0.522963766286455,0.03666148245601519,0.0,,0.0,0.0,0.0,0.0,,,,,
2024-10-01,0.023858561984360982,-0.02704192799290972,0.0033686052794221766,0.020063094385341138,-0.4614910867826172,-0.0,0.9775256233952995,-0.06462261035074156,0.40921754091557555,-0.07513863396137027,0.2057065994637397,,0.0,0.0,0.0,0.0,,,,,
2024-10-02,0.004675885246292921,0.00453387005042849,0.007597203197791558,0.019734442930855897,-0.10515073939003639,-0.0,0.9624216152662629,-0.05548302063539377,0.20232779757344585,-0.2311159730554551,0.2057065994637397,,0.0,0.0,0.0,0.0,,,,,
2024-10-03,0.04950345495986763,0.08489774081096257,0.054163932746411625,0.02257332073060994,-0.8599379741242252,-0.06000000000000005,0.947594575558523,-0.0462602111000452,0.07948130888325343,-0.30895699567422746,0.2057065994637397,,0.0,0.0,0.0,0.0,,,,,
2024-10-04,0.008039705639016681,0.08651406670021888,0.05777596851835565,0.021827369727183004,-0.915357882142942,-0.22999999999999998,0.9330371821493701,-0.03694981956695247,-0.43952066041761273,-0.9624844267040678,0.2057065994637397,,0.0,0.0,0.0,0.0,,,,,
2024-10-07,0.03707281577596433,0.12315042360550255,0.08934156129800197,0.022909951192300316,-0.9380276766397522,-0.2200000000000002,0.9187430899669387,-0.02754727182597079,-0.5170880910815754,-0.9624844267040678,0.2057065994637397,,0.0,0.0,0.0,0.0,,,,,
2024-10-08,-0.046054711403249904,0.05323715021789166,0.03794095880308035,0.02327666898232941,-0.8007356512263586,-0.2999999999999998,0.9047069703965552,-0.018047765602200453,-0.6672735230848984,-1.076491064000474,0.0,,0.0,0.0,0.0,0.0,,,,,
2024-10-09,-0.005536439771544721,0.04302482520005402,0.02846159028591977,0.02303118671921752,-1.0773004399024622,-0.2699999999999996,0.8909245682187901,-0.008446253088658612,-0.6498819082176822,-0.8522097057911281,0.0,,0.0,0.0,0.0,0.0,,,,,
2024-10-10,0.03473171929087737,0.028253089531063758,0.05870105203783549,0.0236510401983576,-0.7987245301126711,-0.23999999999999977,0.8773927792381458,0.0012625781141621531,-0.6175228019553698,-0.6970041108386232,0.0,,0.0,0.0,0.0,0.0,,,,,
2024-10-11,-0.004588065988966328,0.01562531790308075,0.049635046877742006,0.02365673027273212,-0.6224855731113754,-0.10000000000000009,0.8641097527224966,0.011084325830373047,-0.7195701312191751,-0.2800494708015624,0.0,,0.0,0.0,0.0,0.0,,,,,
2024-10-14,0.0,-0.02144749787288358,0.04623043060423626,0.023330100936823906,-0.6224855731113754,-0.10000000000000009,0.8510750240267515,0.02102489611436019,-0.7195701312191751,-0.2800494708015624,0.0,,0.0,0.0,0.0,0.0,,,,,
2024-10-15,-0.06640598442966805,-0.04179877089930173,-0.019519943930194295,0.02786770282167685,-0.6928767960868276,0.009999999999999787,0.8382896844276319,0.031090528258992813,-0.7375378437632255,-0.07026432067832711,0.0,,0.0,0.0,0.0,0.0,,,,,
2024-10-16,-0.0035164253127399903,-0.039778756440497,-0.022406285295761386,0.02786468590251223,-0.8474790062995341,0.040000000000000036,0.8242915282377623,0.03586540691717436,-0.6809873130797189,-0.031105404862036723,0.0,,0.0,0.0,0.0,0.0,,,,,
2024-10-17,0.00407790764079774,-0.07043256809057663,-0.017218146084827524,0.027687280871358192,-0.8262717199953418,-0.0,0.8104578963894918,0.04065574972854958,-0.826766917136309,-0.20924411518093922,0.0,,0.0,0.0,0.0,0.0,,,,,
2024-10-18,-0.020987724419061493,-0.0868322265206718,-0.03614241979835864,0.02804264230210845,-0.7627225454441833,-0.0,0.7967815590091816,0.045461991810797936,-0.9353742065338029,-0.21580407531462775,0.0,,0.0,0.0,0.0,0.0,,,,,
2024-10-21,0.01958342703900584,-0.06724879948166596,-0.01643968608473756,0.028132505603567448,-0.7627225454441833,-0.0,0.7832556640485752,0.05028457573021738,-1.0,-0.21580407531462775,0.0,,0.0,0.0,0.0,0.0,,,,,
2024-10-22,0.023334392061773457,0.022491577009775554,0.006550304560263065,0.028453133924841455,-0.727295397061356,-0.16999999999999993,0.769873737276365,0.055123951756337775,-1.0,-0.2624621562367745,0.0,,0.0,0.0,0.0,0.0,,,,,
2024-10-23,-0.020387641876431495,0.0056203604460840495,-0.014507352278971375,0.02816070447240191,-0.6210282956824242,-0.22000000000000064,0.7566296878521889,0.05998057812515591,-1.0,-0.31901268692028106,0.0,,0.0,0.0,0.0,0.0,,,,,
2024-10-24,-0.011130794735851879,-0.00958834193056557,-0.027294643030868038,0.027331405108893973,-0.32269188685720707,-0.1200000000000001,0.7435178204314876,0.0648549213113872,-1.0,-0.173233082863691,0.0,,0.0,0.0,0.0,0.0,,,,,
2024-10-25,0.020197039973605335,0.03159642246210126,-0.009442782084499335,0.027629743034803735,-0.558431549768601,-0.16999999999999993,0.7305328550564179,0.0697474563101352,-1.0,-0.06462579346619712,0.0,,0.0,0.0,0.0,0.0,,,,,
2024-10-28,-0.06259650360393199,-0.05058350818083657,-0.07123281659193648,0.031220584063142744,-0.26663838805485174,-0.08999999999999986,0.7176699564875266,0.07465866692841867,-1.0,0.0,0.0,,0.0,0.0,0.0,0.0,,,,,
2024-10-29,-0.002516096939030099,-0.07643399718164012,-0.0716237114883036,0.030676195514047808,-0.3621071177961399,-0.08000000000000007,0.7049247751578043,0.07958904608699932,-1.0,0.0,0.0,,0.0,0.0,0.0,0.0,,,,,
2024-10-30,0.020970047691348803,-0.035076307613859825,-0.04934316987654341,0.03108004202952245,-0.0980006111003684,-0.04999999999999982,0.6922935026325359,0.08453909613299039,-1.0,0.0,0.0,,0.0,0.0,0.0,0.0,,,,,
2024-10-31,0.00967586435467993,-0.014269648523328016,-0.03636543207119303,0.02884873622813633,-0.22977575781426562,-0.07000000000000028,0.679772945403651,0.08950932916374353,-1.0,0.0,0.0,,0.0,0.0,0.0,0.0,,,,,
2024-11-01,0.003300096258514351,-0.031166592238419,-0.029526481892983014,0.028770025931779932,-0.15817286665247288,-0.1200000000000001,0.1159562602476158,-1.785580689552932,-0.6869581407194283,0.3130418592805717,-0.5632052637729701,,0.0,0.0,0.0,0.0,,,,,
2024-11-04,0.028524950104399593,0.05995486146991258,0.002964715414689678,0.02819266418474265,0.1741079870136053,-0.02999999999999936,0.10027342118630861,-1.7455229419285623,-0.43465190949159044,0.5653480905084096,-0.5632052637729701,,0.0,0.0,0.0,0.0,,,,,
2024-11-05,0.005968509632784169,0.06843946804172685,0.010298311198946308,0.02645118618489385,0.24667390670599643,0.020000000000000462,0.08410918892179217,-1.7072408062489666,-0.49636600090324473,0.5036339990967553,-0.5632052637729701,,0.0,0.0,0.0,0.0,,,,,
2024-11-06,-0.0038824230686094197,0.043586997281768625,0.007698273446662185,0.02644004117237267,-0.7116114771186011,-0.1299999999999999,0.06740963822553811,-1.6705924252130284,-0.6417703134115232,0.35822968658847676,-0.5632052637729701,,0.0,0.0,0.0,0.0,,,,,
2024-11-07,0.00981552084565962,0.043726653772748314,0.020041989530907856,0.025212305589900567,0.019070696192591274,-0.02999999999999936,0.05011260949097029,-1.6354511873727893,-0.5202021323413255,0.4797978676586745,-0.5632052637729701,,0.0,0.0,0.0,0.0,,,,,
2024-11-08,-0.027899703313681634,0.012526854200552329,-0.004163936677951341,0.0258435021282155,-0.6197539252417394,0.07000000000000028,0.032145938406858164,-1.6017036707995609,-0.6868209669416464,0.0001371737777818849,0.0,,0.0,0.0,0.0,0.0,,,,,
2024-11-11,0.0,-0.015998095903847265,-0.0004701595731297914,0.0258435021282155,-0.6197539252417394,0.07000000000000028,0.013425192574829055,-1.5692479159461428,-0.6868209669416464,0.0001371737777818849,0.0,,0.0,0.0,0.0,0.0,,,,,
2024-11-12,-0.03249279521845594,-0.05445940075508737,-0.030964837147325674,0.022394668913783524,-1.7847795159016355,-0.16999999999999993,-0.006149257265216414,-1.5379919671292397,-0.8323565725403392,-0.3359905716370945,0.0,,0.0,0.0,0.0,0.0,,,,,
2024-11-13,0.004810855550242188,-0.045766122136235765,-0.024572227995970586,0.022442314822040996,-0.9973469314696892,-0.020000000000000462,-0.02669607755011499,-1.507852634567842,-0.7080534163621391,-0.0662831029506159,0.0,,0.0,0.0,0.0,0.0,,,,,
2024-11-14,0.003339386043368364,-0.05224225693852702,-0.01961416227161905,0.022433118111845524,-1.784411941494679,-0.1200000000000001,-0.0483580818414386,-1.4787544385738904,-0.7679996012603495,-0.247797468919024,0.0,,0.0,0.0,0.0,0.0,,,,,
2024-11-15,-0.02435566400082756,-0.048698217625672946,-0.04218274961237434,0.022598200192917167,-1.0381339230186581,-0.1299999999999999,-0.07130914207780478,-1.4506287050083062,-0.7093107525076936,-0.022489785566047193,0.0,,0.0,0.0,0.0,0.0,,,,,
2024-11-18,0.031145144758737864,-0.017553072866935082,-0.009828614079551379,0.023310313394693534,-1.0381339230186581,-0.1299999999999999,-0.08220146754160125,-1.4240155852466705,-0.520791044519485,-0.022489785566047193,0.0,,0.0,0.0,0.0,0.0,,,,,
2024-11-19,0.00416637338554704,0.019106095737067896,-0.0034948489861070797,0.022632289174679836,0.29721667000588425,0.040000000000000036,-0.09326903730642118,-1.3982275654588758,-0.45506760072397806,0.3772889718163612,0.0,,0.0,0.0,0.0,0.0,,,,,
2024-11-20,-0.007194275634026859,0.00710096455279885,-0.009181401224357622,0.022262522853917464,0.06080789431399669,0.03000000000000025,-0.10452170967184794,-1.3732148361851333,-0.4463031741908053,0.26175024217133386,0.0,,0.0,0.0,0.0,0.0,,,,,
2024-11-21,0.016328062552592115,0.0200896410620226,0.0072814418595879005,0.022483433513780567,-0.08125888276910853,-0.0,-0.11597002879732778,-1.348931578418019,-0.49150378758517294,0.27649581367517656,0.0,,0.0,0.0,0.0,0.0,,,,,
2024-11-22,0.018160561046634882,0.06260586610948504,0.025678607383926355,0.02239092873757448,-0.46215149489929885,0.019999999999999574,-0.12762529114173374,-1.3253355554878683,-0.4626241938214239,0.2466865586862697,0.0,,0.0,0.0,0.0,0.0,,,,,
2024-11-25,-0.03218081931518224,-0.0007200979644350625,-0.007786391667990777,0.018653545246362195,-0.30828288094024714,0.15000000000000036,-0.13949961991050736,-1.3023877546857814,-0.1601697979979126,0.3606212465215724,0.0,,0.0,0.0,0.0,0.0,,,,,
2024-11-26,-0.00520006949619134,-0.010086540846173442,-0.014136442273058769,0.018691939516345304,-0.8154310859070479,0.08999999999999986,-0.15160604868466077,-1.2800520715981272,-0.17657741707080818,0.2784901836531699,0.0,,0.0,0.0,0.0,0.0,,,,,
2024-11-27,-0.00028968713991694983,-0.003181952352063533,-0.014513123780289128,0.018100628433187035,0.04689470365699666,0.16000000000000014,-0.16395861560957384,-1.258295031247121,-0.07042506227776157,0.3758781119130437,0.0,,0.0,0.0,0.0,0.0,,,,,
2024-11-28,0.0,-0.019510014904655648,-0.01411632492986925,0.017959607114862972,0.04689470365699666,0.16000000000000014,-0.17657246976633187,-1.2370855410542732,-0.07042506227776157,0.3758781119130437,0.0,,0.0,0.0,0.0,0.0,,,,,
2024-11-29,-0.011217249236823434,-0.048887825188113965,-0.024210908041505164,0.018095186498349698,0.6992952133501484,0.23000000000000043,-0.18946399164373537,-1.2163946714056977,0.14109463542492387,0.6037188292463478,0.0,,0.0,0.0,0.0,0.0,,,,,
2024-12-02,0.0013176196913979865,-0.015389386181533737,-0.020410255704269353,0.016719420820916025,-0.10425623726326716,0.07999999999999918,-1.009663721847737,-2.4913354872411966,-0.0,0.1601697979979126,1.2837943264245588,,0.0,0.0,0.0,0.0,,,,,
2024-12-03,0.025994243378510973,0.015804926693168575,0.007065733632793503,0.01781589592031671,0.3716547346349075,0.0699999999999994,-1.02003625081954,-2.407570311177449,0.03585878415259678,0.21243620122340495,1.2837943264245588,,0.0,0.0,0.0,0.0,,,,,
2024-12-04,-0.019286723334081657,-0.003192109500996132,-0.009969028729464036,0.01825276640438886,0.04975536289479887,0.05999999999999961,-1.0305868084015204,-2.330301389147343,0.2542336921812468,0.3246587544590084,1.2837943264245588,,0.0,0.0,0.0,0.0,,,,,
2024-12-05,-0.0033481361796141584,-0.0065402456806102904,-0.010407021085988788,0.018030704128772657,0.04975536289479887,0.05999999999999961,-1.041321343728715,-2.2586910934537476,0.11024266933287297,0.3246587544590084,1.2837943264245588,,0.0,0.0,0.0,0.0,,,,,
2024-12-06,0.0,0.004677003556213144,-0.008891862428584751,0.01704806011112029,-0.0854796736920127,0.02999999999999936,-1.052246088748274,-2.192045770140983,0.300407681609464,0.15931304618454015,1.2837943264245588,,0.0,0.0,0.0,0.0,,,,,
2024-12-09,0.0010201851792057681,0.004379569044020926,-0.006407527850934791,0.017054357278108046,0.41619732047901703,-0.009999999999999787,-1.0633675758409664,-2.129785353432945,0.300407681609464,0.15931304618454015,0.0,,0.0,0.0,0.0,0.0,,,,,
2024-12-10,0.002909092960684312,-0.018705581373805735,-0.0038043799007629886,0.015423588640017916,-0.0003938356838650847,0.010000000000000675,-1.0746926568063273,-2.071420472053795,0.3739159633037871,0.3380571791511903,0.0,,0.0,0.0,0.0,0.0,,,,,
2024-12-11,0.02467489983807436,0.02525604179835028,0.019571372712405832,0.01634122550940706,-0.07171178960754254,-0.0699999999999994,-1.0862285233380018,-2.016534957120145,0.2416273506742529,-0.012606341506993912,0.0,,0.0,0.0,0.0,0.0,,,,,
2024-12-12,-0.004544816798883744,0.024059361179080696,0.014121618830730931,0.016384457783278544,-0.41683606399185447,-0.15000000000000036,-1.0979827291297894,-1.9647723067199439,0.33104111234851974,0.22079844301564677,0.0,,0.0,0.0,0.0,0.0,,,,,
2024-12-13,0.018196425617016843,0.04225578679609754,0.029285502884063952,0.015679222376444445,-0.49065420560747697,-0.25,-1.1099632137682556,-1.9158250907466723,0.12835979558616917,-0.17204788602329485,0.0,,0.0,0.0,0.0,0.0,,,,,
2024-12-16,-0.007154410821152979,0.03408119079573879,0.021013528278221116,0.01434726274072672,-0.5297077918230864,-0.1899999999999995,-1.1183092013037934,-1.8702165243907458,0.08864445867656126,-0.17204788602329485,0.0,,0.0,0.0,0.0,0.0,,,,,
2024-12-17,-0.01018828679864825,0.02098381103640623,0.010425410704092641,0.01454441332220898,-0.4310908417810788,-0.1800000000000006,-1.1267661497515542,-1.8268685532379954,0.04697432123323981,-0.3269416420705473,0.0,,0.0,0.0,0.0,0.0,,,,,
2024-12-18,0.006944964488603489,0.003253875686935359,0.016263582411085054,0.014499422196217701,-0.6255503621254821,-0.2400000000000002,-1.1353368812909477,-1.7855848346833871,-0.09884980524163782,-0.34047715591589073,0.0,,0.0,0.0,0.0,0.0,,,,,
2024-12-19,-0.009936206659129532,-0.0021375141733104286,0.006533796430931105,0.014235245044024724,-1.3240849556852785,-0.25,-1.1440243199301456,-1.7461921007557903,0.05180924671696572,-0.279231865631554,0.0,,0.0,0.0,0.0,0.0,,,,,
2024-12-20,-0.005579014542236749,-0.02591295433256402,0.0023481813471120105,0.013598649705526824,-0.4582529518590839,-0.11999999999999922,-1.152831496302801,-1.708536778227133,0.1952366578001246,0.06687686221395545,0.0,,0.0,0.0,0.0,0.0,,,,,
2024-12-23,-0.0030170269275613393,-0.02177557043897238,-0.0007336357414127193,0.011529793917588958,-0.8119828363140291,-0.20000000000000018,-1.1617615527443717,-1.6724821958282625,-0.26539956992086156,-0.3540440285974228,0.0,,0.0,0.0,0.0,0.0,,,,,
2024-12-24,0.019520460251418292,0.007933176611094162,0.01748600786166321,0.01223892825065374,-0.6536250149995038,-0.1899999999999995,-1.1708177486675344,-1.6379062617337656,-0.257453899780908,-0.3044282210141478,0.0,,0.0,0.0,0.0,0.0,,,,,
2024-12-25,0.0,0.0009882121224906726,0.01617070685632438,0.012237118158095323,-0.6536250149995038,-0.1899999999999995,-1.1800034662577727,-1.6046995205282624,-0.257453899780908,-0.3044282210141478,0.0,,0.0,0.0,0.0,0.0,,,,,
2024-12-26,-0.006938080928725832,0.003986337852894373,0.008264228968695164,0.012373944620078799,0.23609143898392082,-0.009999999999999787,-1.1893222165119395,-1.5727635185241173,-0.257453899780908,-0.3044282210141478,0.0,,0.0,0.0,0.0,0.0,,,,,
2024-12-27,0.012706651269115632,0.022272003664246753,0.018806288253611747,0.012290035745799753,-0.4355203177656142,-0.10000000000000053,-1.1987776456445318,-1.5420094212697537,-0.7234279629799679,-0.9186646207800926,0.0,,0.0,0.0,0.0,0.0,,,,,
2024-12-30,0.006293286975789236,0.03158231756759733,0.022686199880981306,0.012322306455005283,-0.4040463873935085,0.040000000000000036,-1.2083735418883828,-1.5123568385848984,-0.28640215969151045,-0.021002589770648894,0.0,,0.0,0.0,0.0,0.0,,,,,
2024-12-31,0.009849562876868667,0.021911420193047704,0.030929621434513166,0.011171280149823314,-0.7322867715410242,0.009999999999999787,-1.2181138427189355,-1.4837328213606389,-0.3344709853338459,-0.0770170855529379,0.0,,0.0,0.0,0.0,0.0,,,,,
2025-01-01,0.0,0.021911420193047704,0.028359143944471477,0.010048884502219333,-0.7322867715410242,0.009999999999999787,-1.9324414434575017,1.1835617383058652,-0.3344709853338459,-0.0770170855529379,1.1231493156752315,,0.0,0.0,0.0,0.0,,,,,
2025-01-02,0.018464588055063125,0.04731408917683666,0.04316261829776025,0.010544204022753426,-0.8781068611400489,0.009999999999999787,-1.9214284491437157,1.1802320236254635,-0.4360826943349782,-0.0770170855529379,1.1231493156752315,,0.0,0.0,0.0,0.0,,,,,
2025-01-03,0.011453335468813108,0.046060773376534137,0.05038217329135808,0.010645435277884327,-0.7812378357337613,0.020000000000000462,-1.9105611047036601,1.1769183513555623,-0.8151322229547666,-0.0917042599747987,1.1231493156752315,,0.0,0.0,0.0,0.0,,,,,
2025-01-06,-0.0044310243697101015,0.0353364620310348,0.04198992892387743,0.010800697874269299,0.21929739443644625,-0.07000000000000028,-1.8998360486269938,1.1736205735690124,-0.6819728271934863,-0.39557066750197584,1.1231493156752315,,0.0,0.0,0.0,0.0,,,,,
2025-01-07,0.009109239143919368,0.0345961382980855,0.04682794076086516,0.010857739068822226,0.5140105586819099,-0.08999999999999986,-1.889250027453943,1.1703385442368206,-0.7109167533093952,-0.3764457679755493,1.1231493156752315,,0.0,0.0,0.0,0.0,,,,,
2025-01-08,-0.013424822375838197,0.021171315922247302,0.031036877188791223,0.010423102720258214,0.5140105586819099,-0.08999999999999986,-1.8787998913412505,1.167072119196769,-0.6555672262219459,-0.3764457679755493,0.0,,0.0,0.0,0.0,0.0,,,,,
2025-01-09,0.0,0.0027067278671841777,0.028443395152610407,0.010313465757838695,0.13679922261582433,-0.10999999999999943,-1.8684825898487214,1.1638211561226712,-0.4817105585372188,-0.045627864202240576,0.0,,0.0,0.0,0.0,0.0,,,,,
2025-01-10,0.043375833008032494,0.03462922540640356,0.06796677575491117,0.01339487749182804,-0.31895622752571295,-0.16999999999999993,-1.8582951679335,1.1605855144942399,-0.8387995759765557,-0.023667353021789128,0.0,,0.0,0.0,0.0,0.0,,,,,
2025-01-13,0.0293313554439516,0.06839160522006527,0.09162139047987683,0.014272710476066354,-1.1695374130607172,-0.16999999999999993,-1.8482347621400446,1.1573650555675628,-0.851509437254918,-0.16953661006143173,0.0,,0.0,0.0,0.0,0.0,,,,,
2025-01-14,-0.01736748983817815,0.041914876237967746,0.06893612007468963,0.014774187017193161,-0.5972957632587761,-0.11000000000000032,-1.8382985969746548,1.1541596423461646,-0.7001960735129017,0.010720679796493493,0.0,,0.0,0.0,0.0,0.0,,,,,
2025-01-15,0.03184060585565884,0.08718030446946479,0.09421416329498555,0.015922639169276588,-0.10125621230492321,0.009999999999999787,-1.8284839814540226,1.150969139552645,0.48345925194092815,1.139026478162874,0.0,,0.0,0.0,0.0,0.0,,,,,
2025-01-16,-0.017241806434506124,0.06993849803495866,0.07077507421388596,0.016397766750002693,-0.11857735025646576,0.0699999999999994,-1.7865263599487424,1.1520121547564321,0.5663880111264935,1.0480985696637122,0.0,,0.0,0.0,0.0,0.0,,,,,
2025-01-17,-0.010005782926207907,0.016556882100718262,0.05479334706028194,0.016593795095762642,0.29299341477088126,0.15999999999999925,-1.7465012856073094,1.153056804480861,0.1937209873750148,1.0325205633515706,0.0,,0.0,0.0,0.0,0.0,,,,,
2025-01-20,0.0,-0.012774473343233339,0.04866655148650967,0.016521293970229275,0.29299341477088126,0.15999999999999925,-1.7082495396081732,1.1541030936258543,0.1937209873750148,1.0325205633515706,0.0,,0.0,0.0,0.0,0.0,,,,,
2025-01-21,-0.022788240703757623,-0.01819522420881281,0.02186695025673746,0.01740129713128177,0.7467081770767381,0.20999999999999996,-1.6716295595098802,1.1551510271119227,-0.0,0.7001960735129017,0.0,,0.0,0.0,0.0,0.0,,,,,
2025-01-22,-0.008763380914503571,-0.058799210978975225,0.009530377861945105,0.01761662023043152,0.6725527284434873,0.0600000000000005,-1.6365149857390742,1.1562006098802777,-0.0,0.7001960735129017,0.0,,0.0,0.0,0.0,0.0,,,,,
2025-01-23,-0.014423008870311449,-0.05598041341478055,-0.008091576091576513,0.017928419119859654,0.9423962421583054,-0.040000000000000036,-1.6027926124220988,1.1572518468929436,0.06960166843530242,-0.4967863426911911,0.0,,0.0,0.0,0.0,0.0,,,,,
2025-01-24,-0.000800000042667115,-0.04677463053123976,-0.011415188651865193,0.017805394857102037,1.5637223821280855,-0.019999999999999574,-1.57036066603273,1.1583047431328697,0.2794258194867746,0.08570483211175978,0.0,,0.0,0.0,0.0,0.0,,,,,
2025-01-27,-0.01966658212897432,-0.06644121266021408,-0.032307389843221124,0.018450657080105626,1.5637223821280855,-0.019999999999999574,-1.5391273515729111,1.1593593036040475,0.48899518410185705,0.08570483211175978,0.0,,0.0,0.0,0.0,0.0,,,,,
2025-01-28,0.008668617197945316,-0.03498435475851114,-0.024805344423712405,0.01842347511330547,0.10388186436018909,0.020000000000000462,-1.5090096184464912,1.1604155333316228,0.41913872923015877,0.41913872923015877,0.0,,0.0,0.0,0.0,0.0,,,,,
2025-01-29,-0.01645288320340743,-0.042673857047415,-0.04160215524538646,0.018840904137455355,-0.0012466865409344052,0.04999999999999982,-1.4799321077951333,1.161473437362013,0.41913872923015877,0.41913872923015877,0.0,,0.0,0.0,0.0,0.0,,,,,
2025-01-30,0.002191181375198248,-0.0260596668019053,-0.038941231154460354,0.01836247106571795,0.09031620029292808,0.13000000000000078,-1.4518262505437953,1.1625330207630231,0.4840387351858805,0.41443706675057806,0.0,,0.0,0.0,0.0,0.0,,,,,
2025-01-31,-0.0035631118963248554,-0.02882277865556304,-0.04128377796680205,0.01815512249602323,-0.801577893176808,0.04999999999999982,-1.424629491265113,1.1635942886239627,0.4139849111524538,0.1345590916656792,0.0,,0.0,0.0,0.0,0.0,,,,,
2025-02-03,0.009292223188023918,0.0001360266614351957,-0.031457152072680294,0.018286256381165763,-0.7945901045505188,-0.009999999999999787,-0.45058023945587133,0.2324704304376434,0.13926102865696133,-0.3497341554448957,-0.037016853595850385,,0.0,0.0,0.0,0.0,,,,,
2025-02-04,-0.006550241760717945,-0.015082832297228066,-0.036690017082069204,0.0181865852826318,0.13517126760870246,0.03000000000000025,-0.4424963518755188,0.24230909366287864,0.6327904304064815,0.21365170117632276,-0.037016853595850385,,0.0,0.0,0.0,0.0,,,,,
2025-02-05,-0.02284943277234408,-0.021479381866164715,-0.05775084258325869,0.018633421915714755,0.2857214095485672,0.1200000000000001,-0.434435841422536,0.2522995894788975,0.7646727983365096,0.21365170117632276,-0.037016853595850385,,0.0,0.0,0.0,0.0,,,,,
2025-02-06,-0.005900550977477437,-0.0295711142188404,-0.061567758740707745,0.01865031673707812,-0.0790785977248909,0.0699999999999994,-0.42639711034494265,0.26244878079876066,0.42195917827679974,-0.062079556909080735,-0.037016853595850385,,0.0,0.0,0.0,0.0,,,,,
2025-02-07,0.004919540458047322,-0.021088461864468222,-0.05264176883513283,0.015419381004034187,0.04171764625302554,0.08999999999999986,-0.4183785695439883,0.2727639339744627,0.7764698903796918,0.36248497922723805,-0.037016853595850385,,0.0,0.0,0.0,0.0,,,,,
2025-02-10,0.01957716117150987,-0.010803523880982269,-0.02857044850247359,0.014432071631497186,0.3646531225553584,0.03000000000000025,-0.4103786369779652,0.2832527510576152,0.8481867283619691,0.7089256997050077,0.0,,0.0,0.0,0.0,0.0,,,,,
2025-02-11,0.0128417065282731,0.008588424408008777,-0.012745042631372883,0.014593778341224184,-0.25283295461728805,-0.020000000000000462,-0.4023957360690291,0.2939234052671909,0.5641635036230654,-0.06862692678341609,0.0,,0.0,0.0,0.0,0.0,,,,,
2025-02-12,-0.026826011957790108,0.004611845222562749,-0.03365402435566356,0.013038856898500189,-0.27638188991452317,-0.1900000000000004,-0.3944282941091168,0.30478458004987835,-0.6250395391106053,-1.389712337447115,0.0,,0.0,0.0,0.0,0.0,,,,,
2025-02-13,-0.0008369368601242044,0.009675459339915982,-0.02939417446100734,0.012802805614731605,0.24071443670402592,-0.0699999999999994,-0.3864747406611451,0.31584551217317447,-0.5600763792600639,-0.9820355575368637,0.0,,0.0,0.0,0.0,0.0,,,,,
2025-02-14,-0.008548857333698479,-0.0037929384518298193,-0.03291909131954984,0.0127775238866928,0.9967359447851432,0.020000000000000462,-0.3785335059515519,0.327116039354863,0.07192617922450047,-0.7045437111551913,0.0,,0.0,0.0,0.0,0.0,,,,,
2025-02-17,0.0,-0.02337009962333969,-0.027895150844394756,0.0127775238866928,0.9967359447851432,0.020000000000000462,-0.3660113792180806,0.3198627914423009,0.07192617922450047,-0.7045437111551913,0.0,,0.0,0.0,0.0,0.0,,,,,
2025-02-18,0.016194685919980856,-0.020017120231631935,-0.008625670780446626,0.012897803835704451,0.8888736625238813,-0.009999999999999787,-0.3533728062938828,0.31261345399730345,-0.0,-0.5641635036230654,0.0,,0.0,0.0,0.0,0.0,,,,,
2025-02-19,0.005110861321833582,0.011919753047991755,-0.0011337274264615615,0.012948752709653072,0.4652891634613576,0.08999999999999986,-0.34060403917074217,0.30536681069025856,0.0717860985222103,0.6968256376328156,0.0,,0.0,0.0,0.0,0.0,,,,,
2025-02-20,0.0041248511667788534,0.016881541074894812,0.004444812770613815,0.012702779942729428,0.6102753002312111,0.019999999999999574,-0.3276901637594262,0.2981216387470724,0.07233164470143233,0.6324080239614962,0.0,,0.0,0.0,0.0,0.0,,,,,
2025-02-21,-0.030085834622314955,-0.004655436213721664,-0.02272304109242196,0.014220706166775237,0.006527769366837521,0.04999999999999982,-0.31461493087803744,0.29087670782767516,0.5911735749517373,0.5192473957272368,0.0,,0.0,0.0,0.0,0.0,,,,,
2025-02-24,0.004796172263493048,0.00014073604977138388,-0.016232025789273408,0.013748516446565018,0.006527769366837521,0.04999999999999982,-0.301360557743817,0.28363077888056676,0.2909122133067644,0.5192473957272368,0.0,,0.0,0.0,0.0,0.0,,,,,
2025-02-25,-0.027246532482113395,-0.04330048235232287,-0.03998795774772734,0.014640256345879649,-0.06646209539431513,0.25,-0.2879074934824383,0.27638260297070316,0.8319074653450108,0.8319074653450108,0.0,,0.0,0.0,0.0,0.0,,,,,
2025-02-26,-0.0040573885541608234,-0.05246873222831727,-0.04117452051069215,0.01432153893820175,0.3519095103251546,0.28000000000000025,-0.2742341404599112,0.26913092007789785,1.0,0.9282139014777897,0.0,,0.0,0.0,0.0,0.0,,,,,
2025-02-27,0.025092720943633573,-0.03150086245146255,-0.014356050754284588,0.015605557507568134,-0.6748347528097165,0.20999999999999996,-0.2603165210003809,0.26187445786277935,0.7062223777538211,0.6338907330523889,0.0,,0.0,0.0,0.0,0.0,,,,,
2025-02-28,-0.009246811742435135,-0.010661839571582732,-0.0215929286916392,0.015692288316596106,-0.896407762103113,0.17999999999999972,-0.24612787608533124,0.25461193039719293,1.0,0.4088264250482627,0.0,,0.0,0.0,0.0,0.0,,,,,
2025-03-03,-0.019336821837261375,-0.034794833672337155,-0.03748836447255588,0.015911286171245962,-0.4386278707561253,0.2400000000000002,2.1735147791877405,-0.14383300660581905,1.0,0.7090877866932356,-0.23174046295659778,,0.0,0.0,0.0,0.0,,,,,
2025-03-04,-0.0023340637875719494,-0.00988236497779571,-0.03659185110244145,0.015895851653188967,-0.48785006814513476,0.08000000000000007,2.161862695917127,-0.14850041089339147,1.0,0.1680925346549892,-0.23174046295659778,,0.0,0.0,0.0,0.0,,,,,
2025-03-05,-0.027991460986092953,-0.03381643740972784,-0.06109563352015979,0.01626711850628216,0.6113973517113958,-0.03000000000000025,2.150362926677014,-0.15318837757272288,0.8847127958203356,-0.11528720417966443,-0.23174046295659778,,0.0,0.0,0.0,0.0,,,,,
2025-03-06,0.0006006006186547452,-0.05830855773470667,-0.057332411912936365,0.016281314071975455,1.4538518282352864,-0.0,2.139012037902642,-0.15789736482537725,1.0,0.29377762224617887,-0.23174046295659778,,0.0,0.0,0.0,0.0,,,,,
2025-03-07,0.010006804434692818,-0.039054941557578715,-0.044417349688507635,0.01645306080928582,1.7922443395527732,-0.08000000000000007,2.127806703829018,-0.16262784000665587,1.0,0.0,-0.23174046295659778,,0.0,0.0,0.0,0.0,,,,,
2025-03-10,-0.014670921819449845,-0.034389041539767184,-0.05446760956867447,0.01575717151627439,1.1600782778865004,-0.05999999999999961,2.1167437021708855,-0.16738027993850002,1.0,0.0,0.0,,0.0,0.0,0.0,0.0,,,,,
2025-03-11,0.0031619389439505596,-0.028893038808244675,-0.046201020306224194,0.015335597218064016,1.5241811110607628,-0.0600000000000005,2.1058199100125847,-0.1721551712130057,1.0,0.0,0.0,,0.0,0.0,0.0,0.0,,,,,
2025-03-12,0.016844700292070414,0.01594312246991869,-0.026435205308146692,0.015188344187496925,0.5040156832985532,-0.040000000000000036,2.0950322998958266,-0.17695301050702789,1.0,0.11528720417966443,0.0,,0.0,0.0,0.0,0.0,,,,,
2025-03-13,-0.012344917688187351,0.002997604163076595,-0.03528360924892482,0.015322623054638588,0.084688037973224,0.020000000000000462,2.084377936094256,-0.1817743049083743,1.0,0.0,0.0,,0.0,0.0,0.0,0.0,,,,,
2025-03-14,0.009087585817880495,0.002078385546264272,-0.02358133184121325,0.015522740445823321,0.2279701606745066,0.010000000000000675,2.073853971064312,-0.18661957225411566,0.8958316646145092,-0.10416833538549075,0.0,,0.0,0.0,0.0,0.0,,,,,
2025-03-17,0.006061968737157031,0.022811276102871147,-0.015207769951083527,0.01563525772276954,0.7121360914879471,-0.08999999999999986,2.063457642062636,-0.1914893414815669,0.8958316646145092,-0.10416833538549075,0.0,,0.0,0.0,0.0,0.0,,,,,
2025-03-18,-0.005172552728332391,0.014476784430588197,-0.017000367594026677,0.01502215762988329,0.44245856859852495,-0.009999999999999787,2.026491813463874,-0.1839406530732196,0.9237578457847746,-0.0762421542152254,0.0,,0.0,0.0,0.0,0.0,,,,,
2025-03-19,-0.00133442083705404,-0.003702336698536257,-0.014632569237747362,0.01489905037821419,0.05227765313061683,0.07000000000000028,1.9910301608167966,-0.17636877609833865,1.0,0.0,0.0,,0.0,0.0,0.0,0.0,,,,,
2025-03-20,0.016918388090061853,0.025560969079712947,0.005348361199483342,0.015514704444904775,0.0143647259472246,0.02999999999999936,1.9569676155956477,-0.16877202501995778,1.0,0.0,0.0,,0.0,0.0,0.0,0.0,,,,,
2025-03-21,-0.00043773255240431297,0.01603565070942814,0.006490765890752925,0.014153474242437606,-0.4564251970258004,0.05999999999999961,1.9242091337154306,-0.1611486745635028,0.8826014281020991,-0.013230236512410176,0.0,,0.0,0.0,0.0,0.0,,,,,
2025-03-24,0.013625373860008949,0.023599055832280058,0.02125481691460962,0.014496366757964564,-0.6594942282290406,-0.03000000000000025,1.8926684959782714,-0.15349695716307632,0.3160137013229174,-0.013230236512410176,0.0,,0.0,0.0,0.0,0.0,,,,,
2025-03-25,0.0002878940569761568,0.029059502617588606,0.021304666808478423,0.013129428773267412,-0.45064069871223467,-0.019999999999999574,1.862267279563542,-0.14581506027074523,0.3803209760770727,-0.5434368697077019,0.0,,0.0,0.0,0.0,0.0,,,,,
2025-03-26,0.008170331410112475,0.03856425486475512,0.028625568057270456,0.01320337014453416,-0.34642124123414053,-0.09999999999999964,1.8329339724529217,-0.13810112351800996,0.240782584902658,-0.759217415097342,0.0,,0.0,0.0,0.0,0.0,,,,,
2025-03-27,0.003562526033602964,0.02520839280829623,0.03241517367505509,0.011939974779377307,-0.29971822042307306,-0.13999999999999968,1.8046032078816354,-0.1303532357177357,0.34017832734958703,-0.6598216726504129,0.0,,0.0,0.0,0.0,0.0,,,,,
2025-03-28,-0.007997757569114583,0.01764836779158596,0.0245820429814545,0.011893489634943476,-0.11942861170575192,-0.019999999999999574,1.7772151000429819,-0.12256943169383301,0.33313119162017163,-0.5494702364819275,0.0,,0.0,0.0,0.0,0.0,,,,,
2025-03-31,0.030084890232846995,0.03410788416442401,0.05236047448631087,0.01280004474226245,-0.4056401332534598,0.10999999999999943,1.750714665582747,-0.11474768892488482,0.22900294785412328,-0.08701075346879411,0.0,,0.0,0.0,0.0,0.0,,,,,
2025-04-01,-0.0036242024615029678,0.030195787645944883,0.04649432023051503,0.012827882527631822,-0.30169729519609056,0.13999999999999968,1.9892230470674983,-0.5867213893268596,0.28945462505529695,-0.09086635102177576,0.3021069769710616,,0.0,0.0,0.0,0.0,,,,,
2025-04-02,0.007096669316267956,0.029122125552100364,0.04959463123737162,0.01069797576075136,-0.11462620923916589,0.14999999999999947,1.9516227755846658,-0.5755716174641471,0.25478644069581724,0.014003855793159242,0.3021069769710616,,0.0,0.0,0.0,0.0,,,,,
2025-04-03,-0.06724137558862608,-0.041681776070128684,-0.018251003850303427,0.01920477448314778,1.2907300103036867,0.3200000000000003,1.91559646240477,-0.5644672737398524,0.7568657342013014,0.4166874068517144,0.3021069769710616,,0.0,0.0,0.0,0.0,,,,,
2025-04-04,-0.07720428590385708,-0.11088830440487119,-0.09169899473628096,0.025744817637495285,0.4792012574089122,0.2599999999999998,1.8810302873766775,-0.5534039677183317,0.9084042219580042,0.5752730303378326,0.3021069769710616,,0.0,0.0,0.0,0.0,,,,,
2025-04-07,-0.022192536285920106,-0.16316573092363829,-0.10975915528099733,0.025966632686297324,-0.09525876526645938,0.08000000000000007,1.847821655306516,-0.5423773117141317,0.4622249853688371,0.23322203751471382,0.3021069769710616,,0.0,0.0,0.0,0.0,,,,,
2025-04-08,-0.016682193791452526,-0.17622372225358784,-0.12131676669447611,0.02605223060901828,-0.3424717124692833,-0.08999999999999986,1.8158778084053728,-0.5313829110502044,0.6521346679061483,0.3626800428508513,0.0,,0.0,0.0,0.0,0.0,,,,,
2025-04-09,0.04223338977206037,-0.14108700179779543,-0.0752282290184425,0.02774276059372628,-0.19536148996961433,-0.13999999999999968,1.7851146429533113,-0.5204163540719401,0.2840844677454034,0.029298027049586173,0.0,,0.0,0.0,0.0,0.0,,,,,
2025-04-10,-0.03344467554446506,-0.10729030175363441,-0.10376276876611978,0.028474142016346394,-0.2865352484855421,-0.34000000000000075,1.755455695566327,-0.509473201856429,0.2816653480851723,-0.47520038611612914,0.0,,0.0,0.0,0.0,0.0,,,,,
2025-04-11,0.021881996538284376,-0.00820401931149295,-0.07761035696706742,0.02894500757348079,1.4279934728473775,-0.47000000000000064,1.7268312710522955,-0.49854897755195066,0.17038647211915273,-0.7380177498388515,0.0,,0.0,0.0,0.0,0.0,,,,,
2025-04-14,0.0012913641826877154,0.015279881157114872,-0.07181004729588913,0.028874950994038764,2.498182580845576,-0.22999999999999954,1.6991776890505184,-0.4876391552774529,0.6214893267117361,0.15926434134289896,0.0,,0.0,0.0,0.0,0.0,,,,,
2025-04-15,-0.004041062639815074,0.027921012308752324,-0.07139873895163884,0.028874690820449952,2.4362559787115323,-0.08999999999999986,1.6724366307865792,-0.4767391485056029,0.5660128875026629,-0.08612178040348539,0.0,,0.0,0.0,0.0,0.0,,,,,
2025-04-16,0.018296129046937892,0.0039837515836298465,-0.04963176641483624,0.029316523404188995,2.6499668319802883,0.04999999999999982,1.6465545705808866,-0.46584429784576625,0.6191574555292901,0.3350729877838867,0.0,,0.0,0.0,0.0,0.0,,,,,
2025-04-17,0.03423546538594113,0.07166389251403604,-0.012791311403823613,0.030193030959559206,1.5662448336784207,0.0600000000000005,1.6214822794072161,-0.45494985813480965,0.3949406080980113,0.113275260012839,0.0,,0.0,0.0,0.0,0.0,,,,,
2025-04-18,0.0,0.04978189597575167,-0.01020820840637171,0.030194843267659085,0.8303747168718956,0.0600000000000005,1.590365269983996,-0.4538716886106909,0.3949406080980113,0.113275260012839,0.0,,0.0,0.0,0.0,0.0,,,,,
2025-04-21,-0.024738717848683756,0.023751813944380196,-0.030445618672168884,0.03032925373470404,1.0879040723015931,-0.040000000000000036,1.5603757042839215,-0.45279475048303547,0.8103475600309512,0.18885823331921514,0.0,,0.0,0.0,0.0,0.0,,,,,
2025-04-22,0.017489515130347577,0.04528239171454285,-0.009314877012604583,0.03071368120737517,1.0975471820061977,-0.0600000000000005,1.531438486311288,-0.45171903878147573,0.5527747927130334,-0.013238094789629451,0.0,,0.0,0.0,0.0,0.0,,,,,
2025-04-23,-0.03081035910600871,-0.003824096438403757,-0.0345349750635906,0.031158295512146376,0.20053150583586588,-0.11000000000000032,1.503485277307607,-0.45064454855660263,0.46937294428812887,-0.14978451124116127,0.0,,0.0,0.0,0.0,0.0,,,,,
2025-04-24,0.014422945952915711,-0.02363661587142918,-0.015064789051616678,0.031419743803131756,0.16624732599257452,0.019999999999999574,1.4764537285916672,-0.44957127487983534,0.5482678626622505,0.15332725456423918,0.0,,0.0,0.0,0.0,0.0,,,,,
2025-04-25,0.004709584843085146,-0.018927031028344032,-0.005943331270083618,0.03148535328945088,0.08187890540831688,0.019999999999999574,1.4502868182719635,-0.4484992128432907,0.409117112177956,0.15332725456423918,0.0,,0.0,0.0,0.0,0.0,,,,,
2025-04-28,-0.008651253328417319,-0.0028395665080775956,-0.008245904481989363,0.03042518278227644,-0.3295602729030511,0.1899999999999995,1.424932275593751,-0.44742835755965504,0.5952996255869897,-0.21504793444396153,0.0,,0.0,0.0,0.0,0.0,,,,,
2025-04-29,-0.023334924870964002,-0.043664006509389175,-0.024246613115969318,0.030650686695178696,-0.14450548328466262,0.21999999999999975,1.4003420795441957,-0.44635870416205514,0.5867458355650386,0.03397104285200514,0.0,,0.0,0.0,0.0,0.0,,,,,
2025-04-30,-0.037734108477858186,-0.05058775588123865,-0.05240496646713755,0.031174585095249813,0.3520416955225425,0.23000000000000043,1.3764720206418444,-0.4452902478039318,0.8071972371931899,0.33782429290506105,0.0,,0.0,0.0,0.0,0.0,,,,,
2025-05-01,0.01731356715558885,-0.04769713467856551,-0.029743391322068824,0.028567072795325277,-0.17522865549834954,0.07000000000000028,1.1584576710385404,0.7141513800499172,0.0259946122982273,-0.5222732503640232,-0.7807293608039334,,0.0,0.0,0.0,0.0,,,,,
2025-05-02,-0.015300481422906742,-0.0677072009445574,-0.04279105497954383,0.02322611768887152,0.3170423271037004,-0.040000000000000036,1.1412683127983885,0.7041997428144579,-0.3992945666417611,-0.8084116788197171,-0.7807293608039334,,0.0,0.0,0.0,0.0,,,,,
2025-05-05,-0.019802627296179764,-0.07885857491231985,-0.06046035995977839,0.023124054656852765,0.371829305657867,-0.1299999999999999,1.1244306850216184,0.6943358466664301,-0.27295118363797133,-0.868250809224961,-0.7807293608039334,,0.0,0.0,0.0,0.0,,,,,
2025-05-06,0.03229342172071448,-0.023230228320641366,-0.02848239669872754,0.02407588515037208,0.450836253531961,-0.10999999999999943,1.107929296147444,0.6845566619256435,-0.1962355385282592,-0.7829813740932978,-0.7807293608039334,,0.0,0.0,0.0,0.0,,,,,
2025-05-07,-0.016689305924064257,-0.0021854257668474375,-0.04254102629764844,0.022209257804768293,0.3875453638529702,-0.08999999999999986,1.0917495350447912,0.6748592461676715,0.3821973631664021,-0.4249998740267878,-0.7807293608039334,,0.0,0.0,0.0,0.0,,,,,
2025-05-08,0.030332979390375492,0.010833986467939205,-0.012766253328871713,0.022130583861929554,0.31159529155720955,-0.1200000000000001,1.075877605679784,0.6652407396423482,-0.18514311366491004,-0.21113772596313735,0.0,,0.0,0.0,0.0,0.0,,,,,
2025-05-09,0.018120541113194832,0.04425500900404078,0.004984154133978791,0.021955117191384932,-0.018694457460721736,-0.040000000000000036,1.0603004675607812,0.6556983609181515,0.2573458249463446,0.6566403915881057,0.0,,0.0,0.0,0.0,0.0,,,,,
2025-05-12,0.01511684447477979,0.07917448077500033,0.019039590943808804,0.0222019153583909,-1.0019523757722082,-0.08999999999999986,1.045005781363354,0.6462294027366943,-0.45348432121930865,-0.18053313758133732,0.0,,0.0,0.0,0.0,0.0,,,,,
2025-05-13,0.026801230226744188,0.07368228928103004,0.043237298862275786,0.022889341091985982,-0.7510547624295594,-0.1900000000000004,1.0299818592077543,0.6368312280626376,-0.6133515565505551,-0.41711601802229586,0.0,,0.0,0.0,0.0,0.0,,,,,
2025-05-14,-0.008647367041183074,0.08172422816391123,0.033333584317222,0.02270931154105744,-0.4566112826223989,-0.27000000000000046,1.0152176191222984,0.6275012663153301,-1.0,-1.3821973631664022,0.0,,0.0,0.0,0.0,0.0,,,,,
2025-05-15,-0.022744294673353593,0.028646954100182143,0.012181930142961761,0.021914448176255832,-0.04936590070774294,-0.08000000000000007,1.0007025432791583,0.6182370097693936,-0.5747319513026061,-0.3895888376376961,0.0,,0.0,0.0,0.0,0.0,,,,,
2025-05-16,0.012769149616534747,0.023295562603522058,0.025905262777763838,0.02214805407989817,-0.4526641152277522,-0.05999999999999961,0.9864266396354298,0.6090360101122996,-0.5747319513026061,-0.3895888376376961,0.0,,0.0,0.0,0.0,0.0,,,,,
2025-05-19,0.0021905813798186458,0.010369299508560914,0.027703562214423272,0.021433023927880705,0.8646303274128408,-0.009999999999999787,0.9702660296516026,0.596239705777908,-0.9047823788891929,-0.45129805766988423,0.0,,0.0,0.0,0.0,0.0,,,,,
2025-05-20,-0.0001563110593263417,-0.016588241777509616,0.0280372605214243,0.021051981519060542,0.5192004118469318,0.009999999999999787,0.9543607853968104,0.5834587400647393,-0.877093920475964,-0.26374236392540895,0.0,,0.0,0.0,0.0,0.0,,,,,
2025-05-21,-0.01639122592320419,-0.02433210065953073,0.01141508730540508,0.02018814412531242,0.7540273210591253,-0.04999999999999982,0.9386987116355517,0.5706841038466164,-0.8001637360999676,0.1998362639000324,0.0,,0.0,0.0,0.0,0.0,,,,,
2025-05-22,-0.00605676062592142,-0.007644566612098558,0.006151364715610619,0.019948372347649138,0.6306109720609632,-0.08999999999999986,0.9232681702541273,0.55790641334928,-0.9810997310923623,-0.40636777978975613,0.0,,0.0,0.0,0.0,0.0,,,,,
2025-05-23,0.005420931642492022,-0.014992784586141283,0.012329767054259477,0.019959330870272338,1.3731609596526306,-0.08000000000000007,0.9080580369337378,0.5451158417367069,-1.0,-0.40636777978975613,0.0,,0.0,0.0,0.0,0.0,,,,,
2025-05-26,0.0,-0.01718336596595993,0.012654675083995315,0.01987280955873026,1.3731609596526306,-0.08000000000000007,0.8930576609916919,0.5323020407429296,-1.0,-0.40636777978975613,0.0,,0.0,0.0,0.0,0.0,,,,,
2025-05-27,-0.020562973528932993,-0.03759002843556658,-0.007721987982304057,0.01971290903496824,0.5804452096510926,0.05000000000000071,0.8782568280518295,0.519454050172013,-1.0,-0.12290607952403598,0.0,,0.0,0.0,0.0,0.0,,,,,
2025-05-28,0.01498215700321559,-0.006216645509146801,0.0048106662094928865,0.017865980472976346,-0.1964688179673768,0.11000000000000032,0.8636457252383619,0.5065601925399058,-1.0,-0.1998362639000324,0.0,,0.0,0.0,0.0,0.0,,,,,
2025-05-29,-0.014170929571690749,-0.01433081445491613,-0.010235541337253906,0.01787442541442365,0.3942875824812453,0.11000000000000032,0.8492149086160937,0.49360794941381525,-0.9407181421473118,0.040381588945050506,0.0,,0.0,0.0,0.0,0.0,,,,,
2025-05-30,-0.00324886575566552,-0.02300061185307367,-0.014962265851336198,0.017499620885249017,-0.31610504540560136,0.09999999999999964,0.8349552726245455,0.4805838150564169,-0.2584590374929733,0.7415409625070267,0.0,,0.0,0.0,0.0,0.0,,,,,
2025-06-02,0.029024726456454708,0.006024114603381037,0.010143234159069259,0.017778258752210525,-0.31610504540560136,0.09999999999999964,-0.2772577233872147,0.7472965419401376,-0.47284208252618576,0.7415409625070267,0.47769787784406326,,0.0,0.0,0.0,0.0,,,,,
2025-06-03,0.013033080767830718,0.03962016890014475,0.020220105528494514,0.01664597714540758,0.12392083210330807,-0.03000000000000025,-0.284104785900666,0.735649380418394,-0.7724027353214894,0.2275972646785106,0.47769787784406326,,0.0,0.0,0.0,0.0,,,,,
2025-06-04,-0.008302702978307153,0.016335308918622005,0.008541863004494665,0.016225358040905274,0.7663818317747206,0.09999999999999964,-0.2910166674576104,0.7242460226107874,-0.3903135705546863,0.6096864294453137,0.47769787784406326,,0.0,0.0,0.0,0.0,,,,,
2025-06-05,0.007678483232695044,0.0381847217230078,0.01397753149938108,0.014987947928676644,0.4953040307925982,0.02999999999999936,-0.2979952679614522,0.7131030970721094,-0.086849470616771,0.8538686715305408,0.47769787784406326,,0.0,0.0,0.0,0.0,,,,,
2025-06-06,0.019171892101373267,0.060605479580046584,0.030854041313537195,0.01504828942495429,0.4979986433150341,-0.09999999999999964,-0.3050425559777815,0.7022422597834274,-0.6920663374815134,-0.4336072999885401,0.47769787784406326,,0.0,0.0,0.0,0.0,,,,,
2025-06-09,0.01051117911294508,0.042091932236536955,0.03930012140735606,0.014876010527214116,0.22923042774001257,-0.03000000000000025,-0.3121605721465465,0.6916915293330378,-0.13109950881478638,0.3417425737113994,0.0,,0.0,0.0,0.0,0.0,,,,,
2025-06-10,-0.005013303321883988,0.02404554814682225,0.033812445743777175,0.013750095617360913,0.33813823901358564,-0.009999999999999787,-0.3193514328021186,0.6814870878242626,0.04395729797062532,0.8163600332921147,0.0,,0.0,0.0,0.0,0.0,,,,,
2025-06-11,0.0483113932956698,0.0806596444207992,0.07880152868091006,0.017221768485616296,0.3856959585771258,-0.040000000000000036,-0.326617333816414,0.6716757452663943,0.4863727380618129,0.8766863086164992,0.0,,0.0,0.0,0.0,0.0,,,,,
2025-06-12,-0.002615520235602631,0.07036564095250153,0.07185725936488385,0.01617458767379604,0.6508784751272256,0.040000000000000036,-0.33396055468164626,0.6623183675866021,0.26615022488375206,0.35299969550052307,0.0,,0.0,0.0,0.0,0.0,,,,,
2025-06-13,0.07171480506108363,0.1229085539122119,0.13629603257331446,0.022084334894073358,0.6904036777510947,0.09999999999999964,-0.3413834628506751,0.6534947346827664,0.08854069570027708,0.7806070331817905,0.0,,0.0,0.0,0.0,0.0,,,,,
2025-06-16,-0.01790032081927606,0.09449705397999075,0.1121242250113399,0.02277399696369931,0.6234373746488164,0.03000000000000025,-0.3488885183544711,0.6453105729211248,-0.0,0.13109950881478638,0.0,,0.0,0.0,0.0,0.0,,,,,
2025-06-17,0.04172052908746604,0.14123088638934078,0.14547942534876945,0.02404171631920849,0.44915880824628607,0.08000000000000007,-0.356478278718007,0.6379079866694018,0.1347506607232596,0.09079336275263429,0.0,,0.0,0.0,0.0,0.0,,,,,
2025-06-18,0.0035641249530344865,0.09648361804670547,0.13968045400795503,0.023364764412604964,-0.11900121903687388,0.03000000000000025,-0.3699186852335333,0.650871209588798,0.27078938851989903,-0.21558334954191388,0.0,,0.0,0.0,0.0,0.0,,,,,
2025-06-19,0.0,0.0990991382823081,0.13001451968280975,0.02319300424514596,-0.11900121903687388,0.03000000000000025,-0.38369761659015167,0.6641415209023247,0.27078938851989903,-0.21558334954191388,0.0,,0.0,0.0,0.0,0.0,,,,,
2025-06-20,-0.0022425970746997592,0.025141736146524707,0.11848916471882465,0.023329730367175616,-0.5953068577056353,0.03000000000000025,-0.39783597664651904,0.6777345370942495,0.450115420330944,0.3615747246306669,0.0,,0.0,0.0,0.0,0.0,,,,,
2025-06-23,-0.0877319938688359,-0.04468993690303513,0.0258610126541452,0.03185666697828849,-0.8429839417759322,0.1200000000000001,-0.41235647687726357,0.6916670035396653,0.450115420330944,0.3615747246306669,0.0,,0.0,0.0,0.0,0.0,,,,,
2025-06-24,-0.058023840116376846,-0.14443430610687802,-0.03518594232870331,0.03442970746126858,0.11642689751777402,0.08999999999999986,-0.4272838461906846,0.7059569027176446,0.7565501484701099,0.6217994877468503,0.0,,0.0,0.0,0.0,0.0,,,,,
2025-06-25,0.008065173444526508,-0.139933257615386,-0.029798034572714016,0.034337873669187634,0.3287487420328805,0.08999999999999986,-0.4426450714097838,0.7206235754164116,0.9686583287219,0.6978689402020011,0.0,,0.0,0.0,0.0,0.0,,,,,
2025-06-26,0.006947618944658451,-0.13298563867072755,-0.02658360874240895,0.0341165003859717,0.3287487420328805,0.08999999999999986,-0.4584696738735249,0.7356878568187712,0.966474880321231,0.6978689402020011,0.0,,0.0,0.0,0.0,0.0,,,,,
2025-06-27,0.0033057881344991102,-0.12743725346152868,-0.02733874641677314,0.03407735915122156,1.141598535369892,0.08999999999999986,-0.47479002876928683,0.7511722296802862,0.710957580737479,0.26084216040653496,0.0,,0.0,0.0,0.0,0.0,,,,,
2025-06-30,-0.005415175687776497,-0.04512043528046927,-0.035092852806201336,0.03361653849045312,1.4530071123567523,0.09999999999999964,-0.4916417352464519,0.7671009972016257,0.9755869104869479,0.26084216040653496,0.0,,0.0,0.0,0.0,0.0,,,,,
2025-07-01,0.0051151006667709,0.018018505502678472,-0.03192078383602848,0.033530480316709355,0.8481736724698874,0.040000000000000036,-0.7714872098116263,-0.8465589180479243,0.8081666903241929,0.05161654185408293,1.339445388791627,,0.0,0.0,0.0,0.0,,,,,
2025-07-02,0.029861790170958358,0.03981512222911032,-0.005910250019131702,0.03399939988941718,0.8558706795109616,-0.009999999999999787,-0.7895628471092592,-0.8335479370116886,0.4022775435737534,-0.5663807851481466,1.339445388791627,,0.0,0.0,0.0,0.0,,,,,
2025-07-03,-0.0077491432439691366,0.025118360040482735,-0.01673926829332828,0.03408290641662798,0.34008914698553383,-0.08999999999999986,-0.8082545364264907,-0.8207674605781914,0.17887423089254031,-0.7876006494286907,1.339445388791627,,0.0,0.0,0.0,0.0,,,,,
2025-07-04,0.0,0.021812571905983624,-0.018860548718488523,0.033875468713583295,0.34008914698553383,-0.08999999999999986,-0.827605013162101,-0.8082193602826049,0.17887423089254031,-0.7876006494286907,1.339445388791627,,0.0,0.0,0.0,0.0,,,,,
2025-07-07,0.015005016029513207,0.04223276362327333,-0.006201504959963522,0.0339488708015871,-0.17695513228506154,-0.16000000000000014,-0.8476612985548314,-0.7959073330830966,0.49037397446756786,-0.48521293601938004,1.339445388791627,,0.0,0.0,0.0,0.0,,,,,
2025-07-08,0.005623257554361771,0.0427409205108642,-0.0034560477204008677,0.03391080838842054,-0.41351191014851185,-0.16000000000000014,-0.8684752726303449,-0.7838372107460362,0.49031323560068957,-0.3178534547235033,0.0,,0.0,0.0,0.0,0.0,,,,,
2025-07-09,0.0008623168111236978,0.01374144715102954,-0.0030990773998507137,0.03218057246980883,-0.3582453855161205,-0.040000000000000036,-0.8901043438945301,-0.7720173550201274,0.35916546669718696,-0.04311207687656643,0.0,,0.0,0.0,0.0,0.0,,,,,
2025-07-10,-0.026641069001669848,-0.005150478606671172,-0.029044215453790656,0.03274665299127381,-0.4999236821756625,-0.0,-0.9126122357240073,-0.760459164858883,0.1800606023449227,0.0011863714523823732,0.0,,0.0,0.0,0.0,0.0,,,,,
2025-07-11,0.026928342775550007,0.021777864168878835,0.0008193813837671371,0.0288316500154778,-0.4999236821756625,-0.0,-0.9360699143124066,-0.749177731753098,0.2723763021628173,0.0011863714523823732,0.0,,0.0,0.0,0.0,0.0,,,,,
2025-07-14,-0.020897582421894434,-0.014124734282528806,-0.01699308389598997,0.028921181136148378,-0.5022567277572998,-0.02999999999999936,-0.9605566893543913,-0.7381926933275479,0.321225250186344,-0.16914872428122385,0.0,,0.0,0.0,0.0,0.0,,,,,
2025-07-15,-0.006325876188761903,-0.02607386802565248,-0.017831522678801726,0.026930508408861714,-0.561929485943824,-0.08000000000000007,-0.9861615268611642,-0.727529355939013,-0.04617262551214885,-0.5364858611128385,0.0,,0.0,0.0,0.0,0.0,,,,,
2025-07-16,-0.009341012393139003,-0.03627719722991518,-0.02103984079868315,0.026856720721737615,-0.5732846353203147,-0.1200000000000001,-1.0129846242546243,-0.7172201875965655,0.27803586390688223,-0.08112960279030473,0.0,,0.0,0.0,0.0,0.0,,,,,
2025-07-17,0.02399114256398871,0.014355014335743377,0.007884438910364722,0.027668566975668798,-0.6710098861511415,-0.1200000000000001,-1.0411393120957317,-0.7073068288342139,0.27803586390688223,-0.08112960279030473,0.0,,0.0,0.0,0.0,0.0,,,,,
2025-07-18,-0.0033505749169169263,-0.015923903356723557,0.009522400030617106,0.02766400519756306,-0.36240404131371307,-0.010000000000000675,-1.0707543657556475,-0.6978428407593605,0.09502367402501528,-0.177352628137802,0.0,,0.0,0.0,0.0,0.0,,,,,
2025-07-21,-0.0020449904877271052,0.002928688577443772,0.008181595411004494,0.019649183734062933,0.18698911753280978,0.04999999999999982,-1.0766612170287992,-0.6880763893183873,-0.04934758179400492,-0.37057283198034896,0.0,,0.0,0.0,0.0,0.0,,,,,
2025-07-22,-0.012210523170405274,-0.002955958404199599,-0.005615407738585709,0.014649641708171948,0.6883217644935491,0.15000000000000036,-1.082623168568911,-0.6783923904307343,-0.4145879923789896,-0.36841536686684073,0.0,,0.0,0.0,0.0,0.0,,,,,
2025-07-23,-0.02260406097126566,-0.016219006982326256,-0.02827248696824647,0.015515368860810938,0.7040504910000633,0.05999999999999961,-1.0886412136829375,-0.6687879883324128,-0.7936721142195203,-1.0717079781264025,0.0,,0.0,0.0,0.0,0.0,,,,,
2025-07-24,0.016665801241005695,-0.02354434830530927,-0.01214561310045248,0.01589030428197359,0.8886059496810317,0.040000000000000036,-1.0947163709575929,-0.6592604062940594,-1.0,-1.0717079781264025,0.0,,0.0,0.0,0.0,0.0,,,,,
2025-07-25,-0.011682025917511218,-0.03187579930590356,-0.023617175688575465,0.01610491602889802,0.3076705772873778,0.040000000000000036,-1.100849685097212,-0.6498069424757025,-1.0,-1.0950236740250152,0.0,,0.0,0.0,0.0,0.0,,,,,
2025-07-28,0.021313870403922408,-0.00851693841425405,-0.0034292942598499465,0.016746537587686343,-0.5156834263780219,-0.040000000000000036,-1.1070422277958247,-0.640424965978811,-1.0,-0.9506524182059951,0.0,,0.0,0.0,0.0,0.0,,,,,
2025-07-29,0.03563528850835507,0.03932887326450629,0.029553995881228978,0.018434647800765577,-1.0748573290664254,0.009999999999999787,-1.1132950986451895,-0.6311119130819036,-0.4895483959268436,-0.07496040354785405,0.0,,0.0,0.0,0.0,0.0,,,,,
2025-07-30,0.011601714737285995,0.07353464897305795,0.03941671602292285,0.017441544002435323,-1.534251570422951,0.020000000000000462,-1.1196094260805043,-0.6218652836469304,-0.9983982800544297,-0.20472616583490932,0.0,,0.0,0.0,0.0,0.0,,,,,
2025-07-31,-0.010321760072034891,0.04654708766001736,0.027484592196699076,0.017524490851094546,-1.8020112673794664,0.05999999999999961,-1.125986368365665,-0.6126826376844611,-0.37383795434947703,0.626162045650523,0.0,,0.0,0.0,0.0,0.0,,,,,
2025-08-01,-0.028398304759352122,0.029830808818176457,-0.001104161078874455,0.018768186325586023,-1.022205146113242,0.16999999999999993,-2.1371173406460793,2.154144094978474,-0.37383795434947703,0.626162045650523,-0.7300882736452907,,0.0,0.0,0.0,0.0,,,,,
2025-08-04,-0.015620712552815164,-0.007103774138561114,-0.015384035718794209,0.01874521157420375,-0.30759052156905664,0.20000000000000018,-2.1086161891596067,2.100610825270113,1.0,2.0,-0.7300882736452907,,0.0,0.0,0.0,0.0,,,,,
2025-08-05,-0.016925439614227322,-0.059664502261143504,-0.02984120256169831,0.018980925577209363,0.048938805000353636,0.1200000000000001,-2.0810102817491822,2.0500559247922117,0.9929850282922523,1.482533424219096,-0.7300882736452907,,0.0,0.0,0.0,0.0,,,,,
2025-08-06,-0.01246406164689784,-0.08373027864532734,-0.039170672514370786,0.01909143998004514,0.7380304799998738,0.16000000000000014,-2.054251447247612,2.0021969055022946,0.9234771306709668,1.9218754107253964,-0.7300882736452907,,0.0,0.0,0.0,0.0,,,,,
2025-08-07,-0.007368777586020059,-0.0807772961593125,-0.044368472976946904,0.01831304011046435,0.9995810090288493,0.13999999999999968,-2.0282950791601286,1.9567874783215582,0.7438625502784035,1.1177005046278805,-0.7300882736452907,,0.0,0.0,0.0,0.0,,,,,
2025-08-08,0.0006161429646551753,-0.05176284843530521,-0.040265742898304424,0.017011393009762246,0.7254220284756863,-0.03999999999999915,-2.003099802925891,1.9136117869233618,0.7403559020829539,1.1177005046278805,0.0,,0.0,0.0,0.0,0.0,,,,,
2025-08-11,0.001384935206361071,-0.034757200676128974,-0.03650834645936829,0.016534057025985396,0.2452351885632975,-0.04999999999999982,-1.9786271803987936,1.8724797266564552,0.7366784614394466,-0.2633215385605534,0.0,,0.0,0.0,0.0,0.0,,,,,
2025-08-12,-0.012534013219693385,-0.030365774281595037,-0.04635949159494057,0.01666990100960974,0.5248610102540519,-0.07000000000000028,-1.9548414467233755,1.833223115132391,1.0,0.007014971707747675,0.0,,0.0,0.0,0.0,0.0,,,,,
2025-08-13,-0.008444147125239887,-0.026345859759937085,-0.05216561389945351,0.01665224439735892,0.3138375645806768,-0.020000000000000462,-1.9317092754890492,1.7956925371267805,1.0,0.07652286932903318,0.0,,0.0,0.0,0.0,0.0,,,,,
2025-08-14,0.02036287037013018,0.0013857881962131557,-0.028983305098903678,0.016364142494362188,-0.11642738059969293,-0.05999999999999961,-1.9091995686382488,1.759754727747466,0.8676946980778585,0.12383214779945495,0.0,,0.0,0.0,0.0,0.0,,,,,
2025-08-15,-0.01879375032434627,-0.01802410509278829,-0.044185458222458784,0.016750318116576873,-0.0039889340321730415,-0.0600000000000005,-1.8872832681013705,1.7252903885503055,0.6687919805446016,-0.07156392153835223,0.0,,0.0,0.0,0.0,0.0,,,,,
2025-08-18,0.011380588962238924,-0.008028451336910436,-0.029884551031926776,0.017081310254379613,0.10522896829210371,-0.07000000000000028,-1.8427397706628905,1.6878117757534703,0.41240132329405166,-0.32427713814539494,0.0,,0.0,0.0,0.0,0.0,,,,,
2025-08-19,-0.017671896281375332,-0.013166334398592383,-0.04436306042946114,0.01728014049878613,-0.37314921977888993,-0.009999999999999787,-1.8003557396293286,1.6519026788299558,0.41006571027912475,-0.5899342897208752,0.0,,0.0,0.0,0.0,0.0,,,,,
2025-08-20,0.012699081060911332,0.007976893787558836,-0.030235749586317695,0.016993717932901838,-0.5375010405394232,-0.04999999999999982,-1.759946244623503,1.617443134455539,0.7177153896773563,-0.28228461032264374,0.0,,0.0,0.0,0.0,0.0,,,,,
2025-08-21,0.005747588638007173,-0.0066383879445641725,-0.022514020535928658,0.016551483599404383,-0.3644589148623423,-0.040000000000000036,-1.7213477264900738,1.5843254887630713,0.6164217192026026,-0.2512729788752559,0.0,,0.0,0.0,0.0,0.0,,,,,
2025-08-22,-0.007462721201589417,0.00469264117819268,-0.028213566560931547,0.016447799291235164,0.050108984964813974,0.07000000000000028,-1.6844149123175023,1.552452807589877,1.0,0.33120801945539835,0.0,,0.0,0.0,0.0,0.0,,,,,
2025-08-25,0.017020370649311722,0.010332422865265478,-0.009215345747302983,0.01615618145190704,0.1167861900330247,0.05999999999999961,-1.6490182583929098,1.5217375305872225,0.9025150404420254,0.4901137171479737,0.0,,0.0,0.0,0.0,0.0,,,,,
2025-08-26,-0.024539203063339343,0.003465116083301467,-0.028767974067741342,0.014276664351423551,0.16152760382497355,0.040000000000000036,-1.615041817493649,1.492100326131113,1.0,0.5899342897208752,0.0,,0.0,0.0,0.0,0.0,,,,,
2025-08-27,0.013896702676209571,0.004662737698599706,-0.009999446045575233,0.01442545853469442,0.03999148835402977,0.04999999999999982,-1.582381449699558,1.4634691125170352,1.0,0.28228461032264374,0.0,,0.0,0.0,0.0,0.0,,,,,
2025-08-28,0.007261522831136347,0.00617667189172888,0.0012547379863567798,0.01461045224699541,0.6811783195674437,0.11000000000000032,-1.5509433131736978,1.43577821759246,1.0,0.3835782807973974,0.0,,0.0,0.0,0.0,0.0,,,,,
2025-08-29,-0.009279373729239815,0.004360019364078482,-0.004987921093591474,0.013513887979325415,0.05753366800412829,0.02999999999999936,-1.5206425845585196,1.4089676542270007,0.45318913800703375,-0.5468108619929662,0.0,,0.0,0.0,0.0,0.0,,,,,
2025-09-01,0.0,-0.01266035128523324,-0.0027322420719411156,0.01319597725311492,0.05753366800412829,0.02999999999999936,-1.8426001929430595,-1.2148921002592283,0.45318913800703375,-0.5468108619929662,0.6744918468448713,,0.0,0.0,0.0,0.0,,,,,
2025-09-02,0.024404557039140684,0.03628340881724679,0.021861494156182104,0.013990034756803842,-0.1296800561532141,-0.020000000000000462,-1.8008538391476756,-1.2043887635710187,0.28149995168463515,-0.7185000483153648,0.6744918468448713,,0.0,0.0,0.0,0.0,,,,,
2025-09-03,-0.024404557039140684,-0.002017850898103468,-0.0017568589243648347,0.014774236806354764,0.18405101078959873,0.020000000000000462,-1.761043786184807,-1.194034785231096,0.3701799577829068,-0.6298200422170932,0.6744918468448713,,0.0,0.0,0.0,0.0,,,,,
2025-09-04,-0.008582404243926867,-0.01786177797316668,-0.009492377876801683,0.01480515594727588,-0.4185947887692887,0.04999999999999982,-1.7230118623986663,-1.1838260462145922,0.5873973215894399,-0.4126026784105601,0.6744918468448713,,0.0,0.0,0.0,0.0,,,,,
2025-09-05,-0.025233426410764537,-0.0338158306546914,-0.032586440527306415,0.015767743779593186,0.06655120033408624,0.13000000000000078,-1.686617463609197,-1.1737585832398716,1.0,0.5468108619929662,0.6744918468448713,,0.0,0.0,0.0,0.0,,,,,
2025-09-08,0.006088786636561316,-0.027727044018130087,-0.02459348270199513,0.015857902892666902,0.06655120033408624,0.13000000000000078,-1.6517351228101285,-1.1638285812211282,1.0,0.5468108619929662,0.0,,0.0,0.0,0.0,0.0,,,,,
2025-09-09,0.00589314439459887,-0.0462384566626719,-0.017717524999359746,0.015742692842492544,0.4365129673684298,0.20000000000000018,-1.6182524800504416,-1.154032366163734,0.7475967097657708,0.4660967580811356,0.0,,0.0,0.0,0.0,0.0,,,,,
2025-09-10,0.016380898653260978,-0.005453000970270239,-0.0015950653269882764,0.01609810061789924,0.3177456242552279,0.17999999999999972,-1.5860685769788199,-1.1443663984719274,0.5329267149269398,0.16274675714403297,0.0,,0.0,0.0,0.0,0.0,,,,,
2025-09-11,-0.020518396598983024,-0.017388993325326396,-0.020327837558404838,0.016006171280830702,0.6703217627267999,0.16000000000000014,-1.5550924165362199,-1.134827266640827,0.8796879869514286,0.29229066536198867,0.0,,0.0,0.0,0.0,0.0,,,,,
2025-09-12,0.004931211774199085,0.012775644859637225,-0.014797249521566691,0.015552032715709159,0.0558569927793906,0.040000000000000036,-1.5252417405503351,-1.1254116813069195,0.7522471621797615,-0.2477528378202385,0.0,,0.0,0.0,0.0,0.0,,,,,
2025-09-15,0.010104285524818124,0.016791143747894033,-0.004029772562238243,0.015502828386369131,0.44355775451696555,-0.0,-1.4964419874672843,-1.1161164696331667,0.8929075218387013,-0.10709247816129874,0.0,,0.0,0.0,0.0,0.0,,,,,
2025-09-16,0.019137106779130164,0.030035106132425327,0.01393007549837666,0.015562144868123753,0.8506377910881491,0.040000000000000036,-1.4700756417412186,-1.1192336640061527,0.905442490238596,0.15784578047282527,0.0,,0.0,0.0,0.0,0.0,,,,,
2025-09-17,-0.007424628074277351,0.006229579404886998,0.0063343741623436145,0.015427962630904846,0.8025986848403721,-0.019999999999999574,-1.4446073408188727,-1.122365765257945,0.8102750028085737,0.2773482878816339,0.0,,0.0,0.0,0.0,0.0,,,,,
2025-09-18,-0.007793056896608697,0.018954919107261325,-0.000952723719289672,0.015467420734247608,0.24326113307333586,-0.10000000000000053,-1.4199876105569138,-1.12551291035832,0.8000388003008415,-0.07964918665058707,0.0,,0.0,0.0,0.0,0.0,,,,,
2025-09-19,-0.01402370733306224,0.0,-0.014142422730803794,0.015690697263621215,0.2292999147933905,-0.08000000000000007,-1.3961714931031755,-1.128675238046229,0.3949755334164368,-0.3572716287633247,0.0,,0.0,0.0,0.0,0.0,,,,,
2025-09-22,-0.0004761526952909989,-0.010580438220109123,-0.012909740937315561,0.015120227698630665,-0.2097614340054399,-0.10000000000000053,-1.3731181377793633,-1.131852888859451,0.42794414759913807,-0.4649633742395632,0.0,,0.0,0.0,0.0,0.0,,,,,
2025-09-23,0.012150050848122262,-0.017567494151117025,-0.0008853182959871475,0.014413703883918463,-0.4074376252782619,-0.08000000000000007,-1.3507904505302049,-1.135046005164849,0.2805706837232264,-0.6248718065153696,0.0,,0.0,0.0,0.0,0.0,,,,,
2025-09-24,0.025396223981193344,0.01525335790435367,0.023810301413162094,0.015199880371155185,-0.849710720705743,-0.10000000000000053,-1.3291547949066922,-1.1382547311892581,0.06948881380827683,-0.7407861890002968,0.0,,0.0,0.0,0.0,0.0,,,,,
2025-09-25,0.0016805442806315796,0.024726959081593947,0.025069290349276407,0.015124132278986709,-0.7356578885791221,-0.0699999999999994,-1.3081807389420321,-1.1414792130510103,-0.07001353704741536,-0.8700523373482569,0.0,,0.0,0.0,0.0,0.0,,,,,
2025-09-26,0.014999144918023788,0.053749811332679975,0.03843295399041846,0.015278078441017326,-0.541883929480802,-0.0600000000000005,-1.2878408434775965,-1.1447195987921184,-0.14075596290504372,-0.5357314963214805,0.0,,0.0,0.0,0.0,0.0,,,,,
2025-09-29,-0.03410898827861342,0.020116975749357557,0.004393933848854559,0.017247112781831078,-0.250218670085256,-0.0,-1.2681104885542622,-1.147976038411133,-0.14075596290504372,-0.5357314963214805,0.0,,0.0,0.0,0.0,0.0,,,,,
2025-09-30,-0.017263454472585593,-0.009296529571350298,-0.010716151911094762,0.016641099276502865,-0.4318668586074992,-0.040000000000000036,-1.2489677354476063,-1.151248683896686,0.2156175214778132,-0.0649531622454132,0.0,,0.0,0.0,0.0,0.0,,,,,
2025-10-01,-0.009223983973999594,-0.04391673752654324,-0.018545795825716915,0.015902587088073364,0.017059066810798384,0.040000000000000036,-1.2303932228338543,1.8274832396884961,0.21547640009192567,0.14598758628364883,-0.1038365704407962,,0.0,0.0,0.0,0.0,,,,,
2025-10-02,-0.021151995504274268,-0.06674927731144908,-0.037674971707594374,0.016440883246405517,0.09316262643943585,0.08000000000000007,-1.2123700964672264,1.7900210688408968,0.14376519857657363,0.213778735623989,-0.1038365704407962,,0.0,0.0,0.0,0.0,,,,,
2025-10-03,0.006019704178017449,-0.07572871805145542,-0.031195104436620547,0.015581470455459519,0.28795639802083883,0.07000000000000028,-1.1948839726690599,1.7542816478186605,-0.2547475056609908,-0.11399154275594708,-0.1038365704407962,,0.0,0.0,0.0,0.0,,,,,
2025-10-06,0.013533314330637758,-0.02808641544220425,-0.01757385339772899,0.0158330431090178,-0.1308745785289167,-0.02999999999999936,-1.1779229369194821,1.7201401980896385,-0.4068902010707872,-0.11399154275594708,-0.1038365704407962,,0.0,0.0,0.0,0.0,,,,,
2025-10-07,0.00047996161228525125,-0.010342999357333404,-0.016735295938075545,0.015771566483790984,-0.2926663603492141,0.020000000000000462,-1.1779229369194821,1.6874856964482463,-0.11404751178511041,-0.3296650332629236,-0.1038365704407962,,0.0,0.0,0.0,0.0,,,,,
2025-10-08,0.013504057782149914,0.012385042398816104,-0.0027288002650003307,0.015623283158808123,-0.521347446779119,-0.009999999999999787,-1.1779229369194821,1.6562191584614592,-0.1543890415930854,-0.36986544168501106,0.0,,0.0,0.0,0.0,0.0,,,,,
2025-10-09,-0.016066519145850222,0.01747051875724015,-0.018515475392583802,0.01535246186020167,-0.5485362402598781,-0.040000000000000036,-1.1779229369194821,1.626252199887062,-0.31697779360963624,-0.46074299218620984,0.0,,0.0,0.0,0.0,0.0,,,,,
2025-10-10,-0.04275485337795537,-0.03130403879873267,-0.0586061814946639,0.01797884267594109,-0.8562047363560588,0.08000000000000007,,1.5975058281261874,0.1604295624304157,0.41517706809140653,0.0,,0.0,0.0,0.0,0.0,,,,,
2025-10-13,0.0,-0.04483735312937043,-0.05543681994254701,0.017741561182391008,-0.8562047363560588,0.08000000000000007,,1.5699094257288924,0.1604295624304157,0.41517706809140653,0.0,,0.0,0.0,0.0,0.0,,,,,
2025-10-14,-0.0038568002867842566,-0.049174115028439935,-0.05497456332391959,0.01694721670219994,-0.575823066784853,0.10999999999999943,,1.5433998957901713,0.1213832950666492,0.2354308068517596,0.0,,0.0,0.0,0.0,0.0,,,,,
2025-10-15,-0.007419932861656875,-0.07009810567224672,-0.05807567404079528,0.01694717145066125,-0.07253060609422324,0.08000000000000007,,1.5179209452881588,0.08223883345028707,0.23662787504337246,0.0,,0.0,0.0,0.0,0.0,,,,,
2025-10-16,-0.013461905605720581,-0.06749349213211708,-0.06693531506627881,0.01705539682940735,0.34717921020859244,0.14999999999999947,,1.4922521191362441,0.6634303206175388,0.980408114227175,0.0,,0.0,0.0,0.0,0.0,,,,,
2025-10-17,0.00017154129898777626,-0.024567097455173936,-0.06287127161865769,0.0169376488830187,0.34140739107783036,0.03000000000000025,,1.4673774389625969,0.4682542173187419,0.3078246548883262,0.0,,0.0,0.0,0.0,0.0,,,,,
2025-10-20,0.0006858710831290082,-0.023881226372044928,-0.05835099957581491,0.016951971763753706,0.34140739107783036,0.03000000000000025,,1.4432511440396074,0.6595915866668963,0.3078246548883262,0.0,,0.0,0.0,0.0,0.0,,,,,
2025-10-21,0.005470099109729176,-0.014554326975531495,-0.048712501919453643,0.016684151826283074,0.24153712343891742,0.050000000000000266,,1.419831046733523,0.3582849386539469,0.2369016435872977,0.0,,0.0,0.0,0.0,0.0,,,,,
2025-10-22,0.01085124245437541,0.003716848340500789,-0.032965611842104,0.015610054801637479,-0.026145045431147373,0.07999999999999963,,1.3970781792179185,0.5698225311924663,0.48758369774217925,0.0,,0.0,0.0,0.0,0.0,,,,,
2025-10-23,0.05159678964355141,0.06877554358977278,0.02103101315627498,0.020070100828549924,-0.23477290921176674,-0.019999999999999574,,1.374956481984852,0.8242462979575734,0.1608159773400346,0.0,,0.0,0.0,0.0,0.0,,,,,
2025-10-24,-0.0027263267628709897,0.06587767552791401,0.021590795332277146,0.019648278969608975,-0.19195909291251922,-0.0,,1.3534325284267783,0.7679558276708918,0.29970161035214987,0.0,,0.0,0.0,0.0,0.0,,,,,
2025-10-27,-0.0022508048087575006,0.0629409996360275,0.021033190288898496,0.0182602779047764,-0.14748687831047658,-0.009999999999999787,,1.332475280649392,0.7643248791110773,0.10473329244418095,0.0,,0.0,0.0,0.0,0.0,,,,,
2025-10-28,-0.018847024155878245,0.038623876370420085,0.00395854438256471,0.01833462744724962,0.20961291096414092,-0.010000000000000231,,1.31205587241001,0.662909673582285,0.30462473492833814,0.0,,0.0,0.0,0.0,0.0,,,,,
2025-10-29,0.004745161484904337,0.03251779540094901,0.00977762684406791,0.01830186610277491,0.30158202352769115,-0.10999999999999988,,1.2921474156867183,-0.20584588494626102,-0.7756684161387273,0.0,,0.0,0.0,0.0,0.0,,,,,
2025-10-30,0.0016310556543714938,-0.017447938588230905,0.011343450917105535,0.0176850251921081,-0.27291570038303625,-0.10000000000000053,,1.2727248278931451,-0.31371163111565836,-1.1379579290732318,0.0,,0.0,0.0,0.0,0.0,,,,,
2025-10-31,0.006335818449086261,-0.008385793376273654,0.01759823207130573,0.017690767327701015,-0.3732599051552654,-0.09000000000000075,,1.253764677180713,-0.10771765945493596,-0.8756734871258277,0.0,,0.0,0.0,0.0,0.0,,,,,
2025-11-03,0.0006475635648017786,-0.0054874250027143745,0.01880904587951271,0.0174074345734383,-0.5400715901151321,-0.1200000000000001,-0.915100228277286,-1.1543998332882253,-0.0,-0.7643248791110773,-0.005021507288627269,,0.0,0.0,0.0,0.0,,,,,
2025-11-04,-0.006657489881298773,0.006702109271865098,0.01307167881629745,0.01745801142476793,-0.9872666639588079,-0.10999999999999943,-0.9036682316278158,-1.1384040158408928,-0.056844903466989095,-0.7197545770492741,-0.005021507288627269,,0.0,0.0,0.0,0.0,,,,,
2025-11-05,-0.016094944250820475,-0.014137996463859714,-0.0006231925147890394,0.017425441576673383,-1.0926631444804435,-0.08999999999999986,-0.8931660909555679,-1.122721104579062,-0.2860646422269038,-0.08021875728064279,-0.005021507288627269,,0.0,0.0,0.0,0.0,,,,,
2025-11-06,-0.0026525214491313065,-0.018421573567362515,-0.0015463409290239483,0.01712733960936716,-0.33937099284979677,-0.0,-0.8837260951725913,-1.1073381982878159,0.1770816013558229,0.49079323247148127,-0.005021507288627269,,0.0,0.0,0.0,0.0,,,,,
2025-11-07,0.004967720101934248,-0.01978967191451453,0.0027646235338130154,0.014182009170117959,-0.0017300197139746842,-0.0,-0.8755234445275963,-1.0922430930065306,-0.18402385070027288,-0.07630619124533693,-0.005021507288627269,,0.0,0.0,0.0,0.0,,,,,
2025-11-10,0.0065854699639906755,-0.013851765515325631,0.00836406436050563,0.014242279908352312,0.1258118487096005,-0.0,-0.8687928769348296,-1.0774242331741222,-0.18402385070027288,-0.07630619124533693,0.0,,0.0,0.0,0.0,0.0,,,,,
2025-11-11,0.0,-0.007194275634026859,0.0071851952088701765,0.01419930264035509,0.1258118487096005,-0.0,-0.8638538980904155,-1.0628706668741106,-0.18402385070027288,-0.07630619124533693,0.0,,0.0,0.0,0.0,0.0,,,,,
2025-11-12,-0.027280467553882914,-0.018379798937089298,-0.020281114762038754,0.015469930292288004,0.6585242949834313,0.08999999999999986,-0.8611503300523758,-1.0485720047775824,-0.4279535080166937,-0.14188886578978988,0.0,,0.0,0.0,0.0,0.0,,,,,
2025-11-13,0.004039049583949961,-0.01168822790400803,-0.017302955354597138,0.015148958848136435,0.7578795478525024,-0.0,-0.8613147366618151,-1.0345183824269117,-1.0,-1.177081601355823,0.0,,0.0,0.0,0.0,0.0,,,,,
2025-11-14,0.02209208691820308,0.005436138912260802,0.0026322141061365656,0.015857627931091616,0.34715128348766777,-0.02999999999999936,-0.8652783467808074,-1.020700425542293,-1.0,-0.8159761492997271,0.0,,0.0,0.0,0.0,0.0,,,,,
2025-11-17,-0.0034559402453977484,-0.004605271297127622,-0.002773553030303688,0.015904824446028816,0.151527142979635,-0.0,-0.8480796693119311,-1.0052007424512468,-1.0,-0.8159761492997271,0.0,,0.0,0.0,0.0,0.0,,,,,
2025-11-18,0.013915260959841191,0.00930998966271357,0.008769622945989042,0.01611393419658947,0.151527142979635,-0.0,-0.8311244070697495,-0.9899636703001853,-1.0,-0.8159761492997271,0.0,,0.0,0.0,0.0,0.0,,,,,
2025-11-19,-0.020365295725323307,0.016225161491273177,-0.012406930853898324,0.016748742903081863,-0.37341237779418,-0.04999999999999982,-0.8143980187358608,-0.9749780180426745,-1.0,-0.5720464919833064,0.0,,0.0,0.0,0.0,0.0,,,,,
2025-11-20,-0.0033239186328835046,0.008862193274439711,-0.013796072147523653,0.011736139972470694,-0.7587820074934415,0.010000000000000675,-0.7978865663489542,-0.9602331505088739,-0.6226010725064124,0.3773989274935876,0.0,,0.0,0.0,0.0,0.0,,,,,
2025-11-21,-0.020348806056743385,-0.03357869970050675,-0.03132897690031555,0.012439167686469996,-0.7429323466146887,0.08000000000000007,-0.7815766639510955,-0.945718949815783,-0.2664278714961356,0.7335721285038643,0.0,,0.0,0.0,0.0,0.0,,,,,
2025-11-24,0.004238372030951787,-0.025884387424157218,-0.024599162407397124,0.012538914016062715,-0.6625955912829662,0.08999999999999986,-0.7654554316317875,-0.9314257798430133,0.17508681024154468,1.1750868102415446,0.0,,0.0,0.0,0.0,0.0,,,,,
2025-11-25,-0.014656022390467704,-0.054455670774466114,-0.03697329242416991,0.012283614796362401,-0.3471583423189095,0.11000000000000032,-0.749510454995173,-0.9173444534810414,0.3484316808468805,1.3484316808468804,0.0,,0.0,0.0,0.0,0.0,,,,,
2025-11-26,0.009567816026054388,-0.02452255902308842,-0.025364716751476557,0.012474668775750769,0.20913958935881993,0.1299999999999999,-0.7337297502870187,-0.903466202390161,1.0,2.0,0.0,,0.0,0.0,0.0,0.0,,,,,
2025-11-27,0.0,-0.021198640390204915,-0.023242404322119548,0.012454716535117313,0.20913958935881993,0.1299999999999999,-0.7181017356826086,-0.8897826490358601,1.0,2.0,0.0,,0.0,0.0,0.0,0.0,,,,,
2025-11-28,-0.003918567072277668,-0.004768401405739198,-0.024525939688972542,0.012298284533981648,0.6668017885320898,0.040000000000000036,-0.7026152095798517,-0.8762857807905583,1.0,1.2664278714961357,0.0,,0.0,0.0,0.0,0.0,,,,,
2025-12-01,0.015078642318915314,0.006071868882224329,-0.007533819602337566,0.012909185349014037,0.7635516264740572,-0.04999999999999982,-0.7946541745537236,-0.29851000010930306,0.5121790860372925,0.33709227579574774,-0.5913182334695399,,0.0,0.0,0.0,0.0,,,,,
2025-12-02,-0.011160075246637646,0.009567816026054388,-0.016555287812988873,0.013034921741600859,0.4002186897524185,-0.08000000000000007,-0.7791148642336048,-0.29196297748546446,0.595830878614547,0.2473991977676665,-0.5913182334695399,,0.0,0.0,0.0,0.0,,,,,
2025-12-03,0.004749796885718638,0.004749796885718638,-0.010709120948111384,0.0126890340345418,0.4207228911687899,-0.05999999999999961,-0.763810600212242,-0.2854194083748607,1.0,0.0,-0.5913182334695399,,0.0,0.0,0.0,0.0,,,,,
2025-12-04,0.012278347844218551,0.01702814472993719,0.0019190534105986146,0.013027370046883223,0.4207228911687899,-0.05999999999999961,-0.7487375832291125,-0.2788784110850652,0.4225733449491461,0.0,-0.5913182334695399,,0.0,0.0,0.0,0.0,,,,,
2025-12-05,0.006830513853827824,0.02777722565604268,0.009006254091324273,0.013073964731458764,0.30267808979064226,-0.1200000000000001,-0.733893992593742,-0.2723391006613479,-0.08451466898983148,-1.0845146689898315,-0.5913182334695399,,0.0,0.0,0.0,0.0,,,,,
2025-12-08,-0.019955386763412797,-0.00725680342628543,-0.009365403008821716,0.01367603616402695,0.17373882310544042,-0.08000000000000007,-0.7192803518812346,-0.2658005882502906,0.08435399958808897,-0.4278250864492035,0.0,,0.0,0.0,0.0,0.0,,,,,
2025-12-09,-0.010899290458035615,-0.006996018637683399,-0.01813599928068843,0.013825942595992596,0.3825939955442448,-0.08999999999999986,-0.7049000217172602,-0.2592619804532939,0.08435399958808897,-0.4278250864492035,0.0,,0.0,0.0,0.0,0.0,,,,,
2025-12-10,0.0046126331035871715,-0.007133182419814865,-0.012989327023805508,0.012552945515726924,0.048370958871424286,-0.07000000000000028,-0.6907598659081431,-0.2527223786688102,0.16757324924667563,-0.8324267507533244,0.0,,0.0,0.0,0.0,0.0,,,,,
2025-12-11,-0.015632028353198102,-0.03504355861723152,-0.027103762326849967,0.012940432257517415,0.5772452985914334,-0.02999999999999936,-0.676871157890775,-0.24618087842209047,0.5027860990768034,0.08021275412765727,0.0,,0.0,0.0,0.0,0.0,,,,,
2025-12-12,-0.002600330840278886,-0.04447440331133823,-0.026951879229051734,0.011686498082903759,0.4491810586620071,-0.05000000000000071,-0.6632508261050798,-0.23963656868119462,0.8382719408287708,0.9227866098186023,0.0,,0.0,0.0,0.0,0.0,,,,,
2025-12-15,-0.011171350251987455,-0.03569036679991289,-0.03498524504263312,0.011837320018907754,0.6788600384182164,-0.009999999999999787,-0.649923186208053,-0.23308853115795622,0.7612455053915218,0.6768915058034328,0.0,,0.0,0.0,0.0,0.0,,,,,
2025-12-16,-0.027223458610656337,-0.05201453495253361,-0.05701378323635797,0.012283917458601374,0.6570922879075236,0.02999999999999936,-0.6348029055897375,-0.23693737669859669,0.8381612384075147,0.6768915058034328,0.0,,0.0,0.0,0.0,0.0,,,,,
2025-12-17,0.011299555253933669,-0.04532761280218711,-0.042102550114455184,0.012266325825195427,0.43107448755005384,-0.03000000000000025,-0.6197562845815061,-0.24080179823482242,0.7513875083860165,0.5838142591393409,0.0,,0.0,0.0,0.0,0.0,,,,,
2025-12-18,0.0026716553428043355,-0.027023929106184674,-0.03611899560246723,0.012346728442113507,-0.06067677946324235,0.019999999999999574,-0.6047723249947409,-0.24468205773654692,0.7599181601941238,0.25713206111732045,0.0,,0.0,0.0,0.0,0.0,,,,,
2025-12-19,0.01026376024872011,-0.014159838017185677,-0.02407396449983601,0.012016607439591896,-0.017478996073050368,0.03000000000000025,-0.5898401641488987,-0.24857842161057916,0.2573379978350478,-0.580933942993723,0.0,,0.0,0.0,0.0,0.0,,,,,
2025-12-22,0.024005327339949645,0.021016839574751423,0.0007242859285749859,0.013283852787320392,-0.029260704541078653,0.009999999999999787,-0.5749491147935066,-0.25249116081364215,0.17213259316491764,-0.5891129122266041,0.0,,0.0,0.0,0.0,0.0,,,,,
2025-12-23,0.006339436976670498,0.05457973516207826,0.006806873025348992,0.012956198932452387,0.1538908100912284,-0.02999999999999936,-0.5600887404139072,-0.25642055096874483,-0.4333835174886587,-1.2715447558961734,0.0,,0.0,0.0,0.0,0.0,,,,,
2025-12-24,0.002899294262533658,0.04617947417067825,0.009782743496163704,0.012788695022893877,0.5973950314177467,0.009999999999999787,-0.5452489829783549,-0.2603668724850313,-0.17208787178376186,-0.9234753801697784,0.0,,0.0,0.0,0.0,0.0,,,,,
2025-12-25,0.0,0.04350781882787391,0.009859319704442981,0.012788695022893877,0.5973950314177467,0.009999999999999787,-0.5304203694575207,-0.2643304106812359,-0.17208787178376186,-0.9234753801697784,0.0,,0.0,0.0,0.0,0.0,,,,,
2025-12-26,-0.03677139909712235,-0.003527340517968547,-0.02519286158315648,0.01519218530385214,0.5766228492109171,0.020000000000000462,-0.5155943383998094,-0.26831145591286854,0.08512885768577359,-0.1722091401492742,0.0,,0.0,0.0,0.0,0.0,,,,,
2025-12-29,0.022535672881775604,-0.004996994976142588,-0.0013108224200015783,0.015708862138659057,0.33444119235410685,0.04999999999999982,-0.5007637525012574,-0.27231030370327636,0.7676240896045858,0.5954914964396683,0.0,,0.0,0.0,0.0,0.0,,,,,
2025-12-30,-0.0017289077612261394,-0.013065339714039226,-0.002164922274118908,0.015539404500644984,0.17693393046446237,0.040000000000000036,-0.4859237047988001,-0.2763272548787207,0.508474102014446,0.9418576195031048,0.0,,0.0,0.0,0.0,0.0,,,,,
2025-12-31,-0.00921345065971746,-0.025178084636290343,-0.009805402649455175,0.015587000187804989,-0.2582110096351897,-0.02999999999999936,-0.47107279865969454,-0.2803626157076184,0.17016485246869406,0.3422527242524559,0.0,,0.0,0.0,0.0,0.0,,,,,
2026-01-01,0.0,-0.025178084636290343,-0.007618514972864254,0.01525090895059032,-0.2582110096351897,-0.02999999999999936,1.6706800176067864,-2.667009950465453,0.17016485246869406,0.3422527242524559,-0.18952335739848003,,0.0,0.0,0.0,0.0,,,,,
2026-01-02,-0.0008735913895323577,0.010719723071299647,-0.005920013423636128,0.01510778434321626,-0.11182508414084857,-0.05000000000000071,1.722042780923529,-2.579466017879057,0.7688784312951131,0.6837495736093395,-0.18952335739848003,,0.0,0.0,0.0,0.0,,,,,
2026-01-05,0.015436955577428968,0.0036210057669530116,0.01031941797551017,0.0150371011989943,-0.02450039677264204,-0.04999999999999982,1.7772849042458814,-2.4988082666476674,0.9409492469135897,0.17332515730900389,-0.18952335739848003,,0.0,0.0,0.0,0.0,,,,,
2026-01-06,-0.019640850365561846,-0.014290936837382695,-0.008081878572958168,0.015466928697062461,-0.2400122516714287,-0.040000000000000036,1.836950831360848,-2.424147187466017,1.0,0.491525897985554,-0.18952335739848003,,0.0,0.0,0.0,0.0,,,,,
2026-01-07,-0.016994567270563365,-0.0220720534482286,-0.022756532007719876,0.015787937742140278,-0.10547360404056239,0.02999999999999936,1.9016990233267315,-2.3547466075625,0.5948866829485513,0.42472183047985723,-0.18952335739848003,,0.0,0.0,0.0,0.0,,,,,
2026-01-08,0.030419928013047937,0.008347874564819335,0.007680712022817282,0.017051881053744097,-0.10547360404056239,0.02999999999999936,1.9723346991199118,-2.289991255253131,0.26206835218040825,0.42472183047985723,0.0,,0.0,0.0,0.0,0.0,,,,,
2026-01-09,0.020909073646292242,0.030130539600643935,0.027431631462270012,0.017663780241186533,-0.5146903288215654,0.010000000000000675,2.049854867390614,-2.2293623389110895,-0.17590168335791034,-0.9447801146530235,0.0,,0.0,0.0,0.0,0.0,,,,,
2026-01-12,0.007266614146687722,0.02196019816990269,0.032618193182184285,0.01746646740991052,-0.3148324014873749,-0.020000000000000462,2.1355115071835624,-2.172418899806423,-0.2658469886722185,-1.2067962355858082,0.0,,0.0,0.0,0.0,0.0,,,,,
2026-01-13,0.02428595740576789,0.06588700594123242,0.05224862736035796,0.016698908964905137,-0.30004833833832123,-0.0,2.230902234067391,-2.118783391382391,-0.44886519346274273,-1.4488651934627428,0.0,,0.0,0.0,0.0,0.0,,,,,
2026-01-14,0.016138584845630355,0.09902015805742614,0.06348973749880837,0.016834745373361975,-0.06823951234609105,-0.0,2.3381038106478083,-2.068130397228546,-0.1820792639421195,-0.7769659468906708,0.0,,0.0,0.0,0.0,0.0,,,,,
2026-01-15,-0.04481199444642847,0.023788235597949736,0.01615445083466316,0.0201809010619317,0.07935688448036382,0.020000000000000462,2.4598747032564985,-2.0201777108053163,-0.9106315971723404,-1.1726999493527486,0.0,,0.0,0.0,0.0,0.0,,,,,
2026-01-16,0.0045558165358610125,0.0074349784875185065,0.018472372338449006,0.020105895789480386,0.11453858086948321,-0.0600000000000005,2.3747781161353103,-1.9700974338522086,-0.9933165056269349,-0.8174148222690245,0.0,,0.0,0.0,0.0,0.0,,,,,
2026-01-19,0.0,0.00016836434083078444,0.017434743673372388,0.01944366781285067,0.11453858086948321,-0.0600000000000005,2.2965298270905112,-1.9227092234261758,-0.9933165056269349,-0.8174148222690245,0.0,,0.0,0.0,0.0,0.0,,,,,
2026-01-20,0.015037877364540542,-0.009079715700396562,0.031000070353441878,0.019664532313852047,0.5781583334790064,-0.1200000000000001,2.224219538975674,-1.877765290817232,-1.0,-0.5511348065372572,0.0,,0.0,0.0,0.0,0.0,,,,,
2026-01-21,0.0013258205455528582,-0.02389248000047406,0.030932013900373256,0.019661671146042545,0.5090297339723548,-0.10999999999999943,2.157098179711232,-1.8350488867212307,-1.0,-0.8179207360578805,0.0,,0.0,0.0,0.0,0.0,,,,,
2026-01-22,-0.01906093487909466,0.0018585795668597527,0.011430248766611584,0.02018771826577726,0.6657771859017503,-0.08999999999999986,2.0945428990637436,-1.7943694847302578,-1.0,-0.8179207360578805,0.0,,0.0,0.0,0.0,0.0,,,,,
2026-01-23,0.024346708665854422,0.021649471696853162,0.03228022178964984,0.018839076496031934,0.9878101792248462,-0.0,2.0360309324757275,-1.755558851099293,-1.0,-0.006683494373065146,0.0,,0.0,0.0,0.0,0.0,,,,,
2026-01-26,-0.003961708714140144,0.017687762982713018,0.026146646512490435,0.01835518994540823,0.9878101792248462,-0.0,1.981119793137672,-1.7184678144843903,-0.9909770444877796,-0.006683494373065146,0.0,,0.0,0.0,0.0,0.0,,,,,
2026-01-27,0.02579734895702579,0.028447234575198266,0.04839581607058374,0.019065551185709288,1.6687108346484347,0.05999999999999961,1.9294320570717025,-1.6829635931743316,-0.7272180923541267,0.2727819076458733,0.0,,0.0,0.0,0.0,0.0,,,,,
2026-01-28,0.011379239703554589,0.038500653733199997,0.05519724185704167,0.018895380885290768,1.5345671429684682,-0.0,1.8806435329331397,-1.6489275698384276,-0.8440997823735407,0.15590021762645934,0.0,,0.0,0.0,0.0,0.0,,,,,
2026-01-29,0.03168395518293288,0.08924554379522753,0.08071918536373168,0.01979801401585291,1.4737046986397218,0.019999999999999574,1.8344739608441534,-1.6162534281641747,-0.8440997823735407,0.15590021762645934,0.0,,0.0,0.0,0.0,0.0,,,,,
2026-01-30,-0.004177309393099016,0.060721525736274096,0.0705450501945677,0.01987344425226484,0.8393777502657684,-0.019999999999999574,1.7906796249074721,-1.584845584179823,-0.4734072332775825,0.5265927667224175,0.0,,0.0,0.0,0.0,0.0,,,,,
2026-02-02,-0.046003353262252134,0.018679881188162106,0.021616886598235574,0.022861457952246422,-0.2612397026746649,-0.07000000000000028,3.697614296788742,1.3670555856692093,-1.0,-0.009022955512220432,-0.1762341799844691,,0.0,0.0,0.0,0.0,,,,,
2026-02-03,0.016422845358785132,0.009305377589921449,0.033311736836722616,0.02240563525637921,-0.44622370102587183,-0.040000000000000036,3.438726921011259,1.361731762650138,-0.9517841196972637,-0.22456602734313702,-0.1762341799844691,,0.0,0.0,0.0,0.0,,,,,
2026-02-04,0.03051030806343391,0.02843644594980077,0.05671880601315937,0.022499426447010383,-0.6369578518564456,-0.03000000000000025,3.2235340682914946,1.3564474898379422,-0.9491691011080382,-0.10506931873449754,-0.1762341799844691,,0.0,0.0,0.0,0.0,,,,,
2026-02-05,-0.0260488602552984,-0.029296369488430507,0.026390146284280824,0.02295787572898077,-0.9058273359241698,0.03000000000000025,3.0407733474220486,1.3512022239971737,0.1902136564389472,-0.10506931873449754,-0.1762341799844691,,0.0,0.0,0.0,0.0,,,,,
2026-02-06,0.013736696620784805,-0.011382363474546686,0.0362056622827609,0.022739422175099742,-0.28931395865634535,0.040000000000000036,2.882873736935756,1.3459954322969605,0.39298135655544525,0.8663885898330277,-0.1762341799844691,,0.0,0.0,0.0,0.0,,,,,
2026-02-09,0.011847371620568481,0.04646836140827393,0.04390281540733021,0.0227978859911155,0.6097452790575275,0.07000000000000028,2.7445318041748026,1.3408265920551383,0.600690801578575,1.600690801578575,0.0,,0.0,0.0,0.0,0.0,,,,,
2026-02-10,-0.005127021251833064,0.024918494797655732,0.03609622459237816,0.022375375960187332,0.385500828979346,0.1200000000000001,2.6219064725768866,1.3356951904900332,0.8003118705864884,1.752095990283752,0.0,,0.0,0.0,0.0,0.0,,,,,
2026-02-11,0.009302392662313252,0.003710579396535074,0.04306085730073761,0.022210561208915715,0.676558977576569,0.11000000000000032,2.512137894530345,1.3306007244796438,-0.10164490847808724,0.8475241926299509,0.0,,0.0,0.0,0.0,0.0,,,,,
2026-02-12,-0.026901841263391013,0.0028575983884424616,0.012925748424242656,0.020505054338492222,0.814997713145782,0.1200000000000001,2.41304671841002,1.3255427003279445,0.913237058790091,0.7230234023511438,0.0,,0.0,0.0,0.0,0.0,,,,,
2026-02-13,-0.00047569968390881456,-0.011354797916251158,0.009468356938216793,0.020518835134231386,0.6046141472437205,0.17999999999999972,2.3229388882952753,1.3205206335380821,1.0,0.6070186434445548,0.0,,0.0,0.0,0.0,0.0,,,,,
2026-02-16,0.0,-0.02320216953681964,0.006486665136100633,0.020518835134231386,0.6046141472437205,0.17999999999999972,2.2401808424776473,1.297734187811058,1.0,0.6070186434445548,0.0,,0.0,0.0,0.0,0.0,,,,,
2026-02-17,-0.008281620831722236,-0.02635676911670881,-0.0036106725879250234,0.02046016664208428,-0.1837109093136835,0.11000000000000032,2.1640469707064316,1.275551540241267,1.0,0.19968812941351155,0.0,,0.0,0.0,0.0,0.0,,,,,
2026-02-18,0.04380490727345254,0.008145745494430479,0.036254563456828315,0.022508920373683107,-0.3256424947705616,0.08999999999999986,2.0936526062727547,1.2539398371906492,1.0,1.1016449084780873,0.0,,0.0,0.0,0.0,0.0,,,,,
2026-02-19,0.02015372402693405,0.05520131078475554,0.05050788330976275,0.022104246537176905,-0.5936823620696696,0.009999999999999787,2.0282703952908863,1.23286855044546,1.0,0.08676294120990902,0.0,,0.0,0.0,0.0,0.0,,,,,
2026-02-20,0.0004499437646217075,0.056126954233286064,0.04625226114544656,0.02169676811390216,-0.3964235937981231,-0.040000000000000036,1.9672960095340144,1.2123092641232796,1.0,0.0,0.0,,0.0,0.0,0.0,0.0,,,,,
2026-02-23,-0.004960551321970819,0.051166402911315245,0.03663608602492907,0.021718906963170664,-0.3964235937981231,-0.040000000000000036,1.910222579049394,1.1922354847807495,1.0,0.0,0.0,,0.0,0.0,0.0,0.0,,,,,
2026-02-24,-0.011213937789288586,0.048234085953748895,0.022617088774410377,0.021397105250360295,-0.1773436670559514,0.009999999999999787,1.856621338582093,1.1726224717790574,0.9453717029880107,-0.054628297011989346,0.0,,0.0,0.0,0.0,0.0,,,,,
2026-02-25,-0.004888491250570226,-0.0004593125702738732,0.01573692461031495,0.021363185686710202,0.06245619156399762,0.040000000000000036,1.8061267779064625,1.1534470853860634,1.0,0.0,0.0,,0.0,0.0,0.0,0.0,,,,,
2026-02-26,-0.0030674870678621957,-0.02368052366507012,0.01241533674146833,0.020202799034107113,0.2801191521320967,0.0600000000000005,1.7584251072195052,1.1346876504484897,1.0,0.0,0.0,,0.0,0.0,0.0,0.0,,,,,
2026-02-27,0.028170876966696845,0.004040409537005019,0.03871470358919016,0.021104124596338356,0.14356942056092947,0.10999999999999988,1.7132451968460405,1.1163238337665768,1.0,0.0,0.0,,0.0,0.0,0.0,0.0,,,,,
2026-03-02,0.06041376256420339,0.06941472342317923,0.09193610024309606,0.02180205214281975,-0.6168416857795789,-0.019999999999999574,-2.950672823386128,-1.6412295262728558,0.8935827481324402,-0.10641725186755979,-0.09068692127598421,,0.0,0.0,0.0,0.0,,,,,
2026-03-03,0.046021444223388386,0.1266501054358562,0.1292852486129572,0.023407097207768113,-1.2614215113148974,-0.019999999999999574,-2.820233262749932,-1.6151980243507866,0.556177643741025,-0.3891940592469857,-0.09068692127598421,,0.0,0.0,0.0,0.0,,,,,
2026-03-04,0.0013417417818626376,0.13288033846828906,0.12341312285537054,0.02287753411555086,-1.10512953323878,-0.040000000000000036,-2.7037452448275774,-1.589986346838444,0.2780888218705104,-0.7219111781294896,-0.09068692127598421,,0.0,0.0,0.0,0.0,,,,,
2026-03-05,0.08109419996154177,0.21704202549769303,0.19193630226662162,0.026874133981420703,-1.4114001027953016,-0.11000000000000032,-2.5988197586198902,-1.5655479730609394,-0.9138258024083139,-1.913825802408314,-0.09068692127598421,,0.0,0.0,0.0,0.0,,,,,
2026-03-06,0.11536225982631976,0.30423340835731594,0.2896462633823731,0.035370560747406896,-1.4162853721239488,-0.18000000000000016,-2.503605078164112,-1.5418399907670257,-0.5429746585718774,-1.5429746585718775,-0.09068692127598421,,0.0,0.0,0.0,0.0,,,,,
2026-03-09,0.04185704311679572,0.28567668890990827,0.31235052421379006,0.03574588547409785,-0.714689003682567,-0.07000000000000028,-2.416640608664312,-1.5188227426603162,-0.7165922840091676,-1.610175032141608,0.0,,0.0,0.0,0.0,0.0,,,,,
2026-03-10,-0.12282743298336651,0.11682781170315337,0.17625532953162093,0.04765766164730117,0.5932978939850564,-0.09000000000000075,-2.3367565816438747,-1.4964595143910968,-1.0,-1.5561776437410249,0.0,,0.0,0.0,0.0,0.0,,,,,
2026-03-11,0.03624817699433969,0.15173424691563042,0.19788845561055712,0.04791981961732403,-0.18308481109929886,-0.1200000000000001,-2.2630035123978707,-1.4747162583772289,-1.0,-1.2780888218705104,0.0,,0.0,0.0,0.0,0.0,,,,,
2026-03-12,0.0966707954310504,0.16731084238513905,0.2737655682914806,0.050197429256796745,-0.21276542361143846,-0.13999999999999968,-2.1946015136138106,-1.4535613486875318,-1.0,-0.0861741975916861,0.0,,0.0,0.0,0.0,0.0,,,,,
2026-03-13,0.029576064778843225,0.08152464733766251,0.28104536209706144,0.049976544157938965,-0.8877656057778349,-0.1299999999999999,-2.1309031790577575,-1.4329653629383612,-1.0,-0.45702534142812257,0.0,,0.0,0.0,0.0,0.0,,,,,
2026-03-16,-0.05306920875457166,-0.01340160453370487,0.20833334280695404,0.05256447626879411,-0.4868840841031785,-0.11000000000000032,-2.0713659413761616,-1.4129008877514582,-1.0,-0.45702534142812257,0.0,,0.0,0.0,0.0,0.0,,,,,
2026-03-17,0.027668079587905403,0.13709390803756705,0.21456112683834405,0.05217252310263516,-0.9326555794669344,-0.04999999999999982,-2.0155311716331945,-1.3933423448205193,-1.0,0.0,0.0,,0.0,0.0,0.0,0.0,,,,,
2026-03-18,0.0011450581587357789,0.10199078920196314,0.1963988818962994,0.05208201974743069,-0.5357599433306603,-0.04999999999999982,-1.9630081590765136,-1.3688374811248327,-1.0,0.0,0.0,,0.0,0.0,0.0,0.0,,,,,
2026-03-19,-0.00010404203307512461,0.005215951737837621,0.1780004250654441,0.052261369387912926,-0.29835748985793664,0.019999999999999574,-1.9134616786858656,-1.3450599728614463,-1.0,0.0,0.0,,0.0,0.0,0.0,0.0,,,,,
2026-03-20,0.02669288959460392,0.0023327765535983147,0.18508675257076845,0.052119012844524075,0.22903017623958632,-0.10999999999999943,-1.8666022336475352,-1.3219696824928142,-1.0,0.0,0.0,,0.0,0.0,0.0,0.0,,,,,
2026-03-23,-0.09984888071604914,-0.04444689540787916,0.07037572623514521,0.058412015931998795,0.1331423765789319,-0.10999999999999943,-1.8221783178740731,-1.2995296631888402,-1.0,0.0,0.0,,0.0,0.0,0.0,0.0,,,,,
2026-03-24,0.042195728674903066,-0.0299192463208815,0.09503882596726232,0.058378006634017855,-0.24759498234205868,-0.1899999999999995,-1.7842195299192487,-1.2777058652444577,-1.0,0.0,0.0,,0.0,0.0,0.0,0.0,,,,,
2026-03-25,-0.018084850461363544,-0.04914915494098082,0.06008116452365453,0.0587183431064757,-0.1672675847761651,-0.07000000000000028,-1.748543355757996,-1.2564668785813848,-1.0,0.0,0.0,,0.0,0.0,0.0,0.0,,,,,
2026-03-26,0.04977317992222918,0.0007280670143234858,0.09033950011413339,0.05896218436282892,-0.17373910178215546,-0.16999999999999993,-1.7149297854732408,-1.2357837067953703,-1.0,0.0,0.0,,0.0,0.0,0.0,0.0,,,,,
2026-03-27,0.05147003069224709,0.02550520811196666,0.12112972878835393,0.05937096092323996,-0.5066692607068601,-0.05000000000000071,-1.6831873948088898,-1.2156295689528855,-1.0,0.0,0.0,,0.0,0.0,0.0,0.0,,,,,
2026-03-30,0.0333121357895001,0.1586662246175159,0.13511714389856166,0.05872208064270825,-1.1239224560206873,-0.009999999999999787,-1.6531487408403203,-1.1959797259688125,-1.0,0.0,0.0,,0.0,0.0,0.0,0.0,,,,,
2026-03-31,-0.01763476198449343,0.0988357339581194,0.10134047154517045,0.058923704025902766,-0.7537698899937162,0.08999999999999986,-1.6246666327664514,-1.1768113289328321,-0.9849893653506221,0.015010634649377907,0.0,,0.0,0.0,0.0,0.0,,,,,
2026-04-01,-0.00937690011809078,0.10754368430139216,0.07635759315317969,0.05911383988844113,0.006992529647498191,-0.0,-4.108617546148765,-0.6933999616655988,-0.935953143748681,0.064046856251319,0.6698267931692481,,0.0,0.0,0.0,0.0,,,,,
2026-04-02,0.10542920809726919,0.16319971247643217,0.1649640725697621,0.060760258421634614,-0.09469303673923513,0.11000000000000032,-3.803422711003509,-0.680310772187911,-0.7540921257927379,0.24590787420726212,0.6698267931692481,,0.0,0.0,0.0,0.0,,,,,
2026-04-03,0.0,0.11172968178418508,0.15390945688039093,0.056219454170834016,0.1891051916241171,0.09000000000000075,-3.557518399180416,-0.6672905179893414,-0.9391144635293194,0.06088553647068062,0.6698267931692481,,0.0,0.0,0.0,0.0,,,,,
2026-04-06,0.006865015519680107,0.08528256151436509,0.15146945809055623,0.05575295820919839,0.7048681165287451,0.009999999999999787,-3.3539003747941103,-0.6543314620833866,-0.9208345943082171,0.07916540569178288,0.6698267931692481,,0.0,0.0,0.0,0.0,,,,,
2026-04-07,0.004987105134802938,0.10790442863366145,0.1407608220099359,0.046341005791036546,0.590738216218456,-0.03000000000000025,-3.1816917121339583,-0.6414257966162387,-0.7794668511216754,0.20552251422894674,0.6698267931692481,,0.0,0.0,0.0,0.0,,,,,
2026-04-08,-0.1751558102560411,-0.057874481504288866,-0.03952053009900869,0.06264755942157824,0.88261885217924,0.040000000000000036,-3.0335681334681674,-0.6285656090610572,-0.4836878533952279,0.4522652903534531,0.0,,0.0,0.0,0.0,0.0,,,,,
2026-04-09,0.03524548892074719,-0.12805820068081086,-0.00632931770565115,0.059341847164415325,1.3304233089632578,0.019999999999999574,-2.9043930475328987,-0.6157428457325212,-0.0639749938768106,0.6901171319159273,0.0,,0.0,0.0,0.0,0.0,,,,,
2026-04-10,-0.012932085661343962,-0.14099028634215482,-0.019190272372374473,0.059064833581062445,1.4929158395942221,0.040000000000000036,-2.790443285036824,-0.6029492720427667,-0.25285375351902933,0.68626071001029,0.0,,0.0,0.0,0.0,0.0,,,,,
2026-04-13,0.023913527752298158,-0.12394177410953677,0.0009452495491997226,0.05792671744093903,1.194550868469868,0.040000000000000036,-2.6889454017659236,-0.5901764288162074,-0.31622628746375,0.6046083068444672,0.0,,0.0,0.0,0.0,0.0,,,,,
2026-04-14,-0.07899249153847254,-0.20792137078281225,-0.07649221926367744,0.06046572888188534,1.6305684840425494,0.07000000000000028,-2.5977853085390388,-0.5774155838514026,-0.2515734640646009,0.5278933870570744,0.0,,0.0,0.0,0.0,0.0,,,,,
2026-04-15,-0.0003223899872102365,-0.03308795051398139,-0.07518621411799487,0.060463170299916914,0.5856730578634561,-0.0,-2.5153195207886503,-0.5646576777560782,-0.0,0.4836878533952279,0.0,,0.0,0.0,0.0,0.0,,,,,
2026-04-16,0.03609890643041691,-0.03223453300431167,-0.03926905997786001,0.06105028007549094,0.4526500465097505,-0.03000000000000025,-2.4402485069632838,-0.5518932628773935,0.031068453245899373,0.09504344712270998,0.0,,0.0,0.0,0.0,0.0,,,,,
2026-04-17,-0.11582817799086076,-0.13513062533382847,-0.14815293687972808,0.06591679285919712,0.6526428797393846,0.04999999999999982,-2.37152935051965,-0.5391124338913331,0.5274702308946991,0.7803239844137284,0.0,,0.0,0.0,0.0,0.0,,,,,
2026-04-20,0.058218393256670886,-0.10082575982945574,-0.0908936062327017,0.06362765895577312,0.6338262532817551,0.040000000000000036,-2.297228504347647,-0.5322107958385601,0.341279688693569,0.657505976157319,0.0,,0.0,0.0,0.0,0.0,,,,,
2026-04-21,0.027939012716074352,0.006105744425091153,-0.06320082032832985,0.0632199140351913,-0.0633670192407676,-0.040000000000000036,-2.228218055511254,-0.52534470004463,0.3715533707315974,0.6231268347961982,0.0,,0.0,0.0,0.0,0.0,,,,,
2026-04-22,0.011889736667874296,0.018317871080175685,-0.05305603982862195,0.06311768966146694,-0.20116202540840789,-0.009999999999999787,-2.163865731648833,-0.518513124423801,0.15415574756280248,0.15415574756280248,0.0,,0.0,0.0,0.0,0.0,,,,,
2026-04-23,0.04649603131104563,0.0287149959608044,-0.008141107255180913,0.06299056891820605,-0.2989989996755815,-0.019999999999999574,-2.103640318184712,-0.5117150653798404,0.39856596754728185,0.3674975143013825,0.0,,0.0,0.0,0.0,0.0,,,,,
2026-04-24,-0.008599375163798051,0.1359437987878671,-0.015318110863782763,0.06190941749695508,-0.55039189698467,-0.04999999999999982,-2.047091755497365,-0.5049495370395134,0.30690499480907796,-0.22056523608562117,0.0,,0.0,0.0,0.0,0.0,,,,,
2026-04-27,0.014825545106226024,0.09255095063742225,0.0018541353318033416,0.061500177413110244,-0.26083117524573485,-0.08999999999999986,-1.9938358292620904,-0.49821557051099413,0.12251297987630153,-0.21876670881726748,0.0,,0.0,0.0,0.0,0.0,,,,,
2026-04-28,0.0350188236474942,0.0996307615688421,0.036586980787058465,0.061936725880857246,-0.2858998033488991,-0.0600000000000005,-1.9435422511122424,-0.49151221316585453,-0.15206009188782513,-0.5236134626194225,0.0,,0.0,0.0,0.0,0.0,,,,,
2026-04-29,0.06565558669263094,0.15339661159359874,0.09820496494691433,0.06357147781429424,-0.4191385526524316,-0.1200000000000001,-1.8959252762520258,-0.4848385279433704,-0.3290255963807435,-0.483181343943546,0.0,,0.0,0.0,0.0,0.0,,,,,
2026-04-30,-0.01670432707379721,0.0901962532087559,0.08356971209889519,0.0590225037290915,0.037484574465840304,-0.0600000000000005,-1.8507362433292345,-0.47819359267592293,-0.2692604940635556,-0.6678264616108375,0.0,,0.0,0.0,0.0,0.0,,,,,
2026-05-01,-0.03046679902924687,0.06832882934330708,0.05669532724688864,0.059358501096601284,0.28367026195701417,-0.08000000000000007,-2.5030834590541207,0.14118221335797607,-0.1194625314799196,-0.42636752628899754,0.15325555203637986,,0.0,0.0,0.0,0.0,,,,,
2026-05-04,0.04072329919643547,0.09422658343351653,0.0993181264367271,0.06014999096274338,-0.23670176421266564,-0.10000000000000053,-2.418330204431522,0.14239778306826678,-0.32614923849391153,-0.44866221837021303,0.15325555203637986,,0.0,0.0,0.0,0.0,,,,,
2026-05-05,-0.038069772241405175,0.021137987544617154,0.06530069805753502,0.06065891498386583,0.12713466255007688,-0.0699999999999994,-2.340204343278374,0.14361417869899565,-0.3566092205771588,-0.2045491286893337,0.15325555203637986,,0.0,0.0,0.0,0.0,,,,,
2026-05-06,-0.06763498795493827,-0.11215258710295206,-0.0036579871502446792,0.04817670076193768,0.8390604336782848,0.05999999999999961,-2.267844995814169,0.1448314064033665,-0.23823924757076279,0.09078634880998074,0.15325555203637986,,0.0,0.0,0.0,0.0,,,,,
2026-05-07,-0.0037538724140375734,-0.09920213244319243,-0.00678558875038604,0.047516169926023276,0.5556538665722921,-0.009999999999999787,-2.200540298974191,0.14604947235478272,-0.4188378258242472,-0.1495773317606916,0.15325555203637986,,0.0,0.0,0.0,0.0,,,,,
2026-05-08,0.00496832454184748,-0.06376700887209807,-0.0020860139048011206,0.04744070363605632,0.2984983858788537,0.009999999999999787,-2.13769574511925,0.1472683827470234,-0.2752353144702051,-0.15577278299028552,0.0,,0.0,0.0,0.0,0.0,,,,,
2026-05-11,0.02684390092743616,-0.07764640714109738,0.024342618667616556,0.047522028491776815,0.648172459992058,0.03000000000000025,-2.078810377253737,0.1484881437944213,-0.5160521320157155,-0.189902893521804,0.0,,0.0,0.0,0.0,0.0,,,,,
2026-05-12,0.04071170880135622,0.0011350739016640077,0.05865384909696214,0.04443225277696404,0.08168894636434443,-0.03000000000000025,-2.0234586352552784,0.14970876173204165,-0.7331051491524114,-0.3764959285752526,0.0,,0.0,0.0,0.0,0.0,,,,,
2026-05-13,-0.011983024985421586,0.056787036871180696,0.04085337748943996,0.04460129474529315,-0.3179557351424389,-0.09999999999999964,-1.97127633261665,0.1509302428158621,-0.6756007689274774,-0.4373615213567147,0.0,,0.0,0.0,0.0,0.0,,,,,
2026-05-14,0.001338560291650026,0.061879469576868296,0.03811250846592884,0.04403283099163971,-0.5575723064512372,-0.05999999999999961,-1.9219496966221365,0.15215259332295414,-0.6790805467903646,-0.26024272096611734,0.0,,0.0,0.0,0.0,0.0,,,,,
2026-05-15,0.040539133957158136,0.09745027899217895,0.06675384751052427,0.03446420939716544,-1.053294159906204,-0.20999999999999996,-1.8752067108908241,0.1533758195516657,-1.0,-0.7247646855297949,0.0,,0.0,0.0,0.0,0.0,,,,,
2026-05-18,0.029472391721143687,0.10007876978588648,0.08576574439588125,0.03299904691596221,-0.8480706646495362,-0.1900000000000004,-1.8308231722019543,0.15805188881957136,-1.0,-0.48394786798428446,0.0,,0.0,0.0,0.0,0.0,,,,,
2026-05-19,-0.0014264065893598854,0.05794065439517038,0.07534711393600713,0.032833301688446254,-0.7822901391956627,-0.20999999999999996,-1.7885772780694917,0.16274908070244049,-1.0,-0.26689485084758857,0.0,,0.0,0.0,0.0,0.0,,,,,
2026-05-20,-0.0973731502299584,-0.027449470849366442,-0.025555115819575036,0.04051690134667411,-0.5813104511803058,-0.11000000000000032,-1.7482860617046085,0.16746786085692458,-0.7848703084400749,-0.10926953951259744,0.0,,0.0,0.0,0.0,0.0,,,,,
2026-05-21,-0.01476078115228141,-0.04354881229329788,-0.040782135874312786,0.03939777365084044,-0.5893674538382188,-0.10000000000000053,-1.709787628116909,0.1722087043897254,-0.8036378509702294,-0.12455730417986488,0.0,,0.0,0.0,0.0,0.0,,,,,
2026-05-22,0.001495886591582618,-0.0825920596588734,-0.04025725127295576,0.03934014014416228,-0.0036048875568406302,0.03000000000000025,-1.6729381178649387,0.17697209615949247,-1.0,0.0,0.0,,0.0,0.0,0.0,0.0,,,,,
2026-05-25,0.0,-0.11206445138001708,-0.040486976007870545,0.03920478659364476,-0.0036048875568406302,0.03000000000000025,-1.6376091891121292,0.18175853108974227,-1.0,0.0,0.0,,0.0,0.0,0.0,0.0,,,,,
2026-05-26,-0.027479252004766863,-0.13811729679542406,-0.06507104896493843,0.0387743105819538,0.2355777682899185,0.16999999999999993,-1.6036859164875028,0.18656851449329767,-0.6053691840716389,0.39463081592836113,0.0,,0.0,0.0,0.0,0.0,,,,,
2026-05-27,-0.0555991165923313,-0.09634326315779695,-0.11171225134532303,0.03692728163972885,-0.017203413157163006,0.08999999999999986,-1.5710650275216909,0.19140256240876652,-0.2930880102448441,0.4917822981952308,0.0,,0.0,0.0,0.0,0.0,,,,,
2026-05-28,0.003243246086119811,-0.07833923591939573,-0.10050846970525296,0.03697639686222438,0.28248540240766173,0.1200000000000001,-1.53965341431768,0.19626120194961164,-0.41376958566006783,0.3898682653101616,0.0,,0.0,0.0,0.0,0.0,,,,,
2026-05-29,-0.016212748353884976,-0.09604787086486333,-0.10947338503895487,0.036655747589663126,0.3424519728922215,0.10999999999999943,-1.509366871036023,0.20114497166638998,-0.3896796733066778,0.6103203266933221,0.0,,0.0,0.0,0.0,0.0,,,,,
2026-06-01,0.05131523359401058,-0.04473263727085275,-0.0514399151446403,0.03745314728338302,0.3424519728922215,0.10999999999999943,-0.5903815982420779,0.5313739864002681,-0.4013698570446466,0.6103203266933221,-0.2403928015558776,,0.0,0.0,0.0,0.0,,,,,
2026-06-02,0.015613200377624814,-0.0016401848884610715,-0.03179262709766295,0.03700903713814424,0.11219304252091389,0.040000000000000036,-0.580406990283775,0.5337109137573742,-0.49759642566845586,0.10777275840318301,-0.2403928015558776,,0.0,0.0,0.0,0.0,,,,,
2026-06-03,0.023222663022662182,0.07718159472653241,-0.009078758954528254,0.03426584003443901,-0.1694034966425617,-0.009999999999999787,-0.5704869468816107,0.5360553951826529,-0.8785983016440838,-0.5855102913992397,-0.2403928015558776,,0.0,0.0,0.0,0.0,,,,,
2026-06-04,-0.029810437748341023,0.044127910892071576,-0.03809516331568208,0.03492544418350372,-0.2769848057409874,-0.019999999999999574,-0.560618508782848,0.5384074945063518,-0.5397782137969901,-0.12600862813692226,-0.2403928015558776,,0.0,0.0,0.0,0.0,,,,,
2026-06-05,-0.026263607394324318,0.034077051851632234,-0.06200314072600932,0.03534988210317945,-1.013473443008528,-0.09999999999999964,-0.5507987582145732,0.5407672762497199,-1.0,-0.6103203266933221,-0.2403928015558776,,0.0,0.0,0.0,0.0,,,,,
2026-06-08,0.00718363537142519,-0.010054546370953155,-0.05148086209278713,0.03476365903872353,-0.7289873813937531,-0.08999999999999986,-0.5410248145474803,0.5431348056350401,-0.7977632440340484,-0.3963933869894018,0.0,,0.0,0.0,0.0,0.0,,,,,
2026-06-09,-0.03317586223889979,-0.05884360898747776,-0.07762370251787765,0.03374719112454926,-0.7777485615684032,-0.07000000000000028,-0.5312938300355822,0.545510148595839,-0.5185027162474463,-0.020906290578990405,0.0,,0.0,0.0,0.0,0.0,,,,,
2026-06-10,0.019183689927820602,-0.06288258208231934,-0.05296532652190944,0.03422282287440177,-0.44276993386092034,-0.05999999999999961,-0.5216029856170316,0.5478933717872786,-0.5903642291083502,0.28823407253573363,0.0,,0.0,0.0,0.0,0.0,,,,,
2026-06-11,-0.022671812060512053,-0.05574395639449037,-0.0689619338966665,0.03439195623656203,-0.6332862774010017,0.019999999999999574,-0.5119494867613907,0.5502845425967322,-0.19663077314933008,0.34314744064766,0.0,,0.0,0.0,0.0,0.0,,,,,
2026-06-12,-0.032855341457605824,-0.062335690457771875,-0.09147234689777761,0.03297542526648801,0.4795012786978359,0.0699999999999994,-0.5023305593488144,0.5526837291545504,-0.0,1.0,0.0,,0.0,0.0,0.0,0.0,,,,,
2026-06-15,-0.04583245719219953,-0.11535178302139659,-0.12319463318781665,0.032485299877713876,0.5983304730326489,0.08999999999999986,-0.49274344556660693,0.5550910003450199,-0.0,0.7977632440340484,0.0,,0.0,0.0,0.0,0.0,,,,,
2026-06-16,-0.05900160412338096,-0.14117752490587776,-0.16520730653233606,0.03382557206558176,0.5882710898561738,0.10000000000000053,-0.4831853998085218,0.5575064258175202,0.30609067027177944,0.8245933865192256,0.0,,0.0,0.0,0.0,0.0,,,,,
2026-06-17,0.01059530011545462,-0.14976591471824374,-0.14302149815528953,0.028521113997475527,0.43890007288592825,0.05999999999999961,-0.4736536845619931,0.5599300759978798,-0.593603081269463,-0.0032388521611128596,0.0,,0.0,0.0,0.0,0.0,,,,,
2026-06-18,-0.003726712387696729,-0.13082081504542842,-0.13570940571962442,0.028563250267610293,-0.23177324850520709,-0.009999999999999787,-0.4627376946428448,0.5489325119677454,-0.396379690733754,-0.19974891758442392,0.0,,0.0,0.0,0.0,0.0,,,,,
2026-06-19,0.0,-0.0979654735878226,-0.12459580656668301,0.02853063993819747,-0.23177324850520709,-0.009999999999999787,-0.45182024506700225,0.5379705278526492,-0.396379690733754,-0.19974891758442392,0.0,,0.0,0.0,0.0,0.0,,,,,
2026-06-22,-0.017704021948819815,-0.06983703834444288,-0.13030102826512024,0.0284421859190444,-1.0312967771242354,-0.040000000000000036,-0.4408964124941683,0.5270398069832689,-0.396379690733754,-0.19974891758442392,0.0,,0.0,0.0,0.0,0.0,,,,,
2026-06-23,-0.05627950244169,-0.06711493666275192,-0.17314171793458133,0.0299559890646527,-1.5086871939357316,-0.07000000000000028,-0.4299611518901908,0.5161360155132483,-0.5162554300973908,-0.8223461003691703,0.0,,0.0,0.0,0.0,0.0,,,,,
2026-06-24,-0.04383062562670936,-0.1215408624049159,-0.20412195533734412,0.029190040242113822,-1.696079392162142,0.08000000000000007,-0.4190092801955126,0.5052547924431042,-0.3782784188765441,0.21532466239291892,0.0,,0.0,0.0,0.0,0.0,,,,,
2026-06-25,0.017350702462242573,-0.1004634475549766,-0.1746262374699601,0.02976421406076639,-0.5482749398234787,0.05999999999999961,-0.408035458730492,0.4943917392876245,-0.34577967273359256,0.05060001800016145,0.0,,0.0,0.0,0.0,0.0,,,,,
2026-06-26,-0.03315684581192535,-0.13362029336690195,-0.19479086300384196,0.030125051455046802,-0.5482749398234787,0.05999999999999961,-0.39703417416526,0.48354240931971876,-0.31189256829463624,0.05060001800016145,0.0,,0.0,0.0,0.0,0.0,,,,,
2026-06-29,0.02208713266373241,-0.09382913875434973,-0.15825010501555337,0.027429578793821654,-0.33696596245591515,0.1299999999999999,-0.3859997178587235,0.4727022963178599,-0.1732998397157457,0.05060001800016145,0.0,,0.0,0.0,0.0,0.0,,,,,
2026-06-30,-0.01839551978181575,-0.05594515609447548,-0.16049156346483961,0.026506155129353358,0.10771945360462665,0.05999999999999961,-0.3749261633443299,0.4618668227374114,-0.3120070635994399,0.20424836649795092,0.0,,0.0,0.0,0.0,0.0,,,,,
2026-07-01,-0.011689370451031245,-0.02380390091879736,-0.1542812709096566,0.0248759167773347,0.21950054360360127,-0.07000000000000028,-0.03628680292278381,0.7119901378169757,-0.3121968818060184,0.06608153707052572,-0.20978348716595985,,0.0,0.0,0.0,0.0,,,,,
2026-07-02,-0.0001434000145854597,-0.04129800339562539,-0.13800835980471682,0.02501244441727708,0.30209184352021357,-0.08999999999999986,-0.02596704119665196,0.6991178749438854,-0.31491550043770755,0.030864172295885006,-0.20978348716595985,,0.0,0.0,0.0,0.0,,,,,
2026-07-03,0.0,-0.008141157583700043,-0.12290522905490686,0.025157255218034743,0.30209184352021357,-0.08999999999999986,-0.015517091063855171,0.6863332977612209,-0.31491550043770755,0.030864172295885006,-0.20978348716595985,,0.0,0.0,0.0,0.0,,,,,
2026-07-06,-0.001866073892545117,-0.03209436413997757,-0.10921568673444337,0.024814349817259388,0.0971455736756166,-0.10000000000000053,-0.004929487506194473,0.6736297283669159,0.07133206514948638,0.24463190486523206,-0.20978348716595985,,0.0,0.0,0.0,0.0,,,,,
2026-07-07,0.027352374779918698,0.013653530421756876,-0.06933410759245717,0.02620438535759651,0.09121371298527192,-0.10999999999999943,0.005803700887016842,0.661000540129463,-0.2165038780997997,0.09550318549964021,-0.20978348716595985,,0.0,0.0,0.0,0.0,,,,,
2026-07-08,0.04148722825704265,0.06683012912983077,-0.016432851889808475,0.028035617726640486,0.012216714611767987,-0.07999999999999918,0.0166909143923919,0.6484391380746993,-0.29201430319624866,0.02018257860976974,0.0,,0.0,0.0,0.0,0.0,,,,,
2026-07-09,-0.019092042911202256,0.04788148623321398,-0.02428985581286902,0.027971315038491477,-0.0520340508177064,-0.04999999999999982,0.027741149362401067,0.6359389388596141,-0.40890238211984775,-0.0939868816821402,0.0,,0.0,0.0,0.0,0.0,,,,,
2026-07-10,-0.009615458699442136,0.03826602753377184,-0.023832269662078964,0.02750471326937294,-0.0520340508177064,-0.04999999999999982,0.03896401081711517,0.6234933501633092,-0.4616463018285033,-0.0939868816821402,0.0,,0.0,0.0,0.0,0.0,,,,,
2026-07-13,0.08907963005368913,0.1292117314800061,0.06857480087954837,0.034040324070667975,0.07754375801712898,-0.13999999999999968,0.05036977116678555,0.6110957493107417,-0.7510674156476009,-0.8223994807970874,0.0,,0.0,0.0,0.0,0.0,,,,,
2026-07-14,0.015535266084071075,0.11739462278415846,0.08371066394118554,0.03161822554492515,0.2828302894106183,-0.03000000000000025,0.06196943593737207,0.5987394609268518,-0.5293734231399999,-0.3128695450402002,0.0,,0.0,0.0,0.0,0.0,,,,,
2026-07-15,0.003598688502473024,0.07950608302958884,0.08725978000187329,0.031538083100088425,0.6785232810509689,0.009999999999999787,0.07377481751770616,0.5864177333966141,0.2961116045963005,0.5881259077925491,0.0,,0.0,0.0,0.0,0.0,,,,,
2026-07-16,-0.008708689027969285,0.08988943691282181,0.0787506173641308,0.031589112747432944,0.3494737190794406,-0.03000000000000025,0.08579861812218481,0.5741237138796613,0.13035575479169195,0.5392581369115397,0.0,,0.0,0.0,0.0,0.0,,,,,
2026-07-17,0.04160639253502829,0.14111128814729224,0.11847621666263652,0.03294389911624591,-0.02232279929563763,0.009999999999999787,0.09805452337312347,0.5618504215955743,0.13035575479169195,0.5392581369115397,0.0,,0.0,0.0,0.0,0.0,,,,,
2026-07-20,0.011322449782209532,0.06335410787581264,0.12646654962177184,0.0326739574231217,0.16663726496236597,0.020000000000000462,0.11374325102581484,0.5781607353561968,0.14374419434639157,0.8948116099939925,0.0,,0.0,0.0,0.0,0.0,,,,,
2026-07-21,0.019481897703336415,0.06730073949507798,0.13882826049478236,0.02965099018812366,-0.0872396092727934,-0.04999999999999982,0.12992656167901245,0.5949905830221893,-0.4886883801386031,0.0406850430013968,0.0,,0.0,0.0,0.0,0.0,,,,,
2026-07-22,0.018653390591134134,0.08235544158373909,0.14723726344469767,0.027189645908931723,-0.22010027529157927,-0.1200000000000001,0.1466492096070209,0.6123759912112133,-0.9585428539676693,-1.2546544585639698,0.0,,0.0,0.0,0.0,0.0,,,,,
2026-07-23,0.059993643443427835,0.1510577740551362,0.19485437219784885,0.029361474731866455,-0.4790951625100792,-0.13999999999999968,0.16396160621803868,0.6303565760607461,-1.0,-1.130355754791692,0.0,,0.0,0.0,0.0,0.0,,,,,
2026-07-24,-0.014500849265065341,0.09495053225504257,0.16704418841516322,0.02810837156448641,-0.14850889601474293,-0.14000000000000057,0.1819208005827663,0.648976021417691,-1.0,-1.130355754791692,0.0,,0.0,0.0,0.0,0.0,,,,,
2026-07-27,-0.08516991993655498,-0.00154183746372194,0.07392778659100241,0.03558343829653918,-0.19396035012415602,-0.05000000000000071,0.2005916772398216,0.6682826375355077,-0.9671247244064936,-1.110868918752885,0.0,,0.0,0.0,0.0,0.0,,,,,
2026-07-28,-0.0404511434127226,-0.061474878579780956,0.0266329424722187,0.03676493401909544,-0.03881308266273642,0.019999999999999574,0.2200484308503053,0.6883300168389528,-0.5580529309985792,-0.06936455085997612,0.0,,0.0,0.0,0.0,0.0,,,,,
2026-07-29,0.06193967059372607,-0.01818859857718902,0.07804746030764687,0.03845884778238913,-0.1788119455668591,-0.0,0.24037639700569766,0.7091778073807772,-0.24260359074458418,0.7159392632230851,0.0,,0.0,0.0,0.0,0.0,,,,,
2026-07-30,-0.010862689304777184,-0.08904493132539404,0.057195582709081094,0.038689351924170154,1.0191261915100447,0.03000000000000025,0.26167434598978134,0.7308926298487746,-0.4487938703100067,0.5512061296899933,0.0,,0.0,0.0,0.0,0.0,,,,,
2026-07-31,0.01179162573943593,-0.06275245632089277,0.058408438867756374,0.03861889765797872,0.834310188426024,-0.05999999999999961,0.2840573851425003,0.7535491707751376,-0.4487938703100067,0.5512061296899933,0.0,,0.0,0.0,0.0,0.0,,,,,
2026-08-03,-0.049974709477433876,-0.027557245861771662,0.00026039158880575286,0.04086762553860901,0.8932393505550418,-0.04999999999999982,0.3076606711835422,0.7772314934917275,-0.6298540523764646,0.3372706720300289,0.0,,0.0,0.0,0.0,0.0,,,,,
2026-08-04,-0.058149344749755194,-0.045255447198804255,-0.06178720498598178,0.043163355001891314,0.8514010812047612,-0.019999999999999574,0.33264421505939146,0.8020346201165588,-0.053387488666988836,0.5046654423315904,0.0,,0.0,0.0,0.0,0.0,,,,,
2026-08-05,-0.007137789048292653,-0.11433290684082298,-0.07039199499403992,0.04229537272122586,1.1599546979365716,0.040000000000000036,0.3591991823822612,0.828066453510265,0.16464576853085952,0.4072493592754437,0.0,,0.0,0.0,0.0,0.0,,,,,
2026-08-06,0.026983520721728382,-0.07648669681431741,-0.04717925341372453,0.04237138007304269,0.1370374672133523,-0.010000000000000675,0.3591991823822612,0.828066453510265,-0.5006918165520109,-0.05189794624200417,0.0,,0.0,0.0,0.0,0.0,,,,,
2026-08-07,0.011219783628658497,-0.07705853892509484,-0.04077201104288353,0.04228097374442981,0.533401724595961,0.09999999999999964,0.3591991823822612,0.828066453510265,0.11158556171208951,-0.05189794624200417,0.0,,0.0,0.0,0.0,0.0,,,,,
2026-08-10,0.04880807263924325,0.021724243191582282,0.005237098209264879,0.03887869710653999,0.48155688912912,-0.019999999999999574,0.3591991823822612,0.828066453510265,0.05569120518072823,0.6855452575571929,0.0,,0.0,0.0,0.0,0.0,,,,,
2026-08-11,0.011986140058032113,0.09185972799936959,0.014601731181503652,0.038825567864052044,0.3500903445467607,-0.07000000000000028,,,-0.22200509052662246,-0.16861760185963362,,,0.0,0.0,0.0,0.0,,,,,
2026-08-12,0.00235654639513605,0.10135406344279829,0.014398877596213389,0.03882491593792497,0.22632071370596307,-0.04999999999999982,,,-0.39409814957531347,-0.558743918106173,,,0.0,0.0,0.0,0.0,,,,,
2026-08-13,-0.026232576118145445,0.048137966602924465,-0.013516904147849118,0.03928757777491104,0.2731959237327386,0.0600000000000005,,,0.05672400015035602,0.557415816702367,,,0.0,0.0,0.0,0.0,,,,,
2026-08-14,0.014632067240231805,0.05155025021449777,0.0007806737312048284,0.03829538451909768,0.13614423730250458,-0.02999999999999936,,,0.056791821701140874,-0.05479374001094864,,,0.0,0.0,0.0,0.0,,,,,
2026-08-17,0.024114560261993212,0.026856737837247735,0.023921139108031397,0.0385942234750178,0.2557952697603394,-0.0,,,0.1145011588538907,0.05880995367316247,,,0.0,0.0,0.0,0.0,,,,,
2026-08-18,0.0051008689314233635,0.019971466710638985,0.02876696459288386,0.038364538468828605,0.16437459619564887,-0.009999999999999787,,,0.41205678398121254,0.634061874507835,,,0.0,0.0,0.0,0.0,,,,,
2026-08-19,0.009208168193862498,0.026823088509365434,0.03819235046003833,0.038183846874369314,0.6590948967367671,0.02999999999999936,,,0.7316784185513422,1.1257765681266556,,,0.0,0.0,0.0,0.0,,,,,
2026-08-20,0.02790668584357281,0.08096235047108369,0.06792060185689675,0.036140256451037654,0.7803008437317405,-0.0600000000000005,,,1.0,0.9432759998496439,,,0.0,0.0,0.0,0.0,,,,,
2026-08-21,-0.028709024129494054,0.03762125910135783,0.04174355202390867,0.036540044487760805,0.7064593937232799,-0.0600000000000005,,,0.6040964228073242,0.5473046011061834,,,0.0,0.0,0.0,0.0,,,,,
2026-08-24,-0.01002601311156237,0.0034806857278022463,0.03049231786760398,0.031045910310963196,0.41619674449138166,0.019999999999999574,,,0.47997643464053413,0.3654752757866434,,,0.0,0.0,0.0,0.0,,,,,
2026-08-25,-0.028667376654171406,-0.030287559857792523,1.0531830762161576e-05,0.030316599221286166,0.634375806311982,0.07000000000000028,,,0.6356044936266818,0.22354770964546927,,,0.0,0.0,0.0,0.0,,,,,
2026-08-26,-0.005258138309753413,-0.044753866361408434,-0.0037021254164884,0.026824992468366254,-0.09574691040861172,-0.009999999999999787,,,0.21601617163087233,-0.5156622469204699,,,0.0,0.0,0.0,0.0,,,,,
2026-08-27,0.016045985210202396,-0.05661456699477885,0.01254390713046849,0.027007279404299808,-0.08752287433575479,0.020000000000000462,,,0.22367145637063085,-0.7763285436293692,,,0.0,0.0,0.0,0.0,,,,,
2026-08-28,-0.0028338665794782614,-0.030739409444763055,0.010641362503689855,0.026863114218664223,-0.5802843910190258,0.009999999999999787,,,-0.4290656867954669,-1.0331621096027912,,,0.0,0.0,0.0,0.0,,,,,
2026-08-31,0.02867329300729171,0.007959896674091027,0.0363135773394454,0.0249977000597437,-0.5802843910190258,-0.04999999999999982,,,-0.6217274246250657,-1.1017038592655999,,10.863164057185797,0.08,0.0,0.0,0.2,,,,,
2026-09-01,0.04986748235315819,0.08649475568142062,0.07777914016592202,0.02264894447157658,-0.5802843910190258,-0.04999999999999982,,,-0.6217274246250657,-1.1017038592655999,,10.63406415046284,0.38400000000000006,0.0,0.36,0.6000000000000001,,,,,
2026-09-02,0.0,0.09175289399117403,0.06902033118682471,0.022446522805814943,-0.5802843910190258,-0.04999999999999982,,,-0.6217274246250657,-1.1017038592655999,,10.472360068790115,1.4239999999999997,0.0,1.7199999999999998,1.84,,,,,
