,ret_1d,ret_5d,ma_gap,vol_20,dxy_chg_5d_dir,us10y_chg_5d_dir,cpi_surprise_dir,nfp_surprise_dir,fed_exp_level,fed_exp_chg,demand_chg_5d,gpr_level_z,gpr_chg_5d,ev_supply_5d,ev_geo_5d,ev_demand_5d,ev_cpi_5d,ev_jobs_5d,ev_fed_5d,ev_view_5d,inst_bias
2023-08-29,,,,,,,,,,,,,,0.0,0.0,0.0,,0.0,0.0,,
2023-08-30,0.005774326505650684,,,,,,,,,,,,,0.0,0.0,0.0,,0.0,0.0,,
2023-08-31,0.024205465930169368,,,,,,,,,,,,,0.0,0.0,0.0,,0.0,0.0,,
2023-09-01,0.02269869294476834,,,,,,,,,,,,,0.0,0.0,0.0,,0.0,0.0,,
2023-09-04,0.0,,0.024456267440059243,,,,,,,,,,,0.0,0.0,0.0,,0.0,0.0,,
2023-09-05,0.013237536542346717,0.06591602192293511,0.031411503318671485,0.01049673846216431,-0.9708406885019949,-0.14999999999999947,,,,,-0.013034632086095232,,0.0,0.0,0.0,0.0,,0.0,0.0,,
2023-09-06,0.009757294882200007,0.06989899029948443,0.0352875413150322,0.009492173477531613,-1.7308088822701073,-0.17999999999999972,,,,,-0.013034632086095232,,0.0,0.0,0.0,0.0,,0.0,0.0,,
2023-09-07,-0.007683083490920062,0.038010440878395,0.024153900596098232,0.01157269306386109,-1.4371386982740653,-0.17999999999999972,,,,,-0.013034632086095232,,0.0,0.0,0.0,0.0,,0.0,0.0,,
2023-09-08,0.0073403242759111365,0.0226520722095378,0.027994866552896625,0.010747018091867962,-0.9841916544522711,-0.08000000000000007,,,,,0.0,,0.0,0.0,0.0,0.0,,0.0,0.0,,
2023-09-11,-0.0025171638004817254,0.020134908409056074,0.02292993247717412,0.010811300217976372,-0.9841916544522711,-0.08000000000000007,,,,,0.0,,0.0,0.0,0.0,0.0,,0.0,0.0,,
2023-09-12,0.01760109027896828,0.024498462145677635,0.03684638432376541,0.010627438272336902,0.11792365431569918,-0.0,,,,,0.0,,0.0,0.0,0.0,0.0,,0.0,0.0,,
2023-09-13,-0.003608483843377641,0.011132683420099987,0.030468075440355236,0.01077940369338976,0.6664637133401818,0.04999999999999982,,,,,0.0,,0.0,0.0,0.0,0.0,,0.0,0.0,,
2023-09-14,0.018357354548672156,0.037173121459692204,0.045069627682179814,0.010712620341654261,0.584898419716473,-0.020000000000000462,,,,,0.0,,0.0,0.0,0.0,0.0,,0.0,0.0,,
2023-09-15,0.006742964807014751,0.03657576199079582,0.04811169302568086,0.010271852805821272,0.6137887205559855,-0.07000000000000028,,,,,0.0,,0.0,0.0,0.0,0.0,,0.0,0.0,,
2023-09-18,0.007791534616044871,0.046884460407322415,0.05217634579894348,0.009871290117805643,0.11933547939403377,-0.03000000000000025,,,,,0.0,,0.0,0.0,0.0,0.0,,0.0,0.0,,
2023-09-19,-0.0030654720742946395,0.026217898054059496,0.04604144411685862,0.009973794403203534,0.10454171074100183,-0.10000000000000053,,,,,0.0,,0.0,0.0,0.0,0.0,,0.0,0.0,,
2023-09-20,-0.010138945130950816,0.01968743676648632,0.03379058728085482,0.010625570317330149,0.07442904004711925,-0.09999999999999964,,,,,0.0,,0.0,0.0,0.0,0.0,,0.0,0.0,,
2023-09-21,-0.007225866580064633,-0.005895784362250467,0.025088902884078834,0.01082505064222881,-0.2584141307082177,-0.20000000000000018,,,,,0.0,,0.0,0.0,0.0,0.0,,0.0,0.0,,
2023-09-22,0.004452862751114672,-0.008185886418150545,0.02798693586492007,0.010506924550940969,-0.27359961715855974,-0.11000000000000032,,,,,0.0,,0.0,0.0,0.0,0.0,,0.0,0.0,,
2023-09-25,-0.003895169356480821,-0.019872590390676237,0.022887178183017554,0.010448497597730581,-0.7595273025517768,-0.22999999999999954,0.40944726012462385,0.40944726012458516,,,0.0,,0.0,0.0,0.0,0.0,,0.0,0.0,,
2023-09-26,0.007885863046414698,-0.008921255269966899,0.025387484886796763,0.010186834637216619,-1.0809271692616251,-0.1899999999999995,0.3984095364447874,0.3984095364447976,-1.0,,0.0,,0.0,0.0,0.0,0.0,,0.0,0.0,,
2023-09-27,0.03575107747914252,0.03696876734012644,0.05425416847462916,0.012244534441945084,-1.6737927066386327,-0.2600000000000007,0.3882237799894553,0.3882237799894311,-1.0,,0.0,,0.0,0.0,0.0,0.0,,0.0,0.0,,
2023-09-28,-0.02125329471860926,0.022941339201581812,0.028389417897150437,0.013052583708835245,-0.8073857615785052,-0.09999999999999964,0.3787852437325903,0.37878524373259986,-1.0,,0.0,,0.0,0.0,0.0,0.0,,0.0,0.0,,
2023-09-29,-0.010082277187186683,0.008406199263280456,0.015334733357689423,0.012715628455472071,-0.6394274363822783,-0.14999999999999947,0.37000643495046337,0.3700064349504772,-0.978539686067336,,0.0,,0.0,0.0,0.0,0.0,,0.0,0.0,,
2023-10-02,-0.02193729751970963,-0.009635928899948354,-0.00847810663830817,0.013878519702560108,-0.7699343975275719,-0.14000000000000057,4.75838072833735,-0.4799986300659302,-0.978539686067336,,-0.5070511159216973,,0.0,0.0,0.0,0.0,,0.0,0.0,,
2023-10-03,0.0046054560481039175,-0.012916335898259135,-0.0053165890417794515,0.01363873113372375,-1.0701029278003205,-0.25,3.3814196249099724,-0.4688952270708159,-1.0,0.0,-0.5070511159216973,,0.0,0.0,0.0,0.0,,0.0,0.0,,
2023-10-04,-0.05778488317827879,-0.10645229655568045,-0.061168301768609545,0.018841623683361723,-0.4919932189333176,-0.1200000000000001,2.766818347259499,-0.45853325164849434,-0.23502028493384974,0.7649797150661503,-0.5070511159216973,,0.0,0.0,0.0,0.0,,0.0,0.0,,
2023-10-05,-0.02293981574922821,-0.1081388175862994,-0.08141211045347418,0.019387608807564766,-1.1140563206027299,-0.1299999999999999,2.399456389362275,-0.44883329444335046,-0.5389287347181787,0.4610712652818213,-0.5070511159216973,,0.0,0.0,0.0,0.0,,0.0,0.0,,
2023-10-06,0.0058146741661611046,-0.09224186623295161,-0.0728251467174621,0.019349004459703712,-0.8573458580285687,-0.1900000000000004,2.148410732713953,-0.43972740981613007,-0.603510571669926,0.37502911439740994,-0.5070511159216973,,0.0,0.0,0.0,0.0,,0.0,0.0,,
2023-10-09,0.04244888638184108,-0.0278556823314009,-0.029852273274886265,0.02183320489035091,-0.8573458580285687,-0.1900000000000004,1.9629383921434356,-0.4311570660412073,-0.603510571669926,0.37502911439740994,0.0,,0.0,0.0,0.0,0.0,,0.0,0.0,,
2023-10-10,-0.004757769346202423,-0.03721890772570724,-0.03296811257909393,0.02142489751075458,0.6920074193277337,0.14999999999999947,1.8187022303162013,-0.42307152738195003,0.12187187075335582,1.1218718707533557,0.0,,0.0,0.0,0.0,0.0,,0.0,0.0,,
2023-10-11,-0.029271533980443465,-0.008705558527871915,-0.05931456401069024,0.022299512039038696,0.6674239813066252,0.15000000000000036,1.702381586285178,-0.4154265642830719,-0.18573378619560837,0.04928649873824137,0.0,,0.0,0.0,0.0,0.0,,0.0,0.0,,
2023-10-12,-0.006971182077782245,0.007263075143574049,-0.06209423670830372,0.021739423999307547,0.5562581870922623,0.019999999999999574,1.605992621774581,-0.4081834156976161,-0.37584711583192,0.16308161888625872,0.0,,0.0,0.0,0.0,0.0,,0.0,0.0,,
2023-10-13,0.05605218566313663,0.05750058664054958,-0.004316002707803079,0.025513276898880985,-0.1938287708045605,0.15000000000000036,1.5244208743281555,-0.4013079471979261,-0.12716978886717759,0.4763407828027485,0.0,,0.0,0.0,0.0,0.0,,0.0,0.0,,
2023-10-16,-0.01181545147950036,0.0032362487792081396,-0.013425056545162128,0.025505013583052866,-0.1938287708045605,0.15000000000000036,1.4542185783696038,-0.39476996258835517,-0.25498357509558645,0.4763407828027485,0.0,,0.0,0.0,0.0,0.0,,0.0,0.0,,
2023-10-17,0.0,0.007994018125410562,-0.01087193250673657,0.025511952242615266,-0.15618873456211269,-0.16999999999999993,1.39296572459274,-0.38854263694918595,-0.6657524594273783,-0.7876243301807341,0.0,,0.0,0.0,0.0,0.0,,0.0,0.0,,
2023-10-18,0.018974166217021526,0.056239718322875554,0.00919970218131283,0.025884190784537808,-0.8512686762287558,-0.33000000000000007,1.3389070353560482,-0.38260204654203167,-0.40658057698451344,-0.22084679078890507,0.0,,0.0,0.0,0.0,0.0,,0.0,0.0,,
2023-10-19,0.011818472864515428,0.07502937326517323,0.021163426544626773,0.02599692821205593,-0.4771524412365613,-0.28000000000000025,1.2907342729212812,-0.3769267765775537,-0.11514942221603164,0.26069769361588835,0.0,,0.0,0.0,0.0,0.0,,0.0,0.0,,
2023-10-20,-0.006961627037775031,0.012015560564261563,0.014917775495094432,0.026015957698840263,-0.013430920568247018,-0.2999999999999998,1.2474497770414439,-0.3714975920259361,0.17470855209908334,0.3018783409662609,0.0,,0.0,0.0,0.0,0.0,,0.0,0.0,,
2023-10-23,0.0,0.023831012043761923,0.01543899301551388,0.02600548300353558,0.027489792691282045,-0.15000000000000036,1.2082776838245963,-0.3662971598167406,0.23603241253105128,0.49101598762663773,0.0,,0.0,0.0,0.0,0.0,,0.0,0.0,,
2023-10-24,-0.05810666776452855,-0.03427565572076663,-0.038846830688048506,0.02890735851384767,-0.4234885908242614,-0.0,1.1726043113121496,-0.3613098131946693,0.11956089965936875,0.785313359086747,0.0,,0.0,0.0,0.0,0.0,,0.0,0.0,,
2023-10-25,0.019512237328518367,-0.03373758460926979,-0.014701807291032765,0.027949562528347592,0.02237212352643736,-0.040000000000000036,1.1399370254267107,-0.3565213508629469,0.12063772480039689,0.5272183017849104,0.0,,0.0,0.0,0.0,0.0,,0.0,0.0,,
2023-10-26,-0.025861465007176676,-0.07141752248096189,-0.03570007771528427,0.02811230916484514,-0.16833874537551807,0.1200000000000001,1.109875176855344,-0.35191886499495006,0.12212943762395298,0.23727885983998462,0.0,,0.0,0.0,0.0,0.0,,0.0,0.0,,
2023-10-27,0.027616569886424358,-0.0368393255567625,-0.005105255599614722,0.028993985518086574,-0.006471863573120906,0.08999999999999986,1.0820891345527663,-0.3474905933286253,0.2464302909092419,0.07172173881015856,0.0,,0.0,0.0,0.0,0.0,,0.0,0.0,,
2023-10-30,-0.03849149581420974,-0.07533082137097225,-0.0397907892698548,0.029789097021506415,-0.09976915202709602,-0.019999999999999574,1.0563048786439053,-0.34322579145189164,0.5611809416978478,0.32514852916679654,0.0,,0.0,0.0,0.0,0.0,,0.0,0.0,,
2023-10-31,-0.015796569210008826,-0.03302072281645252,-0.05076129507298699,0.029835184365069687,-0.15755215073243178,-0.04999999999999982,1.0322924907308242,-0.33911462209612886,0.5034713367451051,0.38391043708573636,0.0,,0.0,0.0,0.0,0.0,,0.0,0.0,,
2023-11-01,-0.0071844728700929394,-0.059717433015063826,-0.05564972505161325,0.0271308056831351,-0.004119976960437199,0.1800000000000006,1.5063216851423238,0.9391900786953971,0.6287423100205,0.508104585220103,0.683862656348555,,0.0,0.0,0.0,0.0,,0.0,0.0,,
2023-11-02,0.024801762374302427,-0.009054205633584722,-0.030938998692021435,0.027318486609116524,0.9068886767134576,0.1900000000000004,1.4561357547645462,0.9209599667111288,0.31643573416335363,0.19430629653940065,0.683862656348555,,0.0,0.0,0.0,0.0,,0.0,0.0,,
2023-11-03,-0.023931926966864303,-0.06060270248687338,-0.0534746316169441,0.027796056331802557,1.507523054521931,0.2699999999999996,1.4106795679569597,0.9037586016993064,1.0,0.753569709090758,0.683862656348555,,0.0,0.0,0.0,0.0,,0.0,0.0,,
2023-11-06,0.003843059338437982,-0.01826814733422566,-0.04630498688439477,0.025864347222606287,1.4255199841824995,0.20999999999999996,1.3692533254380794,0.8874924614553559,1.0,0.753569709090758,0.683862656348555,,0.0,0.0,0.0,0.0,,0.0,0.0,,
2023-11-07,-0.04362535108896459,-0.046096929213181426,-0.08466037349211053,0.027392596455858505,1.4201801731962505,0.2999999999999998,1.3312941080061649,0.8720795232336865,0.2960896419587951,-0.20738169478631002,0.683862656348555,,0.0,0.0,0.0,0.0,,0.0,0.0,,
2023-11-08,-0.026720646723759067,-0.06563310306684755,-0.10623860009745378,0.02728066941437451,1.3729459529760235,0.27999999999999936,1.2963432749112462,0.8574475066205912,0.35471252406334625,-0.2740297859571537,0.0,,0.0,0.0,0.0,0.0,,0.0,0.0,,
2023-11-09,0.00542796063604456,-0.08500690480510542,-0.09628817647868537,0.027377637044069886,0.6133536455357858,0.04999999999999982,1.2640228757600953,0.8435324338391677,0.17913282011394727,-0.13730291404940637,0.0,,0.0,0.0,0.0,0.0,,0.0,0.0,,
2023-11-10,0.018704357995863674,-0.042370619842377444,-0.07119396411673407,0.024106801109414405,0.6133536455357858,-0.040000000000000036,1.2340182717122608,0.8302774418672367,-0.0,-1.0,0.0,,0.0,0.0,0.0,0.0,,0.0,0.0,,
2023-11-13,0.014025836312754336,-0.03218784286806109,-0.05207033782750514,0.024490163491499777,-0.6395480746150373,0.040000000000000036,1.2060651224508983,0.817631795918217,0.426024754699491,-1.0,0.0,,0.0,0.0,0.0,0.0,,0.0,0.0,,
2023-11-14,0.0,0.011437508220903503,-0.04697254785102967,0.024490163491499777,0.5960957652380361,0.13999999999999968,1.1799394993862324,0.8055500651486454,1.0,0.7039103580412049,0.0,,0.0,0.0,0.0,0.0,,0.0,0.0,,
2023-11-15,-0.020656556829857564,0.017501598114805006,-0.060549778552069,0.02403909150740099,0.8335476515366258,-0.040000000000000036,1.1554502746425053,0.7939914299778724,1.0,0.6452874759366538,0.0,,0.0,0.0,0.0,0.0,,0.0,0.0,,
2023-11-16,-0.05029142093779626,-0.038217783459035815,-0.10065637867093091,0.02544028806016949,0.7800825526639743,0.16999999999999993,1.1324331916065784,0.7829190968836597,1.0,0.8208671798860527,0.0,,0.0,0.0,0.0,0.0,,0.0,0.0,,
2023-11-17,0.04019628440120915,-0.01672585705369034,-0.052633169022736404,0.027828071996297814,0.7800825526639743,0.16999999999999993,1.1107461949297244,0.772299801504593,1.0,1.0,0.0,,0.0,0.0,0.0,0.0,,0.0,0.0,,
2023-11-20,0.022282503773351614,-0.008469189593093063,-0.023637865191067142,0.028593449459604237,1.7750256480628446,0.20999999999999996,1.0902657155883266,0.7621033847199336,0.8750294667362718,0.4490047120367808,0.0,,0.0,0.0,0.0,0.0,,0.0,0.0,,
2023-11-21,0.0021883255176788907,-0.006280864075414172,-0.017751489279181243,0.02594553787410018,0.9278121137206274,0.03000000000000025,1.0708836884525093,0.7523024293681726,0.8724365569590697,-0.12756344304093026,0.0,,0.0,0.0,0.0,0.0,,0.0,0.0,,
2023-11-22,-0.0086524721375687,0.005723220616874691,-0.02129767554923756,0.02537758446431448,0.32599655254722526,0.11000000000000032,1.0525051375782821,0.7428719476117385,1.0,0.0,0.0,,0.0,0.0,0.0,0.0,,0.0,0.0,,
2023-11-23,0.0,0.05601464155467095,-0.017484462932086053,0.024919100682059967,0.32599655254722526,0.11000000000000032,1.0350462057803584,0.7337891108084381,1.0,0.0,0.0,,0.0,0.0,0.0,0.0,,0.0,0.0,,
2023-11-24,-0.02044096328497247,-0.004622606131510665,-0.0317093369413346,0.024030073851183373,0.5272752398266634,-0.02999999999999936,1.018432535009979,0.7250330152231688,0.3925853748529695,-0.6074146251470305,0.0,,0.0,0.0,0.0,0.0,,0.0,0.0,,
2023-11-27,-0.009042614808028482,-0.03594772471289076,-0.03600830652395004,0.0228200858966827,0.06677571426313422,0.03000000000000025,1.0025979260429152,0.716584478091491,1.0,0.1249705332637282,0.0,,0.0,0.0,0.0,0.0,,0.0,0.0,,
2023-11-28,0.020493875183192678,-0.017642175047376973,-0.012585308335004264,0.02333202630264645,0.5270989759956657,0.07000000000000028,0.987483222283848,0.7084258594941617,1.0,0.12756344304093026,0.0,,0.0,0.0,0.0,0.0,,0.0,0.0,,
2023-11-29,0.018798764522834688,0.009809061613026415,0.00784341732393834,0.02380128505937675,0.716190394116023,0.15000000000000036,0.9730353747063739,0.7005409062680253,1.0,0.0,0.0,,0.0,0.0,0.0,0.0,,0.0,0.0,,
2023-11-30,-0.024705456238224954,-0.014896394625198539,-0.012756716847554195,0.02347990907228898,0.716190394116023,0.15000000000000036,0.9592066541860093,0.6929146148016109,1.0,0.0,0.0,,0.0,0.0,0.0,0.0,,0.0,0.0,,
2023-12-01,-0.02519629391888678,-0.01965172525911285,-0.03378447035210641,0.023537731603164056,0.22302544286896264,0.25,0.21301617654200625,-0.8847369916615009,1.0,0.6074146251470305,0.9290952615338854,,0.0,0.0,0.0,0.0,,0.0,0.0,,
2023-12-04,-0.014003355738484657,-0.024612466189569027,-0.04272696492241046,0.023556298193159336,-0.24939046208383164,0.10999999999999943,0.21144184571509814,-0.8735450146509554,1.0,0.0,0.9290952615338854,,0.0,0.0,0.0,0.0,,0.0,0.0,,
2023-12-05,-0.009906520202792812,-0.05501286157555452,-0.04925856550133023,0.021791472327192044,-1.004177592850275,0.16000000000000014,0.20990193168338375,-0.8627691963210299,1.0,0.0,0.9290952615338854,,0.0,0.0,0.0,0.0,,0.0,0.0,,
2023-12-06,-0.04150207454231669,-0.1153137006407059,-0.08664664902884756,0.022849887130302452,-0.598835379945406,0.14999999999999947,0.20839519781491012,-0.8523843153822084,1.0,0.0,0.9290952615338854,,0.0,0.0,0.0,0.0,,0.0,0.0,,
2023-12-07,-0.000576701284726866,-0.09118494568720781,-0.0828091262027355,0.022757173853964748,-0.2976462741406172,0.23000000000000043,0.20692046883423543,-0.8423672419134866,1.0,0.0,0.9290952615338854,,0.0,0.0,0.0,0.0,,0.0,0.0,,
2023-12-08,0.026892137733385724,-0.039096514034935304,-0.05191215334538679,0.023262979106203577,-0.6822441438557147,-0.010000000000000675,0.20547662696123886,-0.832696719464496,1.0,0.0,0.0,,0.0,0.0,0.0,0.0,,0.0,0.0,,
2023-12-11,0.0012627150046764513,-0.023830443291774195,-0.04600644715134461,0.022914779015942705,-0.37784493914387873,0.04999999999999982,0.20406260834294632,-0.8233531742816519,0.9251036956393247,-0.07489630436067529,0.0,,0.0,0.0,0.0,0.0,,0.0,0.0,,
2023-12-12,-0.03873849629214021,-0.052662419381121595,-0.07816502743951137,0.024107836022339523,0.09073501154470698,-0.020000000000000462,0.20267739975246685,-0.8143185477561831,0.20704815363199736,-0.7929518463680026,0.0,,0.0,0.0,0.0,0.0,,0.0,0.0,,
2023-12-13,0.012456708001990613,0.0012963631631857098,-0.060784066675140025,0.024226979542316368,-0.5174499350387496,0.08000000000000007,0.20132003553166736,-0.8055761488256035,1.0,0.0,0.0,,0.0,0.0,0.0,0.0,,0.0,0.0,,
2023-12-14,0.029920700633089936,0.03179376508100251,-0.02994971935821411,0.02292582527202329,0.8565413473984096,0.21999999999999975,0.19998959475663633,-0.7971105235797165,1.0,0.0,0.0,,0.0,0.0,0.0,0.0,,0.0,0.0,,
2023-12-15,-0.0020977561709987214,0.002803871176618067,-0.029019126816764995,0.02078487837439275,0.8467158603751024,0.3200000000000003,0.1986851986069642,-0.7889073397501565,1.0,0.0,0.0,,0.0,0.0,0.0,0.0,,0.0,0.0,,
2023-12-18,0.014454733954309518,0.015995890126251133,-0.011144655659056646,0.020352379194536026,0.8415758480879831,0.28000000000000025,0.19740600792174295,-0.7809532841164417,1.0,0.07489630436067529,0.0,,0.0,0.0,0.0,0.0,,0.0,0.0,,
2023-12-19,0.013296063191044816,0.06803044960943616,0.005015757851719371,0.020662661420030867,1.009680838105531,0.27,0.19615122092683515,-0.7732359711554434,1.0,0.7929518463680026,0.0,,0.0,0.0,0.0,0.0,,0.0,0.0,,
2023-12-20,0.010564909320216032,0.06613865092766158,0.017484148418776435,0.020825519814087517,1.3318245484581603,0.18000000000000016,0.19492007111935544,-0.7657438615063907,1.0,0.0,0.0,,0.0,0.0,0.0,0.0,,0.0,0.0,,
2023-12-21,-0.004456154831895098,0.031761795462676545,0.01515428257531859,0.020827920621371062,0.21034003159700054,0.029999999999999805,0.1937118252967343,-0.7584661890287732,1.0,0.0,0.0,,0.0,0.0,0.0,0.0,,0.0,0.0,,
2023-12-22,-0.0044761010644354116,0.029383450569239855,0.012006227388291713,0.020390392154034365,0.5643144794226118,0.010000000000000231,0.19252578171876544,-0.7513928954028737,1.0,0.0,0.0,,0.0,0.0,0.0,0.0,,0.0,0.0,,
2023-12-25,0.0,0.014928716614930337,0.012882142525300289,0.02031042568634425,0.5643144794226118,0.010000000000000231,0.19136126839217657,-0.7445145713681083,1.0,0.0,0.0,,0.0,0.0,0.0,0.0,,0.0,0.0,,
2023-12-26,0.02695797929650734,0.02859063272039286,0.04039283175314967,0.020715774498723225,0.4819057249429104,0.040000000000000036,0.1902176414682096,-0.7378224038172837,0.927621767949552,-0.07237823205044802,0.0,,0.0,0.0,0.0,0.0,,0.0,0.0,,
2023-12-27,-0.019508903069360706,-0.0014831796691838761,0.02335202199474118,0.020603023249634426,0.8955735778189533,0.06999999999999984,0.18909428374446205,-0.7313081280693148,0.8310462748539935,-0.16895372514600648,0.0,,0.0,0.0,0.0,0.0,,0.0,0.0,,
2023-12-28,-0.03208391452128723,-0.029110939358576005,-0.005894876301439922,0.021082645952918495,0.7596583213763775,0.050000000000000266,0.18799060326312322,-0.7249639847317316,0.8610602894609084,-0.16895372514600648,0.0,,0.0,0.0,0.0,0.0,,0.0,0.0,,
2023-12-29,-0.00167340716779929,-0.026308245461939883,-0.005907411581688393,0.020415205406679605,0.538960629921259,0.020000000000000018,0.18690603199828887,-0.7187826806402602,0.5884888339154208,-0.41151116608457916,0.0,,0.0,0.0,0.0,0.0,,0.0,0.0,,
2024-01-01,0.0,-0.026308245461939883,-0.004946707481062518,0.020208711661533305,0.538960629921259,0.020000000000000018,1.227270922462938,-3.5469109031108164,0.5884888339154208,-0.41151116608457916,-2.114914020366432,,0.0,0.0,0.0,0.0,,0.0,0.0,,
2024-01-02,-0.01788402238074216,-0.07115024713918938,-0.02147115065228089,0.02047159464925821,-0.3205551466722856,-0.06000000000000005,1.2104960613164006,-3.3041750362067774,0.42007225219256616,-0.5075495157569858,-2.114914020366432,,0.0,0.0,0.0,0.0,,0.0,0.0,,
2024-01-03,0.032432252646034776,-0.0192090914237939,0.008623964843860854,0.019493306940370703,-1.0322191826147575,-0.1200000000000001,1.1943930687870763,-3.10534175617125,0.4654650534156295,-0.365581221438364,-2.114914020366432,,0.0,0.0,0.0,0.0,,0.0,0.0,,
2024-01-04,-0.0070398523884041,0.005834970709089227,-0.0004298671392524156,0.01959744902334218,-1.0222075087999105,-0.15000000000000036,1.1789182183822295,-2.9385962934658347,0.34306431792701203,-0.5179959715338964,-2.114914020366432,,0.0,0.0,0.0,0.0,,0.0,0.0,,
2024-01-05,0.02219269163089166,0.029701069507780176,0.019983817202054333,0.019309519855038072,-0.8167484090632726,-0.16999999999999993,1.1640316675290212,-2.796143997900758,0.5300886210126088,-0.058400212902812054,-2.114914020366432,,0.0,0.0,0.0,0.0,,0.0,0.0,,
2024-01-08,-0.04205904169426766,-0.012357972186487487,-0.021688143946851035,0.02165757778459899,-0.8167484090632726,-0.16999999999999993,1.1496970249984457,-2.6726069547387943,0.5979116808381018,-0.058400212902812054,0.0,,0.0,0.0,0.0,0.0,,0.0,0.0,,
2024-01-09,0.02055872702103656,0.026084777215291233,-0.0037071975461113738,0.020136443218854567,-0.3337005716508745,-0.0699999999999994,1.1358809757903379,-2.564138758858496,0.638446857394985,0.2183746052024188,0.0,,0.0,0.0,0.0,0.0,,0.0,0.0,,
2024-01-10,-0.012116296125753934,-0.018463771556497477,-0.01717262408577458,0.020251291866823104,-0.054805598859775095,-0.1299999999999999,1.122552954671919,-2.4679058456854412,0.15742179184375266,-0.30804326157187684,0.0,,0.0,0.0,0.0,0.0,,0.0,0.0,,
2024-01-11,0.009066245237753456,-0.002357673930339921,-0.008412786492163704,0.019213010181087516,-0.22638203389375722,0.010000000000000231,1.10968486108393,-2.3817685238111213,0.19284081745764073,-0.1502235004693713,0.0,,0.0,0.0,0.0,0.0,,0.0,0.0,,
2024-01-12,0.009122385307240855,-0.015427980253990725,-0.00015781590297692105,0.01930271636722817,-0.12229034743860279,0.08999999999999986,1.0972508093591586,-2.304076769318268,0.5188418470917184,-0.011246773920890352,0.0,,0.0,0.0,0.0,0.0,,0.0,0.0,,
2024-01-15,0.0,0.026631061440276937,-0.0003024939233160495,0.019035966680139446,-0.12229034743860279,0.08999999999999986,1.0852269091981144,-2.2335349735335273,0.5188418470917184,-0.011246773920890352,0.0,,0.0,0.0,0.0,0.0,,0.0,0.0,,
2024-01-16,-0.003859944136299198,0.002212390282941179,-0.0034493157135866426,0.01879719206191598,-0.7598611475549522,-0.05000000000000071,1.073591072163864,-2.1691097158292574,0.32930344933211136,-0.3091434080628736,0.0,,0.0,0.0,0.0,0.0,,0.0,0.0,,
2024-01-17,0.002207506415210503,0.016536192823905616,-0.00011081680709779107,0.018625390033032194,-1.067789788696527,-0.05999999999999961,1.0623228406282559,-2.109965268902242,-0.0,-0.15742179184375266,0.0,,0.0,0.0,0.0,0.0,,0.0,0.0,,
2024-01-18,0.020731784531042408,0.028201732117194567,0.0204925632470756,0.019230459150767813,-0.8323352094725678,-0.1599999999999997,1.0514032361547914,-2.0554174911561476,-0.017693765683045575,-0.2105345831406863,0.0,,0.0,0.0,0.0,0.0,,0.0,0.0,,
2024-01-19,-0.009085424215234283,0.009993922594719429,0.01150920071251349,0.019315975796883145,-0.9287734033831319,-0.1900000000000004,1.0408146247608354,-2.0049002157757565,-0.14307657250855094,-0.6619184196002694,0.0,,0.0,0.0,0.0,0.0,,0.0,0.0,,
2024-01-22,0.023958077267245415,0.03395199986196484,0.03437143579706792,0.020051528219773355,-0.9287734033831319,-0.1900000000000004,1.0305405968825463,-1.9579403213287188,-0.14307657250855094,-0.6619184196002694,0.0,,0.0,0.0,0.0,0.0,,0.0,0.0,,
2024-01-23,-0.01096560867472629,0.02684633532353775,0.024206164338212766,0.019254432749342923,-0.4347469104522439,-0.0699999999999994,1.020565860183321,-1.9141389524788575,-0.09254349654618309,-0.42184694587829447,0.0,,0.0,0.0,0.0,0.0,,0.0,0.0,,
2024-01-24,0.00963475939658398,0.03427358830491123,0.03318407782736976,0.01886286184320491,0.45323784990440874,-0.08000000000000007,1.0108761436127711,-1.8731571745719007,-0.2618760245168996,-0.2618760245168996,0.0,,0.0,0.0,0.0,0.0,,0.0,0.0,,
2024-01-25,0.02978245703324589,0.04332426080711471,0.0592163703754629,0.018274680521272214,0.04830857932243138,-0.0,1.0014581113467829,-1.8347048757528677,-0.037855383232238055,-0.02016161754919248,0.0,,0.0,0.0,0.0,0.0,,0.0,0.0,,
2024-01-26,0.008367172455183258,0.06077685747753225,0.06333134936434348,0.018255750335743674,0.022296969104185216,-0.0,0.9922992854282172,-1.7985320820697714,-0.2090378812321779,-0.06596130872362696,0.0,,0.0,0.0,0.0,0.0,,0.0,0.0,,
2024-01-29,-0.01589283402757058,0.02092594618271626,0.04398096357185022,0.01878869741554008,-0.19565934712786337,0.03000000000000025,0.9833879760873669,-1.7644220890739677,-0.2090378812321779,-0.06596130872362696,0.0,,0.0,0.0,0.0,0.0,,0.0,0.0,,
2024-01-30,0.013454277983756313,0.04534583284119886,0.05241077477245781,0.018213146142097045,0.41089974327023215,0.08000000000000007,0.9747132188572359,-1.7321859773391084,-0.05854389674236236,0.03399959980382073,0.0,,0.0,0.0,0.0,0.0,,0.0,0.0,,
2024-01-31,-0.025640761761866138,0.010070311682748745,0.024649196947838625,0.018242808130394604,0.0485511023175178,0.1899999999999995,0.966264717714151,-1.7016581939867796,0.11878661357080719,0.38066263808770684,0.0,,0.0,0.0,0.0,0.0,,0.0,0.0,,
2024-02-01,-0.027128008192689457,-0.0468401535431866,-0.003595219517389836,0.019296304656916657,0.41181450801988095,0.2699999999999996,0.6500380802781907,-4.239314992176972,0.36564634232046705,0.40350172555270514,0.9219282724149069,,0.0,0.0,0.0,0.0,,0.0,0.0,,
2024-02-02,-0.02108223187782432,-0.07628955787619418,-0.023630113492317584,0.019234746586824565,-0.23603579254385387,0.1200000000000001,0.6459993149402723,-3.920554481816267,0.08487325467563975,0.29391113590781764,0.9219282724149069,,0.0,0.0,0.0,0.0,,0.0,0.0,,
2024-02-05,0.006893726459986205,-0.0535029973886374,-0.018136687537147367,0.01668724068006501,-0.4097512862648811,-0.08999999999999986,0.6420350841185896,-3.6643766321735987,-0.22288323985950478,0.29391113590781764,0.9219282724149069,,0.0,0.0,0.0,0.0,,0.0,0.0,,
2024-02-06,0.00725583305148092,-0.05970144232091279,-0.01161601029200554,0.016139538952202024,-0.2954333450799096,-0.03000000000000025,0.6381431196580754,-3.452664470506505,-0.06807777529693196,-0.009533878554569601,0.9219282724149069,,0.0,0.0,0.0,0.0,,0.0,0.0,,
2024-02-07,0.007474384188922656,-0.026586296370123996,-0.005856315925154121,0.015911394921934413,-0.3917527656433384,-0.09999999999999964,0.6343212489657604,-3.2738843118206002,-0.09405968968882471,-0.21284630325963189,0.9219282724149069,,0.0,0.0,0.0,0.0,,0.0,0.0,,
2024-02-08,0.0314524860212968,0.03199419784386226,0.022762168234892854,0.01719166145151908,-0.6201930468240358,-0.28000000000000025,0.6305673898926226,-3.1202983613918485,-0.48379782857255677,-0.8494441708930238,0.0,,0.0,0.0,0.0,0.0,,0.0,0.0,,
2024-02-09,0.008101442454641727,0.06117787217632831,0.028080655970915025,0.017173512796462523,-0.11331491621313639,-0.13999999999999968,0.6268795459466854,-2.986496123064049,-0.8561725153854388,-0.9410457700610786,0.0,,0.0,0.0,0.0,0.0,,0.0,0.0,,
2024-02-12,0.0010405828202229017,0.055324728536565004,0.0262862549315086,0.017166212493198326,0.3388573453427801,-0.0,0.6232558018122648,-2.868565436237695,-0.8561725153854388,-0.9410457700610786,0.0,,0.0,0.0,0.0,0.0,,0.0,0.0,,
2024-02-13,0.012274848868315757,0.06034374435339984,0.034919380289962554,0.01721408632046129,-0.4641249747848075,-0.21999999999999975,0.6108813876824851,-2.765757692558635,-1.0,-0.9319222247030681,0.0,,0.0,0.0,0.0,0.0,,0.0,0.0,,
2024-02-14,-0.015921635926289923,0.03694772423818726,0.01626247797088709,0.017762179443041173,-0.4096608160628623,-0.17999999999999972,0.5985711270402839,-2.671929670921779,-0.636331633106151,-0.5422719434173263,0.0,,0.0,0.0,0.0,0.0,,0.0,0.0,,
2024-02-15,0.017974234466064942,0.023469472682955406,0.031639323547413944,0.017625305718123277,-0.10926678108156285,-0.08999999999999986,0.5863229093546521,-2.585807710084763,-0.6389759708130506,-0.1551781422404938,0.0,,0.0,0.0,0.0,0.0,,0.0,0.0,,
2024-02-16,0.014756660093651064,0.030124690321964742,0.042606490536083896,0.017599811805891926,-0.09211906906037015,-0.1299999999999999,0.5737857121473441,-2.4956362046650398,-0.77291551760541,0.08325699778002882,0.0,,0.0,0.0,0.0,0.0,,0.0,0.0,,
2024-02-19,0.0,0.02908410750174184,0.04001490129446417,0.01695846805087538,-0.09211906906037015,-0.1299999999999999,0.5612695060300665,-2.4128336170385594,-0.77291551760541,0.08325699778002882,0.0,,0.0,0.0,0.0,0.0,,0.0,0.0,,
2024-02-20,-0.01283616785751196,0.003973090775914123,0.02468067215447256,0.017042124679441075,0.4117010998994419,0.040000000000000036,0.5487683006163872,-2.3364077314293077,-0.9376267508941474,0.062373249105852624,0.0,,0.0,0.0,0.0,0.0,,0.0,0.0,,
2024-02-21,-0.003459546022042126,0.01643518068016192,0.019377780120881205,0.017005005209466854,0.2984344342101597,-0.05000000000000071,0.5362763919159662,-2.2655442345634973,-1.0,-0.36366836689384896,0.0,,0.0,0.0,0.0,0.0,,0.0,0.0,,
2024-02-22,0.008944603462897938,0.007405549676994916,0.02752093025074842,0.015798662446619968,0.09083251589568908,-0.08999999999999986,0.5237884915367043,-2.199567645869981,-1.0,-0.3610240291869494,0.0,,0.0,0.0,0.0,0.0,,0.0,0.0,,
2024-02-23,-0.02733890447188969,-0.03469001488854584,0.0011658762921813448,0.01687921550001056,0.09376766913878898,0.040000000000000036,0.5112999154806009,-2.1379122540607813,-1.0,-0.22708448239459,0.0,,0.0,0.0,0.0,0.0,,0.0,0.0,,
2024-02-26,0.014149648678046134,-0.020540366210499705,0.014797251348269036,0.016819268198629715,0.09376766913878898,0.040000000000000036,0.498806859928253,-2.080100164974593,-1.0,-0.22708448239459,0.0,,0.0,0.0,0.0,0.0,,0.0,0.0,,
2024-02-27,0.016491265398077992,0.008787067045090247,0.030618393753671924,0.016955363946822708,0.04561233317826874,-0.040000000000000036,0.4863068058479088,-2.0257244911375984,-1.0,-0.062373249105852624,0.0,,0.0,0.0,0.0,0.0,,0.0,0.0,,
2024-02-28,-0.0041928782600351155,0.008053734807097257,0.024682998325870287,0.0158456178635855,-0.07443949374534853,0.05000000000000071,0.47379911754925413,-1.9744363173567234,-1.0,0.0,0.0,,0.0,0.0,0.0,0.0,,0.0,0.0,,
2024-02-29,-0.0035714323675977155,-0.004462301023398396,0.01819121999925244,0.014395857803260702,-0.06639031560171649,0.08000000000000007,0.46128593876730367,-1.9259344788944937,-1.0,0.0,0.0,,0.0,0.0,0.0,0.0,,0.0,0.0,,
2024-03-01,0.021614947561531928,0.04449155101002322,0.03475096262979527,0.013802718354694371,0.02131581360725887,0.0699999999999994,-1.5817995260617994,-2.53484712450081,-0.5865412386419616,0.4134587613580384,-0.20298598438930338,,0.0,0.0,0.0,0.0,,0.0,0.0,,
2024-03-04,-0.015500278828207037,0.014841623503770052,0.015315179135009238,0.014534638885527194,0.15463508762655342,0.0600000000000005,-1.6301344592491829,-2.4498305834815866,-0.498024753764866,0.501975246235134,-0.20298598438930338,,0.0,0.0,0.0,0.0,,0.0,0.0,,
2024-03-05,-0.007521228648105449,-0.00917087054241339,0.00459729890530447,0.014731228739184705,0.0662176651535451,0.17999999999999972,-1.6820375105526955,-2.371491591822757,-0.5152350912802341,0.48476490871976585,-0.20298598438930338,,0.0,0.0,0.0,0.0,,0.0,0.0,,
2024-03-06,0.012462012753616136,0.007484020471237862,0.013613278649086347,0.01484920164894686,0.5474374215705735,0.15999999999999925,-1.7379991726592625,-2.2989647060017675,-0.477704892673735,0.5222951073262649,-0.20298598438930338,,0.0,0.0,0.0,0.0,,0.0,0.0,,
2024-03-07,-0.0025306859007905302,0.008524766938045047,0.009335718334566145,0.013343821678115755,0.8181881197269592,0.16000000000000014,-1.798610459765128,-2.231534273614563,-0.13626897833394708,0.863731021666053,-0.20298598438930338,,0.0,0.0,0.0,0.0,,0.0,0.0,,
2024-03-08,-0.011724360120089372,-0.024814540743576252,-0.003144226070516787,0.013581206955630504,0.8562024475440744,0.10000000000000053,-1.8645911208675159,-2.1686026349412426,-0.0,0.5865412386419616,0.0,,0.0,0.0,0.0,0.0,,0.0,0.0,,
2024-03-11,-0.0010260357447524626,-0.010340297660121678,-0.004822515172013375,0.013586785114515373,0.6888278509497692,0.1200000000000001,-1.9368281900283324,-2.1096662102942574,-0.16958233968971556,0.3284424140751504,0.0,,0.0,0.0,0.0,0.0,,0.0,0.0,,
2024-03-12,-0.004759157481018406,-0.007578226493034634,-0.009382225692309731,0.013351728919046438,0.5937894487800799,-0.03000000000000025,-2.016429673426164,-2.054297260922979,0.201510151485867,0.7167452427661012,0.0,,0.0,0.0,0.0,0.0,,0.0,0.0,,
2024-03-13,0.027468664970142775,0.007428425723492005,0.01611637119373377,0.014163158134997593,0.41563974236478174,-0.08000000000000007,-2.104800944377903,-2.0021297979082533,-0.16624702075728304,0.31145787191645197,0.0,,0.0,0.0,0.0,0.0,,0.0,0.0,,
2024-03-14,0.019133395214987026,0.02909250683926956,0.03322174028717573,0.0142342899416573,-0.04168368819936763,-0.20000000000000018,-2.2037561548142293,-1.9528485681449705,-0.39132980771672476,-0.2550608293827777,0.0,,0.0,0.0,0.0,0.0,,0.0,0.0,,
2024-03-15,-0.002711030619153121,0.03810583634020581,0.02935606808211677,0.013945136329604728,-0.3544905188580971,-0.21999999999999975,-2.315685376467795,-1.9061803534471469,-0.2550120063001495,-0.2550120063001495,0.0,,0.0,0.0,0.0,0.0,,0.0,0.0,,
2024-03-18,0.020518550819691228,0.0596504229046495,0.04769404977491831,0.014595325414250302,-0.4463534472848085,-0.2400000000000002,-2.2500345557055725,-1.8604468163539802,-0.2550120063001495,-0.2550120063001495,0.0,,0.0,0.0,0.0,0.0,,0.0,0.0,,
2024-03-19,0.009025875102525838,0.07343545548819375,0.053446253602552396,0.014225450382531417,-0.6377801522550408,-0.13999999999999968,-2.1886379692505664,-1.816972724668598,-0.2799973316387413,-0.48150748312460834,0.0,,0.0,0.0,0.0,0.0,,0.0,0.0,,
2024-03-20,-0.02167811200623504,0.02428867851181593,0.029405398620635737,0.015227338295153593,-0.8041565733777123,-0.07999999999999918,-2.1310317755824135,-1.7755609485301616,0.15839678856695877,0.3246438093242418,0.0,,0.0,0.0,0.0,0.0,,0.0,0.0,,
2024-03-21,-0.007496194856794425,-0.0023409115599655195,0.020368500704143422,0.015296933945949323,-0.4720519623090391,0.020000000000000462,-2.076820100508563,-1.7360375262926,0.22334876654672722,0.614678574263452,0.0,,0.0,0.0,0.0,0.0,,0.0,0.0,,
2024-03-22,-0.005442190302685113,-0.005072071243497511,0.012290771633299613,0.013834897406557587,-0.6510781119316134,0.08999999999999986,-2.0256627226246615,-1.6982482627901905,0.2596330558487241,0.5146450621488736,0.0,,0.0,0.0,0.0,0.0,,0.0,0.0,,
2024-03-25,0.016238516492908417,-0.009352105570280322,0.025789305967307996,0.013933925744242431,-0.37677731407452786,0.08999999999999986,-1.9772653822154695,-1.6620559191541546,0.49042063038385025,0.5146450621488736,0.0,,0.0,0.0,0.0,0.0,,0.0,0.0,,
2024-03-26,-0.004034975212179326,-0.022412955884985486,0.020040660626739815,0.013620161864815182,-0.11659329282611708,0.05999999999999961,-1.9313720774319427,-1.6273378762545612,0.4605221677106648,0.7405194993494061,0.0,,0.0,0.0,0.0,0.0,,0.0,0.0,,
2024-03-27,-0.003313496312612685,-0.004048340191363131,0.01496952508836813,0.013601497205090901,-0.0661545751263759,0.0699999999999994,-1.8877588832259782,-1.5939841801695214,0.33153865151423184,0.17314186294727307,0.0,,0.0,0.0,0.0,0.0,,0.0,0.0,,
2024-03-28,0.022125872215549514,0.025573726880980807,0.034052892849000926,0.014268961781505314,-0.21099491261384884,0.0699999999999994,-1.8462289494951856,-1.561895897940759,0.16583649660799965,-0.05751226993872757,0.0,,0.0,0.0,0.0,0.0,,0.0,0.0,,
2024-03-29,0.0,0.03101591718366592,0.03209113577216183,0.013590676038768672,0.13623888262661588,0.0699999999999994,-1.8066084213482314,-1.5309837269889528,0.16583649660799965,-0.05751226993872757,0.0,,0.0,0.0,0.0,0.0,,0.0,0.0,,
2024-04-01,0.006471738791368864,0.021249139482126367,0.03550251660571213,0.012979136675179795,-0.40122449485455736,-0.08000000000000007,-0.8947806741092027,3.1795553600706605,-0.3581888179972732,-0.8486094483811235,-0.43979363391469795,,0.0,0.0,0.0,0.0,,0.0,0.0,,
2024-04-02,0.01705596243673213,0.04234007713103782,0.04826926153038347,0.01308757313633096,-0.1893879951302635,-0.1200000000000001,-0.8853613983780305,3.040632336977597,-0.5170461134338673,-0.9775682811445321,-0.43979363391469795,,0.0,0.0,0.0,0.0,,0.0,0.0,,
2024-04-03,0.0032829200548301074,0.048936493498480615,0.04772191870809195,0.012946066475860971,-0.009007601920196784,-0.16000000000000014,-0.8760498730387363,2.9166365530346416,-0.4182545796736299,-0.7497932311878617,-0.43979363391469795,,0.0,0.0,0.0,0.0,,0.0,0.0,,
2024-04-04,0.013487008296182879,0.04029762957911398,0.056577779417305685,0.013027046446194318,0.24962106663032335,-0.10999999999999943,-0.8668431537998528,2.805010120341911,-0.4907373065050831,-0.6565738031130828,-0.43979363391469795,,0.0,0.0,0.0,0.0,,0.0,0.0,,
2024-04-05,0.003688764989658644,0.043986394568772624,0.05486474056450685,0.012451763930075757,0.04503421360759763,-0.10999999999999943,-0.8577383974456453,2.7037707113996072,-0.8514365418211904,-0.6565738031130828,-0.43979363391469795,,0.0,0.0,0.0,0.0,,0.0,0.0,,
2024-04-08,-0.005538262684821937,0.03197639309258182,0.04415028538423105,0.01261417748471273,0.641237179576859,-0.08999999999999986,-0.8487328572115567,2.611354937090367,-0.9042409197137671,-0.5460521017164939,0.0,,0.0,0.0,0.0,0.0,,0.0,0.0,,
2024-04-09,-0.013981353230340332,0.0009390774255093604,0.02545384944590179,0.013153506502789937,0.49355542090705473,-0.0,-0.8398238784122628,2.5265108718674663,-0.5482510230832717,-0.031204909649404367,0.0,,0.0,0.0,0.0,0.0,,0.0,0.0,,
2024-04-10,0.011432695687626726,0.009088853058305979,0.032973260889667344,0.012143491078507157,-0.45686738864219034,-0.1899999999999995,-0.8310088943061406,2.4482224779364046,-1.0,-0.5817454203263701,0.0,,0.0,0.0,0.0,0.0,,0.0,0.0,,
2024-04-11,-0.013899657291188916,-0.018297812529065816,0.016811971979925566,0.012210679355569012,-0.7012180226612319,-0.25,-0.82228542218099,2.3756553085131085,-0.7845098987953305,-0.2937725922902474,0.0,,0.0,0.0,0.0,0.0,,0.0,0.0,,
2024-04-12,0.007499449256580526,-0.014487128262143933,0.02153926562416597,0.012205278808519371,-1.0944524265776856,-0.11000000000000032,-0.8136510596470647,2.3081167519495205,-0.49049696989282066,0.3609395719283698,0.0,,0.0,0.0,0.0,0.0,,0.0,0.0,,
2024-04-15,-0.0029227822291693073,-0.011871647806491303,0.017016394435099613,0.011517562686445697,-1.3990039416611033,-0.20999999999999996,-0.8051034811244616,2.2450264266906395,-0.5964889912116186,0.3077519285021485,0.0,,0.0,0.0,0.0,0.0,,0.0,0.0,,
2024-04-16,-0.0005855829645575739,0.0015241224592914548,0.01531129541399956,0.011391239963245165,-2.0037314174746967,-0.3099999999999996,-0.7966404345127488,2.185893798808085,-0.8456084545201137,-0.297357431436842,0.0,,0.0,0.0,0.0,0.0,,0.0,0.0,,
2024-04-17,-0.03177893125942255,-0.04168750448775782,-0.017082110939306894,0.01261352923010959,-1.1910568737882876,-0.040000000000000036,-0.7835025632186629,2.133932455588404,-0.9776444126417599,0.02235558735824006,0.0,,0.0,0.0,0.0,0.0,,0.0,0.0,,
2024-04-18,0.00048361746801628414,-0.02730422972855262,-0.017611959181414782,0.012468848677636627,-1.1459762959868725,-0.08000000000000007,-0.7704994350528881,2.084777600565363,-1.0,-0.2154901012046695,0.0,,0.0,0.0,0.0,0.0,,0.0,0.0,,
2024-04-19,0.004943640622399492,-0.029860038362733654,-0.014201075815392095,0.012401929106425668,-0.6697277340060648,-0.1200000000000001,-0.7576243965904751,2.0381716844663216,-1.0,-0.5095030301071793,0.0,,0.0,0.0,0.0,0.0,,0.0,0.0,,
2024-04-22,-0.003494189951918969,-0.030431446085483316,-0.018241387701448453,0.011947012231616906,-0.5194200530937332,0.009999999999999787,-0.7448709860184384,1.9938891476967084,-1.0,-0.4035110087883814,0.0,,0.0,0.0,0.0,0.0,,0.0,0.0,,
2024-04-23,0.006136834132484559,-0.023709028988441183,-0.01315926597033279,0.011958232686135077,0.325445853509565,0.05999999999999961,-0.7322329168974532,1.9517314767106284,-0.8493411811473527,-0.0037327266272390025,0.0,,0.0,0.0,0.0,0.0,,0.0,0.0,,
2024-04-24,-0.006619750959448112,0.0014501513115332543,-0.020668416598809358,0.012044340940343323,0.10624228280281534,-0.0600000000000005,-0.7197040626244465,1.9115231638646635,-1.0,-0.02235558735824006,0.0,,0.0,0.0,0.0,0.0,,0.0,0.0,,
2024-04-25,0.009135776967736042,0.010102310811253012,-0.011772534537710655,0.011156387522905289,0.13276239271490242,-0.0600000000000005,-0.7072784415061901,1.873108381801311,-1.0,0.0,0.0,,0.0,0.0,0.0,0.0,,0.0,0.0,,
2024-04-26,0.003344884255873204,0.008503554444726724,-0.008834789401269028,0.011177653141829289,0.13029263042462214,-0.04999999999999982,-0.6949502023585418,1.8363482275973797,-1.0,0.0,0.0,,0.0,0.0,0.0,0.0,,0.0,0.0,,
2024-04-29,-0.01465667755612543,-0.002658933159479737,-0.022842185259451142,0.011566005929829407,0.4193045882160851,-0.009999999999999787,-0.6827136105495648,1.8011184247415144,-0.7483347368961142,0.2516652631038858,0.0,,0.0,0.0,0.0,0.0,,0.0,0.0,,
2024-04-30,-0.008507586559368896,-0.017303353851333192,-0.029422312671071538,0.010899734192246586,-0.21397834304492935,-0.08000000000000007,-0.6705630344076997,1.7673073956423857,-1.0,-0.1506588188526473,0.0,,0.0,0.0,0.0,0.0,,0.0,0.0,,
2024-05-01,-0.036417371686702005,-0.047100974578587085,-0.06192721062294737,0.013260309318180771,-0.10318170721783648,0.020000000000000462,0.14674745490473992,1.2499016827831402,-0.8350715563189132,0.16492844368108683,0.9321098155499641,,0.0,0.0,0.0,0.0,,0.0,0.0,,
2024-05-02,-0.0006331117653708418,-0.05686986331169397,-0.05794184265041569,0.012646871074477166,0.32563107301950556,0.1200000000000001,0.15373721669831605,1.2357003510348485,-0.6638618726311577,0.3361381273688423,0.9321098155499641,,0.0,0.0,0.0,0.0,,0.0,0.0,,
2024-05-03,-0.010696651079444841,-0.07091139864701201,-0.06330074318850176,0.01255830707169766,0.6584945883229443,0.16999999999999993,0.16078509735742855,1.2217620162816751,-0.24513576125802303,0.3361381273688423,0.9321098155499641,,0.0,0.0,0.0,0.0,,0.0,0.0,,
2024-05-06,0.004725725634902034,-0.05152899545598455,-0.05375046642822845,0.012757817682654295,0.5333555292794667,0.13999999999999968,0.16789299035042854,1.208077181064648,-0.12504189271857866,0.6232928441775355,0.9321098155499641,,0.0,0.0,0.0,0.0,,0.0,0.0,,
2024-05-07,-0.0012750224856228343,-0.04429643138223849,-0.05083625432571548,0.012593139141232135,0.7255338646163345,0.22000000000000064,0.17506285691479798,1.1946368143238282,-0.2499986707512943,0.7500013292487057,0.9321098155499641,,0.0,0.0,0.0,0.0,,0.0,0.0,,
2024-05-08,0.007752469404842088,-0.00012659029069439498,-0.03871053901859778,0.012377905401877456,0.6699897900124263,0.14999999999999947,0.18229672955838214,1.1814323220951513,0.40870256422982587,1.2437741205487391,0.0,,0.0,0.0,0.0,0.0,,0.0,0.0,,
2024-05-09,0.0034123255859617174,0.003918847060638164,-0.03179056667421776,0.012281598714099852,0.2246027390099936,0.1299999999999999,0.18959671577860887,1.1684555204277989,0.4125449180523288,1.0764067906834864,0.0,,0.0,0.0,0.0,0.0,,0.0,0.0,,
2024-05-10,-0.012696970980022648,0.001918527160060357,-0.0399700698839931,0.012158619251502446,0.10111554600348294,-0.0,0.1969650020161193,1.1556986103256968,0.03165580933269736,0.2767915705907204,0.0,,0.0,0.0,0.0,0.0,,0.0,0.0,,
2024-05-13,0.010929070532190721,0.008121872057349044,-0.025216124219622493,0.012639260580189625,-0.11059033745639546,0.009999999999999787,0.20440385786077273,1.1431541545365145,0.2544293336250129,0.37947122634359154,0.0,,0.0,0.0,0.0,0.0,,0.0,0.0,,
2024-05-14,-0.014000483235946604,-0.004603588692974725,-0.03472098730981976,0.012813067468993126,0.13710859754449967,0.019999999999999574,0.2119156405294266,1.1308150560291084,0.5124434221644371,0.7624420929157314,0.0,,0.0,0.0,0.0,0.0,,0.0,0.0,,
2024-05-15,0.0077881019249144146,-0.004567956172902399,-0.024415616898372683,0.011349826147909742,0.6860480912919464,0.1200000000000001,0.2195027996368043,1.118674538015942,0.6431412873743314,0.23443872314450553,0.0,,0.0,0.0,0.0,0.0,,0.0,0.0,,
2024-05-16,0.00760170897372614,-0.0003785727851379761,-0.01465254401339866,0.011558563799790157,0.7692975146402214,0.07000000000000028,0.2271678822826384,1.106726125390919,0.6437438332476592,0.23119891519533037,0.0,,0.0,0.0,0.0,0.0,,0.0,0.0,,
2024-05-17,0.010421338587276452,0.022739736782161124,-0.00234372641311964,0.01179819477528584,0.6381234940252778,0.08000000000000007,0.22285603777863683,1.092923299020946,0.45070802132695137,0.419052211994254,0.0,,0.0,0.0,0.0,0.0,,0.0,0.0,,
2024-05-20,-0.00325284910866408,0.008557817141306323,-0.0037211635509430963,0.011796588272044954,0.6533028589785328,0.040000000000000036,0.21854701107380778,1.0793586001792481,0.482863429412568,0.22843409578755508,0.0,,0.0,0.0,0.0,0.0,,0.0,0.0,,
2024-05-21,-0.006789916693474396,0.01576838368377853,-0.007989330732279143,0.011688121786546117,0.44806012847179444,0.040000000000000036,0.21424055898152108,1.0660233399114551,0.12872242501977457,-0.38372099714466246,0.0,,0.0,0.0,0.0,0.0,,0.0,0.0,,
2024-05-22,-0.021552833259509185,-0.01357255150064507,-0.02627376036464657,0.012417878267015315,-0.15813201509959907,-0.0699999999999994,0.2099364384871968,1.0529092469733934,0.09668095441208623,-0.5464603329622452,0.0,,0.0,0.0,0.0,0.0,,0.0,0.0,,
2024-05-23,-0.009065071141739267,-0.030239331616110476,-0.03116038547377098,0.012124452080692278,-0.43234155725451195,-0.08999999999999986,0.20563440667924104,1.0400084418015338,0.16077171923817393,-0.48297211400948525,0.0,,0.0,0.0,0.0,0.0,,0.0,0.0,,
2024-05-24,0.010996941148198935,-0.029663729055187993,-0.016367601137573295,0.012489592731986321,-0.31492451874617355,-0.040000000000000036,0.20133422067982515,1.027313412431741,0.09738541046724714,-0.35332261085970423,0.0,,0.0,0.0,0.0,0.0,,0.0,0.0,,
2024-05-27,0.0,-0.026410879946523913,-0.01330459182738064,0.012246413864117235,-0.31492451874617355,-0.040000000000000036,0.19703563757553558,1.014816992195774,0.09738541046724714,-0.35332261085970423,0.0,,0.0,0.0,0.0,0.0,,0.0,0.0,,
2024-05-28,0.026786749148468125,0.007165785895418608,0.014780449845888555,0.013857543167339512,-0.04176988992357078,-0.1299999999999999,0.19273841434783276,1.002512339041989,0.32875228862941874,0.20002986360964417,0.0,,0.0,0.0,0.0,0.0,,0.0,0.0,,
2024-05-29,-0.007544358680556584,0.02117426047437121,0.007090733039825103,0.011268445994056577,-0.508366366040236,-0.1800000000000006,0.18844230780332247,0.9903929163417908,-0.0,-0.09668095441208623,0.0,,0.0,0.0,0.0,0.0,,0.0,0.0,,
2024-05-30,-0.016800700634384214,0.013438630981726263,-0.009046946276614065,0.011890006801222474,-0.17445914789355754,-0.08000000000000007,0.18414707450370574,0.9784524750568246,-0.17059149119629527,-0.3313632104344692,0.0,,0.0,0.0,0.0,0.0,,0.0,0.0,,
2024-05-31,-0.011878771052808546,-0.009437081219281218,-0.02020359001281058,0.011945319317782315,-0.39533881720676955,-0.04999999999999982,0.17985247069538773,0.9666850371538759,-0.2840817198348118,-0.3814671303020589,0.0,,0.0,0.0,0.0,0.0,,0.0,0.0,,
2024-06-03,-0.03664188765750698,-0.046078968876788196,-0.0540549696890853,0.014301469427930067,-0.39533881720676955,-0.04999999999999982,2.1193550568493333,0.5941473334207208,-0.0,-0.3814671303020589,0.8384713670209432,,0.0,0.0,0.0,0.0,,0.0,0.0,,
2024-06-04,-0.013155407735274238,-0.08602112576053056,-0.06382585018064368,0.014480814532742907,-1.066952153504075,0.20999999999999996,2.0616879035434295,0.5884577318272897,0.18957312612919136,-0.13917916250022738,0.8384713670209432,,0.0,0.0,0.0,0.0,,0.0,0.0,,
2024-06-05,0.01113234412802111,-0.06734442295195286,-0.04947797254506625,0.014636510735177952,-0.3027075875809748,0.3200000000000003,2.007427755907152,0.5827996550086579,0.4626285974855748,0.4626285974855748,0.8384713670209432,,0.0,0.0,0.0,0.0,,0.0,0.0,,
2024-06-06,0.019784096693550524,-0.030759625624018128,-0.02729693089933871,0.015461283075174354,-0.3371594480489959,0.2699999999999996,1.9562283018105642,0.5771724716608414,0.309898290889263,0.48048978208555826,0.8384713670209432,,0.0,0.0,0.0,0.0,,0.0,0.0,,
2024-06-07,-0.00026476039339229374,-0.019145614964601876,-0.02578635686988573,0.015274164451430795,-1.1883896542121963,0.08000000000000007,1.9077905312852854,0.5715755626925123,-0.0,0.2840817198348118,0.8384713670209432,,0.0,0.0,0.0,0.0,,0.0,0.0,,
2024-06-10,0.028839997098720538,0.04633626979162564,0.003933428323353638,0.016531562234719948,-1.2763289849114345,-0.05999999999999961,1.8618547169590713,0.5660083208532668,-0.07794175146539585,-0.07794175146539585,0.0,,0.0,0.0,0.0,0.0,,0.0,0.0,,
2024-06-11,0.002056027452625564,0.06154770497952544,0.006066418336070356,0.01624829423216629,-1.066851577828909,-0.05999999999999961,1.8181939970159022,0.5604701503742008,-0.0,-0.18957312612919136,0.0,,0.0,0.0,0.0,0.0,,0.0,0.0,,
2024-06-12,0.0076726719116599895,0.05808803276316432,0.013821824308482888,0.016245373709935777,-1.0573400503860464,-0.019999999999999574,1.7766091952887249,0.5549604666202809,-0.0809597301251171,-0.5435883276106919,0.0,,0.0,0.0,0.0,0.0,,0.0,0.0,,
2024-06-13,0.00152749520535167,0.03983143127496547,0.015735764263006047,0.01615065346963438,-1.3501531813423506,0.040000000000000036,1.7369246059943044,0.5494786957540259,0.4097765435638759,0.09987825267461287,0.0,,0.0,0.0,0.0,0.0,,0.0,0.0,,
2024-06-14,-0.0021646408146729357,0.037931550853684826,0.014586867167603046,0.015951343779645858,-0.5021489449529959,0.22999999999999954,1.6989845376235369,0.5440242744100308,0.6681165668020834,0.6681165668020834,0.0,,0.0,0.0,0.0,0.0,,0.0,0.0,,
2024-06-17,0.023681671006680283,0.03277322476164457,0.03793755588778591,0.016863455090321614,-0.26349238373852835,0.1899999999999995,1.6789560274126132,0.5359848185757305,0.30716011599883003,0.38510186746422587,0.0,,0.0,0.0,0.0,0.0,,0.0,0.0,,
2024-06-18,0.015318397126767636,0.04603559443578664,0.05181955503704305,0.01709512512599523,0.04619667529057736,0.16999999999999993,1.659423392759986,0.5279868243601934,0.5923456971830922,0.5923456971830922,0.0,,0.0,0.0,0.0,0.0,,0.0,0.0,,
2024-06-19,0.0,0.03836292252412665,0.04930551539655781,0.016226935070075183,0.04619667529057736,0.16999999999999993,1.6403648227588281,0.5200287282824435,0.5923456971830922,0.5923456971830922,0.0,,0.0,0.0,0.0,0.0,,0.0,0.0,,
2024-06-20,0.007328724630607297,0.04416415194938228,0.053300510598061734,0.016024032233945693,-0.13586134885725798,-0.009999999999999787,1.6217598292765292,0.5121089931994213,1.0,0.5902234564361242,0.0,,0.0,0.0,0.0,0.0,,0.0,0.0,,
2024-06-21,-0.01768001853617207,0.028648774227883145,0.0337206106170056,0.01657575426642231,0.048965365057740406,-0.04999999999999982,1.6035891452650053,0.5042261068069459,1.0,0.3318834331979166,0.0,,0.0,0.0,0.0,0.0,,0.0,0.0,,
2024-06-24,0.011086588056340219,0.01605369127754308,0.04235298782564456,0.016693833351900268,0.4237799724724156,0.03000000000000025,1.5858346324756276,0.4963785801846003,1.0,0.3318834331979166,0.0,,0.0,0.0,0.0,0.0,,0.0,0.0,,
2024-06-25,-0.009848657717511422,-0.009113363566735977,0.03188188960373051,0.015873144931981574,0.028956843816940747,-0.010000000000000675,1.5684791975672718,0.4885649463812474,1.0,0.40765430281690784,0.0,,0.0,0.0,0.0,0.0,,0.0,0.0,,
2024-06-26,0.0008656403186932948,-0.008247723248042682,0.03170458946805965,0.01575637549101952,0.028956843816940747,-0.010000000000000675,1.551506715719382,0.4807837590380272,1.0,0.40765430281690784,0.0,,0.0,0.0,0.0,0.0,,0.0,0.0,,
2024-06-27,0.010329654071684402,-0.005246793806965577,0.03963478535007603,0.015300582580666616,-0.11747938675599201,-0.040000000000000036,1.5349019609688366,0.4730335910458062,1.0,0.0,0.0,,0.0,0.0,0.0,0.0,,0.0,0.0,,
2024-06-28,-0.0024497807450236664,0.009983443984182827,0.03431409689999487,0.01497937303494722,-0.08194436163166952,-0.11000000000000032,1.5186505425815946,0.4653130332341597,0.896614929095345,-0.10338507090465499,0.0,,0.0,0.0,0.0,0.0,,0.0,0.0,,
2024-07-01,0.022314775061543557,0.021211630989386165,0.05081013112052801,0.01236774091260748,-0.6096392846317134,-0.23000000000000043,1.6646304672437593,0.7117759047664658,0.24878984809693863,-0.10338507090465499,-1.696109397222123,,0.0,0.0,0.0,0.0,,0.0,0.0,,
2024-07-02,-0.006859645407041981,0.024200643299855606,0.03781695675606489,0.011931825251559969,-0.2823908337549197,-0.1999999999999993,1.64309995025028,0.7011370479875288,0.14927390885815786,-0.8507260911418422,-1.696109397222123,,0.0,0.0,0.0,0.0,,0.0,0.0,,
2024-07-03,0.012838378988110577,0.03617338196927289,0.044436505043749186,0.011975461656673177,0.3888620634154294,-0.040000000000000036,1.6221418666440022,0.6905907005318092,0.049870738920857464,-0.9501292610791425,-1.696109397222123,,0.0,0.0,0.0,0.0,,0.0,0.0,,
2024-07-04,0.0,0.025843727897588487,0.0392068791780007,0.011607413342650997,0.3888620634154294,-0.040000000000000036,1.6017290349805775,0.680133250838664,0.049870738920857464,-0.9501292610791425,-1.696109397222123,,0.0,0.0,0.0,0.0,,0.0,0.0,,
2024-07-05,-0.00862074304390692,0.019672765598705233,0.025774309400870443,0.011960597947343657,0.5910137887115585,0.08000000000000007,1.5818360493653512,0.6697611872319478,1.0,0.10338507090465499,-1.696109397222123,,0.0,0.0,0.0,0.0,,0.0,0.0,,
2024-07-08,-0.010030901679478177,-0.0126729111423165,0.012875125927079623,0.01096758006924474,0.8910817110118541,0.20000000000000018,1.5624391325849982,0.6594710919298399,1.0,0.7512101519030614,0.0,,0.0,0.0,0.0,0.0,,0.0,0.0,,
2024-07-09,-0.011237445724447959,-0.01705071145972248,-0.0005659279328273925,0.011413160476519737,0.7117128496914926,0.1299999999999999,1.5435160038357327,0.6492596353368223,0.8758630345086776,0.7265891256505198,0.0,,0.0,0.0,0.0,0.0,,0.0,0.0,,
2024-07-10,0.008439900872495798,-0.021449189575337257,0.0056320033561680916,0.01143378112550469,0.4744831018413831,0.08000000000000007,1.5250457593628644,0.6391235705953257,0.5891483891271334,0.5392776502062759,0.0,,0.0,0.0,0.0,0.0,,0.0,0.0,,
2024-07-11,0.006313765510236102,-0.015135424065101155,0.00946448576765846,0.011468077650484668,0.4744831018413831,0.08000000000000007,1.5070087645473023,0.6290597283760528,0.7808331592457264,0.5392776502062759,0.0,,0.0,0.0,0.0,0.0,,0.0,0.0,,
2024-07-12,-0.0049748328045762236,-0.011489513825770459,0.002148879463832465,0.011544954448992355,0.8388661134696496,0.10000000000000053,1.4893865561628465,0.6190650118873214,0.901610195476677,-0.09838980452332302,0.0,,0.0,0.0,0.0,0.0,,0.0,0.0,,
2024-07-15,-0.00365586563653153,-0.005114477782823812,-0.002480882839789089,0.010451875229312119,0.5860198317736431,0.04999999999999982,1.4721617536897782,0.6091363920849712,1.0,0.0,0.0,,0.0,0.0,0.0,0.0,,0.0,0.0,,
2024-07-16,-0.014139290082873401,-0.008016322141249255,-0.016121185229269308,0.01039951459871173,0.5515890090602604,0.1299999999999999,1.4553179787086834,0.5992709030654645,0.9561385268872485,0.0802754923785709,0.0,,0.0,0.0,0.0,0.0,,0.0,0.0,,
2024-07-17,0.025549950427935286,0.009093727414190234,0.008650255370660886,0.011921908987182653,0.5450951582724128,0.1200000000000001,1.4388397815180904,0.5894656376257748,0.9561385268872485,0.0802754923785709,0.0,,0.0,0.0,0.0,0.0,,0.0,0.0,,
2024-07-18,-0.00036216575515091165,0.0024177961488032196,0.007894124306794481,0.01182313677577313,-0.01783837939544064,-0.0,1.4176900073456786,0.5773412714449837,0.8211245420562444,0.04029138281051803,0.0,,0.0,0.0,0.0,0.0,,0.0,0.0,,
2024-07-19,-0.0330192623274419,-0.025626633374062457,-0.02475214113980062,0.013443752159098762,-0.5770971019369409,-0.07000000000000028,1.3970970867728072,0.5652447986792182,0.710543455631876,-0.19106673984480094,0.0,,0.0,0.0,0.0,0.0,,0.0,0.0,,
2024-07-22,-0.004377469312719207,-0.026348237050250134,-0.027983410703219747,0.0131923259774276,-0.47498791125188955,-0.02999999999999936,1.377033487509437,0.5531697166654889,0.7077335085603605,-0.29226649143963945,0.0,,0.0,0.0,0.0,0.0,,0.0,0.0,,
2024-07-23,-0.035987040119809244,-0.048195987087185976,-0.06151733195361331,0.01523621458116688,-0.5360704787233939,-0.08000000000000007,1.3574735290785263,0.5411093953978594,0.8357912551551379,-0.12034727173211068,0.0,,0.0,0.0,0.0,0.0,,0.0,0.0,,
2024-07-24,0.00815274654840703,-0.06559319096671423,-0.05127582184727686,0.015405941409175514,-0.8484467588435907,-0.1200000000000001,1.338393224633418,0.5290570514080533,1.0,-0.12034727173211068,0.0,,0.0,0.0,0.0,0.0,,0.0,0.0,,
2024-07-25,0.00885358962201721,-0.05637743558954611,-0.04025966544484749,0.015346740853618321,-0.6007774191735704,-0.0699999999999994,1.3197701389943475,0.5170057194973585,0.9194417097463782,0.09831716769013377,0.0,,0.0,0.0,0.0,0.0,,0.0,0.0,,
2024-07-26,-0.014410954490347017,-0.037769127752451226,-0.05190999446751565,0.015589662005548057,-0.42631976418425754,0.04999999999999982,1.3015832609726845,0.5049482219568915,1.0,0.28945654436812396,0.0,,0.0,0.0,0.0,0.0,,0.0,0.0,,
2024-07-29,-0.017650977969315917,-0.05104263640904794,-0.06480205931760974,0.014744842956907157,-0.748272156809282,0.08999999999999986,1.2838128883123232,0.49287713485673434,1.0,0.29226649143963945,0.0,,0.0,0.0,0.0,0.0,,0.0,0.0,,
2024-07-30,-0.014348592126013138,-0.02940418841525183,-0.07401729098845156,0.0148953227095542,-0.7304008694785313,0.09999999999999964,1.2664405237990677,0.48078475091635775,1.0,0.16420874484486214,0.0,,0.0,0.0,0.0,0.0,,0.0,0.0,,
2024-07-31,0.04167269640056759,0.004115761436908727,-0.028652950003337452,0.017832251651884696,-0.06458531452966376,0.1900000000000004,1.2494487812776778,0.46866303838651385,1.0,0.0,0.0,,0.0,0.0,0.0,0.0,,0.0,0.0,,
2024-08-01,-0.02075032304122537,-0.025488151226333855,-0.044674112307953706,0.018205892996471868,-0.27580657434795874,0.27999999999999936,2.7713311604300532,0.7170791232360392,1.0,0.0,0.517633645181037,,0.0,0.0,0.0,0.0,,0.0,0.0,,
2024-08-02,-0.03724651325410999,-0.04832370999009683,-0.0757601763149438,0.019599809776288616,0.16487159583413735,0.40000000000000036,2.6658359124138733,0.7038410382100728,1.0,0.0,0.517633645181037,,0.0,0.0,0.0,0.0,,0.0,0.0,,
2024-08-05,-0.00792029266689731,-0.038593024687678223,-0.07762555018535089,0.019583548728700106,0.45150927346075953,0.3900000000000001,2.569910078191306,0.6906855030317318,1.0,0.0,0.517633645181037,,0.0,0.0,0.0,0.0,,0.0,0.0,,
2024-08-06,0.0035582355867314064,-0.02068619697493368,-0.06875217986768867,0.01965679309115567,0.5087480035885106,0.25000000000000044,2.4821393371628093,0.6776048067808431,1.0,0.0,0.517633645181037,,0.0,0.0,0.0,0.0,,0.0,0.0,,
2024-08-07,0.02735466660486452,-0.03500422677063675,-0.03702811681851159,0.020776539495400613,0.054595174757132714,0.1299999999999999,2.4013862583045094,0.6645912210511837,1.0,0.0,0.517633645181037,,0.0,0.0,0.0,0.0,,0.0,0.0,,
2024-08-08,0.012680132912787911,-0.0015737708166234654,-0.02029690583153787,0.020996437348087604,0.3412467818902587,-0.0,2.326724201785801,0.6516369694548094,0.8431452931039678,0.0,0.0,,0.0,0.0,0.0,0.0,,0.0,0.0,,
2024-08-09,0.00849511741543818,0.04416785985292471,-0.008424207852915977,0.021180476319685778,0.43776489635785065,-0.14000000000000012,2.257389545789038,0.6387341952434036,0.7140127185117968,-0.2859872814882032,0.0,,0.0,0.0,0.0,0.0,,0.0,0.0,,
2024-08-12,0.04105101566407132,0.09313916818389334,0.03376904430930949,0.023393123622808234,0.2899366962105909,-0.1200000000000001,2.192746520242051,0.6258749265973251,0.7463570321118301,-0.25364296788816987,0.0,,0.0,0.0,0.0,0.0,,0.0,0.0,,
2024-08-13,-0.02159038476239772,0.06799054783476421,0.013693450779042493,0.023668715582037207,0.5164443783096551,0.04999999999999982,2.13226089424676,0.6130510390616535,0.8391908377200613,-0.1608091622799387,0.0,,0.0,0.0,0.0,0.0,,0.0,0.0,,
2024-08-14,-0.017640320946429533,0.022995560283470162,-0.0002725653665391903,0.02303111892422618,0.922636437058244,0.1299999999999999,2.075479997122971,0.6002542145197953,0.7854499576163295,-0.21455004238367048,0.0,,0.0,0.0,0.0,0.0,,0.0,0.0,,
2024-08-15,0.015212359878926662,0.025527787249608913,0.017835373031532598,0.023409201839365654,0.6984396492086486,0.07000000000000028,2.0220173461371362,0.58747589598481,0.6188571356401491,-0.2242881574638187,0.0,,0.0,0.0,0.0,0.0,,0.0,0.0,,
2024-08-16,-0.019508402416703596,-0.0024757325825328635,0.000547006138436501,0.022677656879404103,0.4314734852059243,0.04999999999999982,1.9750066334770693,0.5750781864937331,0.6985306562567519,-0.015482062255044893,0.0,,0.0,0.0,0.0,0.0,,0.0,0.0,,
2024-08-19,-0.030196970602614392,-0.07372371884921858,-0.026138953876075455,0.023525986027523406,1.088780753836216,0.040000000000000036,1.9305046852119014,0.5627173178995835,0.7083886021190872,-0.03796842999274297,0.0,,0.0,0.0,0.0,0.0,,0.0,0.0,,
2024-08-20,-0.004447147009911667,-0.05658048109673253,-0.028652084953379564,0.022257363024359128,1.0094736722307762,0.03000000000000025,1.8882946467349504,0.5503901774260742,0.6576155766049718,-0.18157526111508948,0.0,,0.0,0.0,0.0,0.0,,0.0,0.0,,
2024-08-21,-0.028912063826032508,-0.0678522239763355,-0.05377689232808258,0.022906901108561528,0.47063743519750734,0.040000000000000036,1.8481863867802346,0.5380946260374411,0.7177876523499606,-0.06766230526636896,0.0,,0.0,0.0,0.0,0.0,,0.0,0.0,,
2024-08-22,0.014902994188729757,-0.06816158966653241,-0.035389111916358296,0.02312153355448067,0.1809365628905435,0.06000000000000005,1.8100125441650663,0.5258298398742428,0.6701942171439697,0.05133708150382055,0.0,,0.0,0.0,0.0,0.0,,0.0,0.0,,
2024-08-23,0.024622456024272488,-0.024030731225556323,-0.009233540194822254,0.02378849403568258,0.7659488942557524,0.08000000000000007,1.7736252850751677,0.5135967931204667,0.7287403968808007,0.030209740624048798,0.0,,0.0,0.0,0.0,0.0,,0.0,0.0,,
2024-08-26,0.03402627105723521,0.04019251043429328,0.023741984108348824,0.02473343583940352,0.15137989543710928,0.040000000000000036,1.7388936272745008,0.5013989483773721,0.7067247369818888,-0.001663865137198406,0.0,,0.0,0.0,0.0,0.0,,0.0,0.0,,
2024-08-27,-0.02471521682414579,0.01992444062005916,-0.001505648234955359,0.025177774258684785,-0.07752141693382342,-0.010000000000000231,1.7057012205479938,0.48924325716420164,0.8032084078383713,0.1455928312333995,0.0,,0.0,0.0,0.0,0.0,,0.0,0.0,,
2024-08-28,-0.013462382591968414,0.03537412185412325,-0.01274369239645523,0.02339120823615793,-0.033482829791520174,-0.04999999999999982,1.6739444973909179,0.47714163368760304,0.6988584621610072,-0.018929190188953338,0.0,,0.0,0.0,0.0,0.0,,0.0,0.0,,
2024-08-29,0.01848088229528866,0.038952009960682155,0.005999968062477379,0.023400813658925487,0.10566954281782115,-0.010000000000000231,1.6435311266902697,0.4651131682002479,0.43592713328636834,-0.2342670838576013,0.0,,0.0,0.0,0.0,0.0,,0.0,0.0,,
2024-08-30,-0.0315829809812298,-0.017253427044820135,-0.025603411368753548,0.02295982553287138,-0.7134053517339423,-0.10000000000000009,1.6143787174925304,0.4531875280659841,-0.045321285154795686,-0.7740616820355964,0.0,,0.0,0.0,0.0,0.0,,0.0,0.0,,
2024-09-02,0.0,-0.05127969810205535,-0.02601982445209927,0.02288383418184833,-0.7134053517339423,-0.10000000000000009,2.194614435349386,-2.6782429449317533,-0.045321285154795686,-0.7740616820355964,-0.7954414557895362,,0.0,0.0,0.0,0.0,,0.0,0.0,,
2024-09-03,-0.04462482000161039,-0.07118930127951995,-0.06865190475763949,0.02497629271430617,-0.7499146612049756,-0.009999999999999787,2.1418484991447477,-2.7085826652485343,0.1688270046242623,-0.6343814032141091,-0.7954414557895362,,0.0,0.0,0.0,0.0,,0.0,0.0,,
2024-09-04,-0.016339764422212077,-0.07406668310976361,-0.08081420793242522,0.024172184377508052,-0.5087194397112915,0.06999999999999984,2.09227612073712,-2.7398535097941434,0.3647226786516853,-0.33413578350932194,-0.7954414557895362,,0.0,0.0,0.0,0.0,,0.0,0.0,,
2024-09-05,-0.0007228045128568894,-0.09327036991790916,-0.0766894043265749,0.023864055429966877,-0.17998368693310507,0.14000000000000012,2.045605063086848,-2.77210539671643,0.43518965967943857,-0.0007374736069297727,-0.7954414557895362,,0.0,0.0,0.0,0.0,,0.0,0.0,,
2024-09-06,-0.021635107866633696,-0.08332249680331305,-0.09197039281039743,0.023928368969264296,-0.14134339168550003,0.18999999999999995,2.0015827502913472,-2.805392084730348,0.5745151979921927,0.6198364831469885,-0.7954414557895362,,0.0,0.0,0.0,0.0,,0.0,0.0,,
2024-09-09,0.01525179879885119,-0.06807069800446186,-0.06907451378547425,0.021842810308359262,-0.14134339168550003,0.18999999999999995,1.9599900224344617,-2.8397715620201307,0.4823120479489808,0.6198364831469885,0.0,,0.0,0.0,0.0,0.0,,0.0,0.0,,
2024-09-10,-0.04403507798511086,-0.06748095598796233,-0.10434327688337763,0.02313538640283104,-0.1840674175422663,0.18999999999999995,1.9206361104125758,-2.8753064844091827,0.48848538240810013,0.3196583777838378,0.0,,0.0,0.0,0.0,0.0,,0.0,0.0,,
2024-09-11,0.02344914296474787,-0.027692048601002384,-0.07418229222697992,0.024109778006579468,-0.21303618186923057,0.1200000000000001,1.8833545683648432,-2.9120646703501913,0.45165732541022574,0.08693464675854046,0.0,,0.0,0.0,0.0,0.0,,0.0,0.0,,
2024-09-12,0.024362813420578,-0.002606430667567494,-0.04356515979183584,0.02462895552077296,0.00898301638256882,0.04999999999999982,1.8479999662089335,-2.950119661656473,0.6169751913770057,0.18178553169756717,0.0,,0.0,0.0,0.0,0.0,,0.0,0.0,,
2024-09-13,-0.00465049522922012,0.014378181969846082,-0.042704231365863876,0.02443141550119014,0.6889846537648014,0.06000000000000005,1.8144451924674914,-2.989551360551949,0.6806842512234955,0.10616905323130277,0.0,,0.0,0.0,0.0,0.0,,0.0,0.0,,
2024-09-16,0.020758998298253672,0.019885381469248564,-0.01898160785746139,0.024378507043394074,0.9925388459168905,0.07000000000000028,1.7767830959400723,-2.863402612279539,0.6901883658588684,0.20787631790988764,0.0,,0.0,0.0,0.0,0.0,,0.0,0.0,,
2024-09-17,0.015572228603548233,0.07949268805790766,-0.001446722824437252,0.024722947764658058,1.1413975290857192,-0.0,1.740826119102799,-2.7501922497972298,0.5492855973474559,0.06080021493935572,0.0,,0.0,0.0,0.0,0.0,,0.0,0.0,,
2024-09-18,-0.003940891799876667,0.05210265329328312,-0.004673516796145805,0.02390741314435571,0.9884716319392917,-0.050000000000000266,1.7064486961210945,-2.647792904074029,0.4270489172774608,-0.024608408132764936,0.0,,0.0,0.0,0.0,0.0,,0.0,0.0,,
2024-09-19,0.01455996601747156,0.04229980589017668,0.010617698458055713,0.023895739811592754,0.9281106284347862,-0.04999999999999982,1.6735388885259863,-2.554538165229757,0.5531425014140966,-0.06383268996290914,0.0,,0.0,0.0,0.0,0.0,,0.0,0.0,,
2024-09-20,-0.0004170431700121213,0.046533257949384677,0.012183879484489069,0.023141510630215252,0.20541678893857274,-0.06999999999999984,1.641996658932668,-2.4691015406528725,0.4863022838304285,-0.194381967393067,0.0,,0.0,0.0,0.0,0.0,,0.0,0.0,,
2024-09-23,-0.02178735418490696,0.003986905466224044,-0.004829569241866061,0.021902682542701064,0.055392040665824815,-0.1200000000000001,1.611732420425874,-2.3904121429742378,0.4795307971481176,-0.21065756871075086,0.0,,0.0,0.0,0.0,0.0,,0.0,0.0,,
2024-09-24,0.016769222662061267,0.005183899524737079,0.014639336904437528,0.02187912377133662,0.38979269442966924,-0.0900000000000003,1.5826658134036868,-2.3175946204431557,0.48435617487693305,-0.0649294224705228,0.0,,0.0,0.0,0.0,0.0,,0.0,0.0,,
2024-09-25,-0.02647942319009111,-0.017354631865477366,-0.008489550771504817,0.022403469238074552,0.09632960354322151,-0.08999999999999986,1.5547246715482694,-2.249925498599609,0.4334437706288886,0.006394853351427809,0.0,,0.0,0.0,0.0,0.0,,0.0,0.0,,
2024-09-26,-0.029413885206293955,-0.06132848308924288,-0.032158162088572695,0.022506589912183805,0.18745996691008626,-0.06000000000000005,1.5278441463169792,-2.1868008835715878,0.38843830455746997,-0.16470419685662663,0.0,,0.0,0.0,0.0,0.0,,0.0,0.0,,
2024-09-27,0.0075083164656231105,-0.05340312345360765,-0.020859136606063977,0.021831953010435248,0.24224662535048402,-0.020000000000000018,1.501965965448912,-2.1277121895691855,0.5229637662864395,0.036661482456010974,0.0,,0.0,0.0,0.0,0.0,,0.0,0.0,,
2024-09-30,-0.00014668133506301473,-0.0317624506037637,-0.017207774857490143,0.021830637162955534,0.11850419541086232,-0.06000000000000005,1.4770378058538771,-2.0722276357409513,0.5229637662864395,0.036661482456010974,0.0,,0.0,0.0,0.0,0.0,,0.0,0.0,,
2024-10-01,0.02405913148325034,-0.02447254178257463,0.007215202135155252,0.020427380827075566,-0.4614910867826172,-0.0,0.9775256233953037,-0.06462261035074157,0.4092175409155616,-0.07513863396137144,0.2057065994637397,,0.0,0.0,0.0,0.0,,0.0,0.0,,
2024-10-02,0.0038590771826001458,0.005865958590116627,0.010428182746909265,0.020092527142510554,-0.10515073939003639,-0.0,0.9624216152662688,-0.05548302063539407,0.20232779757343836,-0.23111597305545026,0.2057065994637397,,0.0,0.0,0.0,0.0,,0.0,0.0,,
2024-10-03,0.05021568116065289,0.08549552495706347,0.057450843053040934,0.0229370037190786,-0.8599379741242252,-0.06000000000000005,0.9475945755585276,-0.046260211100045204,0.0794813088832503,-0.30895699567421964,0.2057065994637397,,0.0,0.0,0.0,0.0,,0.0,0.0,,
2024-10-04,0.009048613295727037,0.0870358217871674,0.061772249436128135,0.022203359279262536,-0.915357882142942,-0.22999999999999998,0.9330371821493747,-0.03694981956695247,-0.4395206604175943,-0.9624844267040338,0.2057065994637397,,0.0,0.0,0.0,0.0,,0.0,0.0,,
2024-10-07,0.036434864283157786,0.1236173674053882,0.09242075353243084,0.023214068432724954,-0.9380276766397522,-0.2200000000000002,0.9187430899669463,-0.027547271825970797,-0.5170880910815524,-0.9624844267040338,0.2057065994637397,,0.0,0.0,0.0,0.0,,0.0,0.0,,
2024-10-08,-0.04738461883590883,0.05217361708622903,0.039417251552207766,0.02360127430581275,-0.8007356512263586,-0.2999999999999998,0.9047069703965599,-0.018047765602200457,-0.667273523084867,-1.0764910640004286,0.0,,0.0,0.0,0.0,0.0,,0.0,0.0,,
2024-10-09,-0.0044956141378635905,0.04381892576576529,0.03069999212515917,0.023315594787764033,-1.0773004399024622,-0.2699999999999996,0.8909245682187947,-0.008446253088658614,-0.6498819082176497,-0.852209705791088,0.0,,0.0,0.0,0.0,0.0,,0.0,0.0,,
2024-10-10,0.03501598598823197,0.02861923059334437,0.06096167419582432,0.023913960365554723,-0.7987245301126711,-0.23999999999999977,0.8773927792381506,0.0012625781141621533,-0.6175228019553363,-0.6970041108385866,0.0,,0.0,0.0,0.0,0.0,,0.0,0.0,,
2024-10-11,-0.0038306631612323727,0.01573995413638496,0.05233571551362548,0.023897687967296178,-0.6224855731113754,-0.10000000000000009,0.8641097527224999,0.011084325830373049,-0.7195701312191319,-0.28004947080153764,0.0,,0.0,0.0,0.0,0.0,,0.0,0.0,,
2024-10-14,-0.023161889562235416,-0.04385679970900824,0.026574574823447605,0.02436693454723446,-0.6224855731113754,-0.10000000000000009,0.8510750240267565,0.021024896114360193,-0.7195701312191319,-0.28004947080153764,0.0,,0.0,0.0,0.0,0.0,,0.0,0.0,,
2024-10-15,-0.04501833482394968,-0.04149051569704909,-0.018013482957068838,0.026354644066768514,-0.6928767960868276,0.009999999999999787,0.838289684427634,0.031090528258992816,-0.7375378437631717,-0.07026432067830468,0.0,,0.0,0.0,0.0,0.0,,0.0,0.0,,
2024-10-16,-0.002695610627084122,-0.03969051218626962,-0.02034108059935935,0.026347383569143786,-0.8474790062995341,0.040000000000000036,0.8242915282377676,0.03586540691717437,-0.6809873130796646,-0.031105404862014963,0.0,,0.0,0.0,0.0,0.0,,0.0,0.0,,
2024-10-17,0.003969947082723024,-0.07073655109177857,-0.015473619585105958,0.02613716220376807,-0.8262717199953418,-0.0,0.8104578963894986,0.04065574972854959,-0.8267669171362355,-0.20924411518089925,0.0,,0.0,0.0,0.0,0.0,,0.0,0.0,,
2024-10-18,-0.020731316495564478,-0.08763720442611067,-0.034291708482862227,0.026509570367396217,-0.7627225454441833,-0.0,0.7967815590091869,0.04546199181079794,-0.9353742065337111,-0.21580407531457912,0.0,,0.0,0.0,0.0,0.0,,0.0,0.0,,
2024-10-21,0.019173573491337415,-0.04530174137253784,-0.015252953777528333,0.026475581095936753,-0.7627225454441833,-0.0,0.783255664048579,0.05028457573021739,-1.0,-0.21580407531457912,0.0,,0.0,0.0,0.0,0.0,,0.0,0.0,,
2024-10-22,0.021451926717951153,0.021168520169362992,0.005830018951624716,0.026650556235322538,-0.727295397061356,-0.16999999999999993,0.7698737372763722,0.05512395175633778,-1.0,-0.26246215623682834,0.0,,0.0,0.0,0.0,0.0,,0.0,0.0,,
2024-10-23,-0.01848015632879374,0.005383974467653374,-0.013419054709033595,0.026283920434262927,-0.6210282956824242,-0.22000000000000064,0.7566296878521945,0.05998057812515593,-1.0,-0.31901268692033535,0.0,,0.0,0.0,0.0,0.0,,0.0,0.0,,
2024-10-24,-0.008229331345363633,-0.006815303960433283,-0.023476531079306362,0.02541608756858342,-0.32269188685720707,-0.1200000000000001,0.7435178204314934,0.0648549213113872,-1.0,-0.1732330828637645,0.0,,0.0,0.0,0.0,0.0,,0.0,0.0,,
2024-10-25,0.02240003497713161,0.036316047512262806,-0.003649227052660464,0.025806387197117288,-0.558431549768601,-0.16999999999999993,0.7305328550564221,0.06974745631013521,-1.0,-0.06462579346628894,0.0,,0.0,0.0,0.0,0.0,,0.0,0.0,,
2024-10-28,-0.06325764774105469,-0.0461151737201293,-0.06632405742390013,0.029718430073503915,-0.26663838805485174,-0.08999999999999986,0.7176699564875326,0.07465866692841867,-1.0,0.0,0.0,,0.0,0.0,0.0,0.0,,0.0,0.0,,
2024-10-29,-0.0025261919965320345,-0.07009329243461249,-0.06693816587662926,0.0291472926657164,-0.3621071177961399,-0.08000000000000007,0.7049247751578119,0.07958904608699933,-1.0,0.0,0.0,,0.0,0.0,0.0,0.0,,0.0,0.0,,
2024-10-30,0.020616250720924434,-0.030996885384894313,-0.04524769028881792,0.02955984841713968,-0.0980006111003684,-0.04999999999999982,0.6922935026325401,0.0845390961329904,-1.0,0.0,0.0,,0.0,0.0,0.0,0.0,,0.0,0.0,,
2024-10-31,0.009429242271476568,-0.013338311768054112,-0.03270490120599412,0.027143284341659128,-0.22977575781426562,-0.07000000000000028,0.6797729454036552,0.08950932916374355,-1.0,0.0,0.0,,0.0,0.0,0.0,0.0,,0.0,0.0,,
2024-11-01,0.003315318351960528,-0.032423028393225195,-0.025989371295500163,0.027038148923972393,-0.15817286665247288,-0.1200000000000001,0.11595626024761863,-1.7855806895529325,-0.6869581407193542,0.31304185928064576,-0.5632052637729701,,0.0,0.0,0.0,0.0,,0.0,0.0,,
2024-11-04,0.028094923905650937,0.05892954325348043,0.0059227611875618535,0.026449356780341635,0.1741079870136053,-0.02999999999999936,0.10027342118630958,-1.7455229419285625,-0.4346519094915451,0.5653480905084549,-0.5632052637729701,,0.0,0.0,0.0,0.0,,0.0,0.0,,
2024-11-05,0.007249439249324752,0.06870517449933722,0.014257706110034185,0.0244593200944019,0.24667390670599643,0.020000000000000462,0.08410918892178937,-1.7072408062489668,-0.49636600090319544,0.5036339990968046,-0.5632052637729701,,0.0,0.0,0.0,0.0,,0.0,0.0,,
2024-11-06,-0.004175952616431111,0.04391297116198167,0.011151276090679119,0.02445707879823834,-0.7116114771186011,-0.1299999999999999,0.06740963822554068,-1.6705924252130286,-0.6417703134114637,0.35822968658853627,-0.5632052637729701,,0.0,0.0,0.0,0.0,,0.0,0.0,,
2024-11-07,0.009302392662313252,0.04378612155281836,0.022808871016365195,0.023098392078605368,0.019070696192591274,-0.02999999999999936,0.050112609490970836,-1.6354511873727895,-0.5202021323412787,0.47979786765872134,-0.5632052637729701,,0.0,0.0,0.0,0.0,,0.0,0.0,,
2024-11-08,-0.027744528633655285,0.012726274567202545,-0.0013847620802964755,0.023787464496537465,-0.6197539252417394,0.07000000000000028,0.03214593840685853,-1.601703670799561,-0.6868209669415872,0.0001371737777670079,0.0,,0.0,0.0,0.0,0.0,,0.0,0.0,,
2024-11-11,-0.033813364365777865,-0.04918201370422626,-0.031114657168903825,0.0243619408887663,-0.6197539252417394,0.07000000000000028,0.013425192574829218,-1.569247915946143,-0.6868209669415872,0.0001371737777670079,0.0,,0.0,0.0,0.0,0.0,,0.0,0.0,,
2024-11-12,0.0011750882668266627,-0.055256364686724346,-0.028165770779446042,0.02238641118220417,-1.7847795159016355,-0.16999999999999993,-0.006149257265216492,-1.53799196712924,-0.8323565725402717,-0.3359905716370763,0.0,,0.0,0.0,0.0,0.0,,0.0,0.0,,
2024-11-13,0.004540469169919348,-0.04653994290037389,-0.022213307476745214,0.022429162052727353,-0.9973469314696892,-0.020000000000000462,-0.02669607755011535,-1.5078526345678422,-0.708053416362085,-0.06628310295062123,0.0,,0.0,0.0,0.0,0.0,,0.0,0.0,,
2024-11-14,0.003937874263896468,-0.05190446129879067,-0.01686183543912456,0.022428758144921106,-1.784411941494679,-0.1200000000000001,-0.04835808184143929,-1.4787544385738907,-0.7679996012602944,-0.24779746891901577,0.0,,0.0,0.0,0.0,0.0,,0.0,0.0,,
2024-11-15,-0.02475811691913865,-0.04891804958427404,-0.04000501456336192,0.0226284825269485,-1.0381339230186581,-0.1299999999999999,-0.07130914207780806,-1.4506287050083062,-0.7093107525076457,-0.022489785566058518,0.0,,0.0,0.0,0.0,0.0,,0.0,0.0,,
2024-11-18,0.03143157850592537,0.0163268932874292,-0.0075713985132646044,0.02337487777817944,-1.0381339230186581,-0.1299999999999999,-0.08220146754160473,-1.4240155852466705,-0.5207910445194515,-0.022489785566058518,0.0,,0.0,0.0,0.0,0.0,,0.0,0.0,,
2024-11-19,0.0033201040963675155,0.018471909116970053,-0.0023426657416454333,0.022802787871394906,0.29721667000588425,0.040000000000000036,-0.09326903730642043,-1.3982275654588758,-0.45506760072395,0.3772889718163217,0.0,,0.0,0.0,0.0,0.0,,0.0,0.0,,
2024-11-20,-0.007522095354850933,0.006409344592199773,-0.00850403546994194,0.022513466243707144,0.06080789431399669,0.03000000000000025,-0.10452170967184964,-1.3732148361851333,-0.44630317419077914,0.2617502421713058,0.0,,0.0,0.0,0.0,0.0,,0.0,0.0,,
2024-11-21,0.01770212448393771,0.020173594812241014,0.009262241849085306,0.022841397751459908,-0.08125888276910853,-0.0,-0.1159700287973297,-1.348931578418019,-0.4915037875851455,0.2764958136751489,0.0,,0.0,0.0,0.0,0.0,,0.0,0.0,,
2024-11-22,0.016131664380916177,0.06106337611229584,0.02577147759490117,0.022558181747489393,-0.46215149489929885,0.019999999999999574,-0.12762529114173363,-1.3253355554878683,-0.46262419382139935,0.2466865586862464,0.0,,0.0,0.0,0.0,0.0,,0.0,0.0,,
2024-11-25,-0.0328178973327411,-0.003186099726370628,-0.008190835893355342,0.01880747546628765,-0.30828288094024714,0.15000000000000036,-0.13949961991050974,-1.3023877546857814,-0.1601697979979043,0.36062124652154715,0.0,,0.0,0.0,0.0,0.0,,0.0,0.0,,
2024-11-26,-0.0024689577569745325,-0.008975161579712676,-0.011807071517823786,0.018806891902932124,-0.8154310859070479,0.08999999999999986,-0.15160604868466343,-1.2800520715981272,-0.1765774170707992,0.2784901836531508,0.0,,0.0,0.0,0.0,0.0,,0.0,0.0,,
2024-11-27,-0.0007273256557445151,-0.0021803918806062583,-0.012614496222227878,0.01824104726289653,0.04689470365699666,0.16000000000000014,-0.16395861560957212,-1.258295031247121,-0.07042506227775805,0.3758781119130211,0.0,,0.0,0.0,0.0,0.0,,0.0,0.0,,
2024-11-28,0.0,-0.019882516364543967,-0.012223133157315047,0.018108059714804267,0.04689470365699666,0.16000000000000014,-0.17657246976633745,-1.2370855410542732,-0.07042506227775805,0.3758781119130211,0.0,,0.0,0.0,0.0,0.0,,0.0,0.0,,
2024-11-29,-0.010532572499893256,-0.0465467532453534,-0.021671948049701406,0.018223251693905408,0.6992952133501484,0.23000000000000043,-0.18946399164374134,-1.2163946714056977,0.14109463542491676,0.6037188292463161,0.0,,0.0,0.0,0.0,0.0,,0.0,0.0,,
2024-12-02,0.0014695079793591859,-0.012259347933253117,-0.017787411666520647,0.016904264823655875,-0.10425623726326716,0.07999999999999918,-1.0096637218477587,-2.491335487241197,-0.0,0.1601697979979043,1.2837943264245588,,0.0,0.0,0.0,0.0,,0.0,0.0,,
2024-12-03,0.026660518479763695,0.01687012830348511,0.010317581255541164,0.018009464188899493,0.3716547346349075,0.0699999999999994,-1.0200362508195622,-2.407570311177449,0.03585878415259496,0.21243620122339416,1.2837943264245588,,0.0,0.0,0.0,0.0,,0.0,0.0,,
2024-12-04,-0.020220215188767376,-0.002622761229537751,-0.00765594636231004,0.01848850532876283,0.04975536289479887,0.05999999999999961,-1.0305868084015406,-2.330301389147343,0.25423369218123365,0.3246587544589917,1.2837943264245588,,0.0,0.0,0.0,0.0,,0.0,0.0,,
2024-12-05,-0.0035077498697182463,-0.0061305110992559975,-0.008276501534510317,0.018288155201552678,0.04975536289479887,0.05999999999999961,-1.0413213437287356,-2.2586910934537476,0.11024266933286721,0.3246587544589917,1.2837943264245588,,0.0,0.0,0.0,0.0,,0.0,0.0,,
2024-12-06,-0.016236519047640563,-0.011834457647003305,-0.022201226363934623,0.017634254179393995,-0.0854796736920127,0.02999999999999936,-1.0522460887482927,-2.192045770140983,0.3004076816094478,0.15931304618453104,1.2837943264245588,,0.0,0.0,0.0,0.0,,0.0,0.0,,
2024-12-09,0.017260884396598897,0.003956918770236406,-0.005182260187237553,0.016493512872882872,0.41619732047901703,-0.009999999999999787,-1.0633675758409882,-2.129785353432945,0.3004076816094478,0.15931304618453104,0.0,,0.0,0.0,0.0,0.0,,0.0,0.0,,
2024-12-10,0.003212619585527321,-0.019490980123999968,-0.002313435387547358,0.016505868261804127,-0.0003938356838650847,0.010000000000000675,-1.0746926568063497,-2.0714204720537945,0.3739159633037655,0.3380571791511705,0.0,,0.0,0.0,0.0,0.0,,0.0,0.0,,
2024-12-11,0.02448278967658446,0.02521202474135187,0.02082844347786672,0.01735333161632175,-0.07171178960754254,-0.0699999999999994,-1.0862285233380249,-2.0165349571201445,0.2416273506742384,-0.012606341506995244,0.0,,0.0,0.0,0.0,0.0,,0.0,0.0,,
2024-12-12,-0.0038486256612948466,0.024871148949775268,0.016028232001660925,0.017379328065420304,-0.41683606399185447,-0.15000000000000036,-1.0979827291298128,-1.9647723067199436,0.331041112348499,0.22079844301563178,0.0,,0.0,0.0,0.0,0.0,,0.0,0.0,,
2024-12-13,0.017975149603017826,0.05908281760043366,0.030915132463659845,0.016664311285998504,-0.49065420560747697,-0.25,-1.1099632137682771,-1.9158250907466723,0.12835979558616067,-0.17204788602328713,0.0,,0.0,0.0,0.0,0.0,,0.0,0.0,,
2024-12-16,-0.008169059513388532,0.03365287369044623,0.021637855710218368,0.015425983367396465,-0.5297077918230864,-0.1899999999999995,-1.1183092013038154,-1.8702165243907456,0.08864445867655504,-0.17204788602328713,0.0,,0.0,0.0,0.0,0.0,,0.0,0.0,,
2024-12-17,-0.00894955898801264,0.021490695116906267,0.012193562636372057,0.015576631420430902,-0.4310908417810788,-0.1800000000000006,-1.1267661497515793,-1.8268685532379954,0.04697432123323616,-0.32694164207052934,0.0,,0.0,0.0,0.0,0.0,,0.0,0.0,,
2024-12-18,0.007109371618987836,0.004117277059309643,0.018076626820834107,0.015523797293654124,-0.6255503621254821,-0.2400000000000002,-1.1353368812909757,-1.7855848346833867,-0.09884980524162944,-0.34047715591586786,0.0,,0.0,0.0,0.0,0.0,,0.0,0.0,,
2024-12-19,-0.009538117723230322,-0.001572215002625832,0.008674213773436357,0.015193655406522375,-1.3240849556852785,-0.25,-1.144024319930174,-1.74619210075579,0.05180924671696096,-0.279231865631538,0.0,,0.0,0.0,0.0,0.0,,0.0,0.0,,
2024-12-20,-0.006457653207966096,-0.026005017813609754,0.0034817311207477886,0.014753986082962366,-0.4582529518590839,-0.11999999999999922,-1.1528314963028299,-1.708536778227133,0.1952366578001041,0.06687686221394343,0.0,,0.0,0.0,0.0,0.0,,0.0,0.0,,
2024-12-23,-0.003172317007919645,-0.021008275308140867,9.230565186246764e-05,0.012773413219503257,-0.8119828363140291,-0.20000000000000018,-1.1617615527443959,-1.6724821958282625,-0.2653995699208309,-0.35404402859738593,0.0,,0.0,0.0,0.0,0.0,,0.0,0.0,,
2024-12-24,0.01234406373253627,0.0002853474124080435,0.01147860984895921,0.013036221668462526,-0.6536250149995038,-0.1899999999999995,-1.1708177486675593,-1.6379062617337652,-0.25745389978087324,-0.3044282210141094,0.0,,0.0,0.0,0.0,0.0,,0.0,0.0,,
2024-12-25,0.0,-0.006824024206579793,0.010484484030731878,0.013032287381512457,-0.6536250149995038,-0.1899999999999995,-1.1800034662577978,-1.604699520528262,-0.25745389978087324,-0.3044282210141094,0.0,,0.0,0.0,0.0,0.0,,0.0,0.0,,
2024-12-26,-0.0068709116572511775,-0.004156818140600649,0.002962992138115794,0.013149904603396965,0.23609143898392082,-0.009999999999999787,-1.1893222165119703,-1.5727635185241173,-0.25745389978087324,-0.3044282210141094,0.0,,0.0,0.0,0.0,0.0,,0.0,0.0,,
2024-12-27,0.013978262115903028,0.016279097183268476,0.01506513228786499,0.013194905274825927,-0.4355203177656142,-0.10000000000000053,-1.1987776456445631,-1.5420094212697537,-0.7234279629798194,-0.9186646207799235,0.0,,0.0,0.0,0.0,0.0,,0.0,0.0,,
2024-12-30,0.00550887755209839,0.02496029174328651,0.018495919395171256,0.01321924580201283,-0.4040463873935085,0.040000000000000036,-1.208373541888412,-1.5123568385848984,-0.2864021596914499,-0.021002589770618973,0.0,,0.0,0.0,0.0,0.0,,0.0,0.0,,
2024-12-31,0.010230626685637567,0.02284685469638781,0.02746995022572385,0.012071915523561348,-0.7322867715410242,0.009999999999999787,-1.2181138427189657,-1.4837328213606389,-0.3344709853337725,-0.07701708555289927,0.0,,0.0,0.0,0.0,0.0,,0.0,0.0,,
2025-01-01,0.0,0.02284685469638781,0.025202343611200995,0.010975509841095495,-0.7322867715410242,0.009999999999999787,-1.9324414434575492,1.1835617383058652,-0.3344709853337725,-0.07701708555289927,1.1231493156752315,,0.0,0.0,0.0,0.0,,0.0,0.0,,
2025-01-02,0.019469030545927524,0.04918679689956651,0.04125492852182244,0.011527797365731745,-0.8781068611400489,0.009999999999999787,-1.9214284491437599,1.1802320236254633,-0.43608269433487334,-0.07701708555289927,1.1231493156752315,,0.0,0.0,0.0,0.0,,0.0,0.0,,
2025-01-03,0.011285727236064247,0.04649426201972773,0.04774809780839551,0.010669003307811887,-0.7812378357337613,0.020000000000000462,-1.910561104703709,1.176918351355562,-0.8151322229545569,-0.09170425997473752,1.1231493156752315,,0.0,0.0,0.0,0.0,,0.0,0.0,,
2025-01-06,-0.005423006782803164,0.035562377684826174,0.038666727635071396,0.010477785152949507,0.21929739443644625,-0.07000000000000028,-1.8998360486270418,1.1736205735690124,-0.6819728271933131,-0.3955706675018632,1.1231493156752315,,0.0,0.0,0.0,0.0,,0.0,0.0,,
2025-01-07,0.009336377946688401,0.03466812894587701,0.044038554273181596,0.010553277848120731,0.5140105586819099,-0.08999999999999986,-1.889250027453985,1.1703385442368206,-0.7109167533092007,-0.37644576797542817,1.1231493156752315,,0.0,0.0,0.0,0.0,,0.0,0.0,,
2025-01-08,-0.012604354711305277,0.02206377423457173,0.02932400547269154,0.010002156400339333,0.5140105586819099,-0.08999999999999986,-1.8787998913412942,1.1670721191967692,-0.6555672262217443,-0.37644576797542817,0.0,,0.0,0.0,0.0,0.0,,0.0,0.0,,
2025-01-09,0.008150004361924701,0.010744748050568909,0.03476388424427057,0.009985760756066145,0.13679922261582433,-0.10999999999999943,-1.8684825898487647,1.1638211561226712,-0.4817105585370531,-0.045627864202179735,0.0,,0.0,0.0,0.0,0.0,,0.0,0.0,,
2025-01-10,0.03522192779160349,0.03468094860610815,0.06641334753609929,0.011928993198886158,-0.31895622752571295,-0.16999999999999993,-1.8582951679335404,1.16058551449424,-0.8387995759762439,-0.023667353021686988,0.0,,0.0,0.0,0.0,0.0,,0.0,0.0,,
2025-01-13,0.02896141664182572,0.06906537203073704,0.08994577587038943,0.012858580153644678,-1.1695374130607172,-0.16999999999999993,-1.8482347621400868,1.1573650555675632,-0.8515094372545943,-0.16953661006128118,0.0,,0.0,0.0,0.0,0.0,,0.0,0.0,,
2025-01-14,-0.016888835407556257,0.04284015867649238,0.06802491597627469,0.013435439419156557,-0.5972957632587761,-0.11000000000000032,-1.8382985969746992,1.1541596423461646,-0.7001960735126226,0.010720679796578092,0.0,,0.0,0.0,0.0,0.0,,0.0,0.0,,
2025-01-15,0.03224857335623099,0.08769308674402865,0.09398450475908593,0.014751513398538705,-0.10125621230492321,0.009999999999999787,-1.828483981454061,1.150969139552645,0.48345925194072237,1.1390264781624668,0.0,,0.0,0.0,0.0,0.0,,0.0,0.0,,
2025-01-16,-0.017137516194674518,0.06240556618742943,0.07093797391456302,0.015269425990780586,-0.11857735025646576,0.0699999999999994,-1.7865263599487788,1.1520121547564321,0.5663880111262329,1.048098569663286,0.0,,0.0,0.0,0.0,0.0,,0.0,0.0,,
2025-01-17,-0.01021981301685937,0.01696382537896657,0.05499725423829993,0.01545187596743355,0.29299341477088126,0.15999999999999925,-1.7465012856073463,1.1530568044808611,0.1937209873749213,1.0325205633511652,0.0,,0.0,0.0,0.0,0.0,,0.0,0.0,,
2025-01-20,0.0,-0.011997591262859153,0.04911773172850076,0.015371855884588653,0.29299341477088126,0.15999999999999925,-1.708249539608206,1.1541030936258543,0.1937209873749213,1.0325205633511652,0.0,,0.0,0.0,0.0,0.0,,0.0,0.0,,
2025-01-21,-0.025884257088176987,-0.020993012943479883,0.01926536817155977,0.016833022508848324,0.7467081770767381,0.20999999999999996,-1.6716295595099109,1.155151027111923,-0.0,0.7001960735126226,0.0,,0.0,0.0,0.0,0.0,,0.0,0.0,,
2025-01-22,-0.005947285090619481,-0.059188871390330355,0.009647340866707488,0.016958871144959534,0.6725527284434873,0.0600000000000005,-1.6365149857391061,1.156200609880278,-0.0,0.7001960735126226,0.0,,0.0,0.0,0.0,0.0,,0.0,0.0,,
2025-01-23,-0.010929070532190721,-0.05298042572784656,-0.00474956393596937,0.017115194131357803,0.9423962421583054,-0.040000000000000036,-1.6027926124221294,1.1572518468929436,0.06960166843526311,-0.49678634269096983,0.0,,0.0,0.0,0.0,0.0,,0.0,0.0,,
2025-01-24,0.0005359056934262085,-0.04222470701756098,-0.007009374691905101,0.01694380774533256,1.5637223821280855,-0.019999999999999574,-1.5703606660327571,1.15830474313287,0.2794258194866157,0.08570483211169441,0.0,,0.0,0.0,0.0,0.0,,0.0,0.0,,
2025-01-27,-0.020158972590499147,-0.06238367960806013,-0.028680671224636356,0.01768343616362234,1.5637223821280855,-0.019999999999999574,-1.5391273515729416,1.1593593036040475,0.48899518410157905,0.08570483211169441,0.0,,0.0,0.0,0.0,0.0,,0.0,0.0,,
2025-01-28,0.008166644000272782,-0.028332778519610358,-0.02192315203232731,0.01763583753847787,0.10388186436018909,0.020000000000000462,-1.5090096184465185,1.1604155333316228,0.41913872922992046,0.41913872922992046,0.0,,0.0,0.0,0.0,0.0,,0.0,0.0,,
2025-01-29,-0.0157117789100214,-0.03809727233901228,-0.0382584668048116,0.018047057289731775,-0.0012466865409344052,0.04999999999999982,-1.4799321077951595,1.1614734373620133,0.41913872922992046,0.41913872922992046,0.0,,0.0,0.0,0.0,0.0,,0.0,0.0,,
2025-01-30,0.0015135881802592621,-0.025654613626562295,-0.03647064236873199,0.01749849450260302,0.09031620029292808,0.13000000000000078,-1.4518262505438206,1.1625330207630231,0.4840387351856106,0.41443706675034747,0.0,,0.0,0.0,0.0,0.0,,0.0,0.0,,
2025-01-31,-0.0027536847911280304,-0.028944204111116534,-0.0382481203026801,0.01729071631327511,-0.801577893176808,0.04999999999999982,-1.4246294912651398,1.163594288623963,0.4139849111522238,0.1345590916656081,0.0,,0.0,0.0,0.0,0.0,,0.0,0.0,,
2025-02-03,0.008648554147344,-0.00013667737327338614,-0.029326937344663406,0.017386277249543898,-0.7945901045505188,-0.009999999999999787,-0.4505802394558767,0.23247043043764345,0.13926102865688397,-0.3497341554446951,-0.037016853595850385,,0.0,0.0,0.0,0.0,,0.0,0.0,,
2025-02-04,-0.006307438983191638,-0.014610760356737806,-0.03457955667068813,0.017282817094795098,0.13517126760870246,0.03000000000000025,-0.4424963518755264,0.2423090936628786,0.6327904304061224,0.2136517011762019,-0.037016853595850385,,0.0,0.0,0.0,0.0,,0.0,0.0,,
2025-02-05,-0.023239061529754856,-0.02213804297647126,-0.05623206320235319,0.01781234572742011,0.2857214095485672,0.1200000000000001,-0.4344358414225434,0.2522995894788976,0.7646727983360846,0.2136517011762019,-0.037016853595850385,,0.0,0.0,0.0,0.0,,0.0,0.0,,
2025-02-06,-0.005930545481462879,-0.029582176638193403,-0.059872026193557915,0.017685066725918564,-0.0790785977248909,0.0699999999999994,-0.4263971103449545,0.26244878079876066,0.4219591782765592,-0.06207955690905137,-0.037016853595850385,,0.0,0.0,0.0,0.0,,0.0,0.0,,
2025-02-07,0.005508099513059861,-0.02132039233400551,-0.050587652776312275,0.015478262432567846,0.04171764625302554,0.08999999999999986,-0.4183785695439954,0.2727639339744628,0.7764698903792457,0.36248497922702194,-0.037016853595850385,,0.0,0.0,0.0,0.0,,0.0,0.0,,
2025-02-10,0.018420839042605053,-0.01154810743874446,-0.027863510949559966,0.014450197235545737,0.3646531225553584,0.03000000000000025,-0.4103786369779722,0.28325275105761527,0.8481867283614806,0.7089256997045966,0.0,,0.0,0.0,0.0,0.0,,0.0,0.0,,
2025-02-11,0.013732706887583213,0.008492038432030391,-0.011358578392586693,0.014667138122911092,-0.25283295461728805,-0.020000000000000462,-0.4023957360690338,0.2939234052671909,0.564163503622742,-0.06862692678338034,0.0,,0.0,0.0,0.0,0.0,,0.0,0.0,,
2025-02-12,-0.026955809988527868,0.0047752899732573795,-0.032581943544486514,0.013119903139446608,-0.27638188991452317,-0.1900000000000004,-0.39442829410912356,0.30478458004987835,-0.6250395391102582,-1.3897123374463427,0.0,,0.0,0.0,0.0,0.0,,0.0,0.0,,
2025-02-13,-0.0011215478534385426,0.009584287601281716,-0.02877184497836005,0.012873605117270459,0.24071443670402592,-0.0699999999999994,-0.38647474066115167,0.3158455121731745,-0.5600763792597476,-0.9820355575363069,0.0,,0.0,0.0,0.0,0.0,,0.0,0.0,,
2025-02-14,-0.007744881352202526,-0.0036686932639806713,-0.03170882649422957,0.012831925207488654,0.9967359447851432,0.020000000000000462,-0.37853350595156066,0.32711603935486305,0.07192617922445751,-0.7045437111547882,0.0,,0.0,0.0,0.0,0.0,,0.0,0.0,,
2025-02-17,0.0,-0.022089532306585724,-0.026900926657895674,0.012831925207488654,0.9967359447851432,0.020000000000000462,-0.36601137921808696,0.319862791442301,0.07192617922445751,-0.7045437111547882,0.0,,0.0,0.0,0.0,0.0,,0.0,0.0,,
2025-02-18,0.015569428747698844,-0.020252810446470093,-0.00859628236565868,0.012594088144895096,0.8888736625238813,-0.009999999999999787,-0.3533728062938867,0.31261345399730356,-0.0,-0.564163503622742,0.0,,0.0,0.0,0.0,0.0,,0.0,0.0,,
2025-02-19,0.005551714467507907,0.012254714009565681,-0.0008843023315172616,0.01270174985155937,0.4652891634613576,0.08999999999999986,-0.3406040391707483,0.3053668106902586,0.071786098522167,0.6968256376324252,0.0,,0.0,0.0,0.0,0.0,,0.0,0.0,,
2025-02-20,0.004419286297503433,0.017795548160507657,0.004927831691134976,0.012607379826870142,0.6102753002312111,0.019999999999999574,-0.3276901637594299,0.2981216387470725,0.07233164470138886,0.6324080239611365,0.0,,0.0,0.0,0.0,0.0,,0.0,0.0,,
2025-02-21,-0.030358350126048705,-0.004817920613338522,-0.022492957918792023,0.014156144255253557,0.006527769366837521,0.04999999999999982,-0.3146149308780457,0.2908767078276752,0.5911735749513671,0.5192473957269096,0.0,,0.0,0.0,0.0,0.0,,0.0,0.0,,
2025-02-24,0.004252309738530968,-0.0005656108748075539,-0.016523651780589788,0.013635969555267151,0.006527769366837521,0.04999999999999982,-0.3013605577438227,0.28363077888056676,0.29091221330658784,0.5192473957269096,0.0,,0.0,0.0,0.0,0.0,,0.0,0.0,,
2025-02-25,-0.025354076004966863,-0.04148911562747326,-0.03848469538562416,0.014396082982898541,-0.06646209539431513,0.25,-0.28790749348244393,0.27638260297070316,0.831907465344551,0.831907465344551,0.0,,0.0,0.0,0.0,0.0,,0.0,0.0,,
2025-02-26,-0.004507459467256503,-0.05154828956223767,-0.04015933842508712,0.014106569005737979,0.3519095103251546,0.28000000000000025,-0.2742341404599166,0.26913092007789785,1.0,0.928213901477833,0.0,,0.0,0.0,0.0,0.0,,0.0,0.0,,
2025-02-27,0.02489874613009402,-0.031068829729647085,-0.013597033764690458,0.015396027412132425,-0.6748347528097165,0.20999999999999996,-0.2603165210003837,0.2618744578627794,0.706222377753485,0.6338907330520961,0.0,,0.0,0.0,0.0,0.0,,0.0,0.0,,
2025-02-28,-0.008422003959673852,-0.009132483563272231,-0.020072063235634374,0.015469149703905498,-0.896407762103113,0.17999999999999972,-0.24612787608533895,0.25461193039719293,1.0,0.40882642504863287,0.0,,0.0,0.0,0.0,0.0,,0.0,0.0,,
2025-03-03,-0.02012664767502148,-0.03351144097682468,-0.0368129763308076,0.015767107562333297,-0.4386278707561253,0.2400000000000002,2.173514779187791,-0.143833006605819,1.0,0.7090877866934122,-0.23174046295659778,,0.0,0.0,0.0,0.0,,0.0,0.0,,
2025-03-04,-0.0016101884471417804,-0.009767553418999597,-0.03527229272490384,0.015756276837937015,-0.48785006814513476,0.08000000000000007,2.1618626959171716,-0.1485004108933915,1.0,0.16809253465544904,-0.23174046295659778,,0.0,0.0,0.0,0.0,,0.0,0.0,,
2025-03-05,-0.02898322809778442,-0.034243322049527514,-0.06081744044124182,0.016188154255784522,0.6113973517113958,-0.03000000000000025,2.150362926677058,-0.15318837757272288,0.8847127958200859,-0.11528720417991412,-0.23174046295659778,,0.0,0.0,0.0,0.0,,0.0,0.0,,
2025-03-06,0.0007537499414675963,-0.058388318238153936,-0.056959824889473154,0.016202981361284743,1.4538518282352864,-0.0,2.139012037902685,-0.15789736482537722,1.0,0.29377762224651505,-0.23174046295659778,,0.0,0.0,0.0,0.0,,0.0,0.0,,
2025-03-07,0.010194990851583263,-0.03977132342689682,-0.04389531299451477,0.016367153865167905,1.7922443395527732,-0.08000000000000007,2.1278067038290582,-0.16262784000665592,1.0,0.0,-0.23174046295659778,,0.0,0.0,0.0,0.0,,0.0,0.0,,
2025-03-10,-0.01518027196734728,-0.03482494771922262,-0.05452600836799082,0.015780758119908006,1.1600782778865004,-0.05999999999999961,2.1167437021709277,-0.16738027993850005,1.0,0.0,0.0,,0.0,0.0,0.0,0.0,,0.0,0.0,,
2025-03-11,0.0033262806598512995,-0.02988847861222954,-0.04612982980288027,0.01531079213940436,1.5241811110607628,-0.0600000000000005,2.1058199100126265,-0.1721551712130057,1.0,0.0,0.0,,0.0,0.0,0.0,0.0,,0.0,0.0,,
2025-03-12,0.021355250431636996,0.020449999917191874,-0.022120234486993517,0.015486129875250144,0.5040156832985532,-0.040000000000000036,2.0950322998958675,-0.1769530105070279,1.0,0.11528720417991412,0.0,,0.0,0.0,0.0,0.0,,0.0,0.0,,
2025-03-13,-0.016837170456847517,0.0028590795188767615,-0.03551727892941958,0.015799797111528124,0.084688037973224,0.020000000000000462,2.0843779360942962,-0.18177430490837423,1.0,0.0,0.0,,0.0,0.0,0.0,0.0,,0.0,0.0,,
2025-03-14,0.009422039343025546,0.002086128010319044,-0.023513459606735232,0.016018422629814837,0.2279701606745066,0.010000000000000675,2.0738539710643518,-0.1866195722541157,0.8958316646143581,-0.10416833538564185,0.0,,0.0,0.0,0.0,0.0,,0.0,0.0,,
2025-03-17,0.0059364971019970625,0.023202897079663387,-0.015292007380177886,0.01612343956396584,0.7121360914879471,-0.08999999999999986,2.0634576420626756,-0.19148934148156693,0.8958316646143581,-0.10416833538564185,0.0,,0.0,0.0,0.0,0.0,,0.0,0.0,,
2025-03-18,-0.010113114151960367,0.00976350226785172,-0.021836039262595364,0.01564215317641639,0.44245856859852495,-0.009999999999999787,2.0264918134639123,-0.18394065307321952,0.9237578457846207,-0.07624215421537928,0.0,,0.0,0.0,0.0,0.0,,0.0,0.0,,
2025-03-19,0.003878865075156668,-0.007712883088628608,-0.014304449448278689,0.015595217264768509,0.05227765313061683,0.07000000000000028,1.9910301608168335,-0.17636877609833856,1.0,0.0,0.0,,0.0,0.0,0.0,0.0,,0.0,0.0,,
2025-03-20,0.016246111269221153,0.02537039863744006,0.005003045311515741,0.016132376488289156,0.0143647259472246,0.02999999999999936,1.9569676155956828,-0.16877202501995792,1.0,0.0,0.0,,0.0,0.0,0.0,0.0,,0.0,0.0,,
2025-03-21,0.0002929544476790724,0.016241313742093588,0.0068248180210828124,0.014803928930737871,-0.4564251970258004,0.05999999999999961,1.924209133715465,-0.16114867456350282,0.8826014281019658,-0.013230236512392302,0.0,,0.0,0.0,0.0,0.0,,0.0,0.0,,
2025-03-24,0.012082540177062562,0.022387356817159088,0.02004466493810675,0.015066085888687304,-0.6594942282290406,-0.03000000000000025,1.8926684959783044,-0.15349695716307635,0.31601370132287016,-0.013230236512392302,0.0,,0.0,0.0,0.0,0.0,,0.0,0.0,,
2025-03-25,-0.0015929335060427263,0.03090753746307673,0.01840098104707888,0.013951566642030774,-0.45064069871223467,-0.019999999999999574,1.8622672795635735,-0.1458150602707453,0.38032097607701737,-0.5434368697076033,0.0,,0.0,0.0,0.0,0.0,,0.0,0.0,,
2025-03-26,0.00937619562855474,0.0364048680164748,0.027032243535858314,0.014057825843666442,-0.34642124123414053,-0.09999999999999964,1.8329339724529543,-0.13810112351801,0.2407825849026239,-0.7592174150973761,0.0,,0.0,0.0,0.0,0.0,,0.0,0.0,,
2025-03-27,0.003869031121465305,0.024027787868718953,0.03120782726797966,0.012894445442508996,-0.29971822042307306,-0.13999999999999968,1.8046032078816625,-0.1303532357177357,0.3401783273495398,-0.6598216726504602,0.0,,0.0,0.0,0.0,0.0,,0.0,0.0,,
2025-03-28,-0.008041398874993888,0.015693434546045992,0.023453950749408037,0.01288211284413212,-0.11942861170575192,-0.019999999999999574,1.7772151000430103,-0.12256943169383305,0.3331311916201271,-0.5494702364818387,0.0,,0.0,0.0,0.0,0.0,,0.0,0.0,,
2025-03-31,0.030107357818941693,0.033718252187925124,0.05133713065007317,0.013682706867697436,-0.4056401332534598,0.10999999999999943,1.750714665582775,-0.11474768892488481,0.22900294785409364,-0.08701075346877651,0.0,,0.0,0.0,0.0,0.0,,0.0,0.0,,
2025-04-01,-0.003924871873297597,0.03138631382067025,0.04530381502980685,0.013726565555934914,-0.30169729519609056,0.13999999999999968,1.9892230470675312,-0.5867213893268597,0.2894546250552606,-0.09086635102175677,0.3021069769710616,,0.0,0.0,0.0,0.0,,0.0,0.0,,
2025-04-02,0.007137389476553402,0.029147507668668915,0.048526729880675745,0.011637771362923424,-0.11462620923916589,0.14999999999999947,1.9516227755846978,-0.575571617464147,0.2547864406957857,0.014003855793161823,0.3021069769710616,,0.0,0.0,0.0,0.0,,0.0,0.0,,
2025-04-03,-0.06868413575730159,-0.04340565921009798,-0.020599986217373356,0.019990529039250825,1.2907300103036867,0.3200000000000003,1.9155964624047983,-0.5644672737398525,0.7568657342012166,0.4166874068516768,0.3021069769710616,,0.0,0.0,0.0,0.0,,0.0,0.0,,
2025-04-04,-0.0769729904233536,-0.11233725075845769,-0.09365715791772722,0.026268804805315602,0.4792012574089122,0.2599999999999998,1.8810302873767066,-0.5534039677183318,0.9084042219579083,0.5752730303377811,0.3021069769710616,,0.0,0.0,0.0,0.0,,0.0,0.0,,
2025-04-07,-0.0210293836483757,-0.16347399222577508,-0.11047826725905097,0.026432861927894718,-0.09525876526645938,0.08000000000000007,1.8478216553065443,-0.5423773117141317,0.4622249853687894,0.23322203751469578,0.3021069769710616,,0.0,0.0,0.0,0.0,,0.0,0.0,,
2025-04-08,-0.018623750780315973,-0.17817287113279345,-0.12379624216030738,0.026558945220886084,-0.3424717124692833,-0.08999999999999986,1.8158778084053981,-0.5313829110502045,0.652134667906083,0.3626800428508224,0.0,,0.0,0.0,0.0,0.0,,0.0,0.0,,
2025-04-09,0.04544372484090875,-0.1398665357684381,-0.07425116516080266,0.028319476860218563,-0.19536148996961433,-0.13999999999999968,1.785114642953338,-0.5204163540719402,0.28408446774537477,0.02929802704958906,0.0,,0.0,0.0,0.0,0.0,,0.0,0.0,,
2025-04-10,-0.037253123263975674,-0.10843552327511219,-0.10638213862582546,0.029158244231253287,-0.2865352484855421,-0.34000000000000075,1.755455695566351,-0.5094732018564291,0.28166534808514426,-0.47520038611607235,0.0,,0.0,0.0,0.0,0.0,,0.0,0.0,,
2025-04-11,0.023526625950402114,-0.007935906901356482,-0.07843859220683935,0.0296941717410122,1.4279934728473775,-0.47000000000000064,1.7268312710523206,-0.4985489775519508,0.17038647211913543,-0.7380177498387728,0.0,,0.0,0.0,0.0,0.0,,0.0,0.0,,
2025-04-14,0.000487685939926763,0.01358116268694598,-0.07326154524022677,0.029619081957225003,2.498182580845576,-0.22999999999999954,1.6991776890505426,-0.48763915527745294,0.6214893267116747,0.15926434134288525,0.0,,0.0,0.0,0.0,0.0,,0.0,0.0,,
2025-04-15,-0.0032557411145059945,0.02894917235275596,-0.0721707939799181,0.029592670939758193,2.4362559787115323,-0.08999999999999986,1.6724366307866005,-0.476739148505603,0.5660128875026065,-0.08612178040347651,0.0,,0.0,0.0,0.0,0.0,,0.0,0.0,,
2025-04-16,0.018417321867586267,0.0019227693794334755,-0.05013390257713812,0.02998136587160593,2.6499668319802883,0.04999999999999982,1.6465545705809095,-0.4658442978457663,0.6191574555292287,0.33507298778385397,0.0,,0.0,0.0,0.0,0.0,,0.0,0.0,,
2025-04-17,0.03476559320342698,0.07394148584683613,-0.012674713935228787,0.030899148834390707,1.5662448336784207,0.0600000000000005,1.6214822794072403,-0.45494985813480976,0.39494060809797177,0.1132752600128275,0.0,,0.0,0.0,0.0,0.0,,0.0,0.0,,
2025-04-18,0.0,0.05041485989643402,-0.00996647077436208,0.030897727952710976,0.8303747168718956,0.0600000000000005,1.590365269984016,-0.453871688610691,0.39494060809797177,0.1132752600128275,0.0,,0.0,0.0,0.0,0.0,,0.0,0.0,,
2025-04-21,-0.025048272614068168,0.024878901342439086,-0.030449959588007225,0.031077235738219813,1.0879040723015931,-0.040000000000000036,1.5603757042839408,-0.4527947504830355,0.8103475600308697,0.18885823331919505,0.0,,0.0,0.0,0.0,0.0,,0.0,0.0,,
2025-04-22,0.019311378051933836,0.04744602050887892,-0.007619013313548528,0.0315306757401598,1.0975471820061977,-0.0600000000000005,1.5314384863113069,-0.45171903878147585,0.5527747927129788,-0.013238094789627675,0.0,,0.0,0.0,0.0,0.0,,0.0,0.0,,
2025-04-23,-0.03223537126241105,-0.0032066726211184005,-0.03425423800888705,0.03200428197827814,0.20053150583586588,-0.11000000000000032,1.5034852773076235,-0.45064454855660274,0.46937294428808246,-0.14978451124114628,0.0,,0.0,0.0,0.0,0.0,,0.0,0.0,,
2025-04-24,0.008316056241657321,-0.02965620958288806,-0.020560386456166313,0.032088868218100065,0.16624732599257452,0.019999999999999574,1.476453728591685,-0.44957127487983545,0.5482678626621968,0.15332725456422508,0.0,,0.0,0.0,0.0,0.0,,0.0,0.0,,
2025-04-25,0.003656311203110718,-0.025999898379777342,-0.012111165445897853,0.03214432280427508,0.08187890540831688,0.019999999999999574,1.4502868182719806,-0.4484992128432908,0.40911711217791624,0.15332725456422508,0.0,,0.0,0.0,0.0,0.0,,0.0,0.0,,
2025-04-28,-0.015511624678512526,-0.0164632504442217,-0.020548931192379882,0.03114034434474641,-0.3295602729030511,0.1899999999999995,1.4249322755937661,-0.44742835755965515,0.5952996255869323,-0.21504793444393744,0.0,,0.0,0.0,0.0,0.0,,0.0,0.0,,
2025-04-29,-0.026620335692090435,-0.06239496418824597,-0.03896063476149969,0.031431709016797704,-0.14450548328466262,0.21999999999999975,1.4003420795442123,-0.44635870416205525,0.5867458355649833,0.033971042852004474,0.0,,0.0,0.0,0.0,0.0,,0.0,0.0,,
2025-04-30,-0.037263014674881134,-0.06742260760071606,-0.06579499710583914,0.03185591019667631,0.3520416955225425,0.23000000000000043,1.3764720206418606,-0.4452902478039318,0.8071972371931171,0.33782429290503463,0.0,,0.0,0.0,0.0,0.0,,0.0,0.0,,
2025-05-01,0.01753982811595378,-0.058198835726419595,-0.04213771485300555,0.02928803170922888,-0.17522865549834954,0.07000000000000028,1.1584576710385521,0.7141513800499172,0.025994612298224952,-0.5222732503639719,-0.7807293608039334,,0.0,0.0,0.0,0.0,,0.0,0.0,,
2025-05-02,-0.016166437342139517,-0.07802158427166983,-0.05522702571232685,0.024272130892022424,0.3170423271037004,-0.040000000000000036,1.141268312798402,0.704199742814458,-0.3992945666417232,-0.8084116788196394,-0.7807293608039334,,0.0,0.0,0.0,0.0,,0.0,0.0,,
2025-05-05,-0.020101179321087237,-0.08261113891424454,-0.07229748876696007,0.024236859904186524,0.371829305657867,-0.1299999999999999,1.1244306850216312,0.6943358466664302,-0.2729511836379439,-0.8682508092248762,-0.7807293608039334,,0.0,0.0,0.0,0.0,,0.0,0.0,,
2025-05-06,0.033732332621212,-0.022258470600942104,-0.03815224404937112,0.025269498200709103,0.450836253531961,-0.10999999999999943,1.107929296147457,0.6845566619256437,-0.19623553852823836,-0.7829813740932217,-0.7807293608039334,,0.0,0.0,0.0,0.0,,0.0,0.0,,
2025-05-07,-0.01741252597362486,-0.0024079818996858293,-0.05200904538589146,0.023079968022475784,0.3875453638529702,-0.08999999999999986,1.0917495350448054,0.6748592461676717,0.3821973631663572,-0.42499987402675987,-0.7807293608039334,,0.0,0.0,0.0,0.0,,0.0,0.0,,
2025-05-08,0.031194256711875035,0.011246446696235424,-0.0206814330357048,0.022894274040179394,0.31159529155720955,-0.1200000000000001,1.075877605679798,0.6652407396423484,-0.18514311366488598,-0.21113772596311092,0.0,,0.0,0.0,0.0,0.0,,0.0,0.0,,
2025-05-09,0.018358243192690082,0.04577112723106502,-0.0019314150668172658,0.022640923337878028,-0.018694457460721736,-0.040000000000000036,1.0603004675607932,0.6556983609181517,0.25734582494630814,0.6566403915880313,0.0,,0.0,0.0,0.0,0.0,,0.0,0.0,,
2025-05-12,0.01512592878662744,0.0809982353387797,0.012854376353672592,0.022905904257558483,-1.0019523757722082,-0.08999999999999986,1.0450057813633673,0.6462294027366945,-0.45348432121924465,-0.18053313758130074,0.0,,0.0,0.0,0.0,0.0,,0.0,0.0,,
2025-05-13,0.027385885953782996,0.0746517886713507,0.03836804358790413,0.02366490323400462,-0.7510547624295594,-0.1900000000000004,1.0299818592077692,0.6368312280626377,-0.613351556550459,-0.41711601802222065,0.0,,0.0,0.0,0.0,0.0,,0.0,0.0,,
2025-05-14,-0.008200645232434134,0.08386366941254142,0.029626077990918986,0.0234327948305142,-0.4566112826223989,-0.27000000000000046,1.0152176191223097,0.6275012663153302,-1.0,-1.382197363166357,0.0,,0.0,0.0,0.0,0.0,,0.0,0.0,,
2025-05-15,-0.024526355627978447,0.028143057072687938,0.007522999439959932,0.022611283124646803,-0.04936590070774294,-0.08000000000000007,1.0007025432791712,0.6182370097693937,-0.5747319513024917,-0.38958883763760566,0.0,,0.0,0.0,0.0,0.0,,0.0,0.0,,
2025-05-16,0.014020050772469261,0.023804864652467117,0.023265324750824767,0.02290577384589497,-0.4526641152277522,-0.05999999999999961,0.9864266396354424,0.6090360101122997,-0.5747319513024917,-0.38958883763760566,0.0,,0.0,0.0,0.0,0.0,,0.0,0.0,,
2025-05-19,0.0031954013448860508,0.011874337210725727,0.02677081693615868,0.022253339344961463,0.8646303274128408,-0.009999999999999787,0.970266029651615,0.5962397057779082,-0.9047823788889849,-0.4512980576697403,0.0,,0.0,0.0,0.0,0.0,,0.0,0.0,,
2025-05-20,-0.002075849048821077,-0.017587397791878345,0.026074420082823124,0.021769433320043944,0.5192004118469318,0.009999999999999787,0.9543607853968228,0.5834587400647394,-0.877093920475756,-0.26374236392529693,0.0,,0.0,0.0,0.0,0.0,,0.0,0.0,,
2025-05-21,-0.01595135731393693,-0.025338109873381143,0.010688314266948495,0.02083929806910081,0.7540273210591253,-0.04999999999999982,0.9386987116355626,0.5706841038466166,-0.8001637360997745,0.19983626390022546,0.0,,0.0,0.0,0.0,0.0,,0.0,0.0,,
2025-05-22,-0.006027549404838517,-0.006839303650241213,0.005943196642496318,0.020764243882657882,0.6306109720609632,-0.08999999999999986,0.9232681702541379,0.5579064133492802,-0.9810997310921195,-0.4063677797896278,0.0,,0.0,0.0,0.0,0.0,,0.0,0.0,,
2025-05-23,0.005377671234118253,-0.015481683188592221,0.012517231655452044,0.02078934480656702,1.3731609596526306,-0.08000000000000007,0.9080580369337482,0.545115841736707,-1.0,-0.4063677797896278,0.0,,0.0,0.0,0.0,0.0,,0.0,0.0,,
2025-05-26,0.0,-0.018677084533478272,0.01293801420036278,0.020514711484941644,1.3731609596526306,-0.08000000000000007,0.8930576609917023,0.5323020407429297,-1.0,-0.4063677797896278,0.0,,0.0,0.0,0.0,0.0,,0.0,0.0,,
2025-05-27,-0.010455903131916244,-0.02705713861657344,0.0020946719853478513,0.019731669674838342,0.5804452096510926,0.05000000000000071,0.8782568280518398,0.5194540501720131,-1.0,-0.12290607952424404,0.0,,0.0,0.0,0.0,0.0,,0.0,0.0,,
2025-05-28,0.015481446658684561,0.004375665356048053,0.014551456494256598,0.01787178084582614,-0.1964688179673768,0.11000000000000032,0.863645725238372,0.506560192539906,-1.0,-0.19983626390022546,0.0,,0.0,0.0,0.0,0.0,,0.0,0.0,,
2025-05-29,-0.014660630721603951,-0.004257415960717381,-0.0015238134352459909,0.017945599849012783,0.3942875824812453,0.11000000000000032,0.8492149086161037,0.4936079494138154,-0.9407181421470734,0.040381588945046065,0.0,,0.0,0.0,0.0,0.0,,0.0,0.0,,
2025-05-30,-0.0024644717969319885,-0.012099558991767623,-0.006088022717335662,0.017494980605600282,-0.31610504540560136,0.09999999999999964,0.8349552726245538,0.4805838150564171,-0.2584590374929068,0.7415409625070932,0.0,,0.0,0.0,0.0,0.0,,0.0,0.0,,
2025-06-02,0.028061203792645095,0.015961644800877473,0.017465324434463803,0.01759268515732945,-0.31610504540560136,0.09999999999999964,-0.2772577233872197,0.747296541940138,-0.47284208252606463,0.7415409625070932,0.47769787784406326,,0.0,0.0,0.0,0.0,,0.0,0.0,,
2025-06-03,0.014135072158664386,0.0405526200914581,0.02807240297541025,0.016383495387722775,0.12392083210330807,-0.03000000000000025,-0.2841047859006711,0.7356493804183942,-0.7724027353212922,0.22759726467870778,0.47769787784406326,,0.0,0.0,0.0,0.0,,0.0,0.0,,
2025-06-04,-0.00887064267568416,0.016200530757089382,0.01524667251711076,0.015913470186139745,0.7663818317747206,0.09999999999999964,-0.29101666745761234,0.7242460226107877,-0.39031357055458443,0.6096864294454156,0.47769787784406326,,0.0,0.0,0.0,0.0,,0.0,0.0,,
2025-06-05,0.008239628299169688,0.03910078977786302,0.02067894445430163,0.014620769922021298,0.4953040307925982,0.02999999999999936,-0.2979952679614543,0.7131030970721096,-0.08684947061674828,0.8538686715303251,0.47769787784406326,,0.0,0.0,0.0,0.0,,0.0,0.0,,
2025-06-06,0.018914201994703284,0.06047946356949829,0.03675799214692432,0.014652386709924588,0.4979986433150341,-0.09999999999999964,-0.3050425559777854,0.7022422597834276,-0.6920663374813337,-0.43360729998842695,0.47769787784406326,,0.0,0.0,0.0,0.0,,0.0,0.0,,
2025-06-09,0.01093411986841275,0.04335237964526595,0.04506654815916722,0.014496474766320227,0.22923042774001257,-0.03000000000000025,-0.3121605721465523,0.6916915293330381,-0.13109950881475166,0.341742573711313,0.0,,0.0,0.0,0.0,0.0,,0.0,0.0,,
2025-06-10,-0.004759354957587725,0.024457952529013838,0.0392888913909788,0.013342858295153413,0.33813823901358564,-0.009999999999999787,-0.3193514328021244,0.6814870878242629,0.04395729797061353,0.8163600332919058,0.0,,0.0,0.0,0.0,0.0,,0.0,0.0,,
2025-06-11,0.04763162790158759,0.08096022310628559,0.08311060382526492,0.016724637563098506,0.3856959585771258,-0.040000000000000036,-0.32661733381641833,0.6716757452663945,0.48637273806168096,0.8766863086162654,0.0,,0.0,0.0,0.0,0.0,,0.0,0.0,,
2025-06-12,-0.0016153906148810293,0.07110520419223487,0.07653974949242581,0.015414962999651168,0.6508784751272256,0.040000000000000036,-0.33396055468164904,0.6623183675866023,0.26615022488367934,0.35299969550042765,0.0,,0.0,0.0,0.0,0.0,,0.0,0.0,,
2025-06-13,0.0700896634806405,0.12228066567817208,0.1388704686197011,0.021173354367329596,0.6904036777510947,0.09999999999999964,-0.3413834628506797,0.6534947346827668,0.08854069570025298,0.7806070331815868,0.0,,0.0,0.0,0.0,0.0,,0.0,0.0,,
2025-06-16,-0.01671886956632118,0.09462767624343815,0.11538836824557563,0.02185648923068039,0.6234373746488164,0.03000000000000025,-0.34888851835447593,0.6453105729211251,-0.0,0.13109950881475166,0.0,,0.0,0.0,0.0,0.0,,0.0,0.0,,
2025-06-17,0.0418859399639091,0.14127297116493498,0.14831298795104164,0.02309620580530442,0.44915880824628607,0.08000000000000007,-0.35647827871801036,0.6379079866694023,0.13475066072322184,0.0907933627526083,0.0,,0.0,0.0,0.0,0.0,,0.0,0.0,,
2025-06-18,0.004000538739934001,0.09764188200328139,0.14235461162984198,0.022383409823326057,-0.11900121903687388,0.03000000000000025,-0.3699186852335369,0.6508712095887984,0.27078938851982237,-0.2155833495418586,0.0,,0.0,0.0,0.0,0.0,,0.0,0.0,,
2025-06-19,0.0,0.09925727261816242,0.13209431909846447,0.022196633275462598,-0.11900121903687388,0.03000000000000025,-0.383697616590159,0.6641415209023253,0.27078938851982237,-0.2155833495418586,0.0,,0.0,0.0,0.0,0.0,,0.0,0.0,,
2025-06-20,-0.0027986957696040093,0.026368913367917912,0.11944414914766899,0.022365945192101687,-0.5953068577056353,0.03000000000000025,-0.397835976646525,0.6777345370942499,0.4501154203308149,0.36157472463056195,0.0,,0.0,0.0,0.0,0.0,,0.0,0.0,,
2025-06-23,-0.08957462436141128,-0.04648684142717219,0.02449678182313786,0.03153259920828137,-0.8429839417759322,0.1200000000000001,-0.41235647687726995,0.6916670035396658,0.4501154203308149,0.36157472463056195,0.0,,0.0,0.0,0.0,0.0,,0.0,0.0,,
2025-06-24,-0.06233203395028308,-0.15070481534136437,-0.040614188549348285,0.034861096984302266,0.11642689751777402,0.08999999999999986,-0.42728384619069126,0.705956902717645,0.7565501484698977,0.6217994877466758,0.0,,0.0,0.0,0.0,0.0,,0.0,0.0,,
2025-06-25,0.008508056581865375,-0.146197297499433,-0.03453639888584359,0.03476209612953937,0.3287487420328805,0.08999999999999986,-0.442645071409791,0.7206235754164123,0.9686583287216337,0.6978689402018113,0.0,,0.0,0.0,0.0,0.0,,0.0,0.0,,
2025-06-26,0.004917035106422496,-0.1412802623930105,-0.033028513989183494,0.034530371225910884,0.3287487420328805,0.08999999999999986,-0.45846967387353244,0.7356878568187717,0.9664748803209664,0.6978689402018113,0.0,,0.0,0.0,0.0,0.0,,0.0,0.0,,
2025-06-27,0.004282661792001541,-0.13419890483140495,-0.03249235908639214,0.034502914903106,1.141598535369892,0.08999999999999986,-0.47479002876929677,0.751172229680287,0.71095758073728,0.2608421604064651,0.0,,0.0,0.0,0.0,0.0,,0.0,0.0,,
2025-06-30,-0.006277292296043235,-0.05090157276603691,-0.04079923346720893,0.0340810852374831,1.4530071123567523,0.09999999999999964,-0.49164173524646243,0.7671009972016264,0.975586910486676,0.2608421604064651,0.0,,0.0,0.0,0.0,0.0,,0.0,0.0,,
2025-07-01,0.005208345107138079,0.016638806291384256,-0.037174134092269995,0.033972484508525316,0.8481736724698874,0.040000000000000036,-0.7714872098116402,-0.846558918047925,0.8081666903239622,0.0516165418540645,1.339445388791627,,0.0,0.0,0.0,0.0,,0.0,0.0,,
2025-07-02,0.03010009029785543,0.03823084000737431,-0.010605826175289934,0.03445550533481397,0.8558706795109616,-0.009999999999999787,-0.7895628471092756,-0.8335479370116894,0.40227754357363943,-0.5663807851479943,1.339445388791627,,0.0,0.0,0.0,0.0,,0.0,0.0,,
2025-07-03,-0.006693963262798697,0.02661984163815312,-0.02008489224086496,0.03450988154641342,0.34008914698553383,-0.08999999999999986,-0.8082545364265079,-0.8207674605781922,0.17887423089248958,-0.7876006494284769,1.339445388791627,,0.0,0.0,0.0,0.0,,0.0,0.0,,
2025-07-04,0.0,0.022337179846151578,-0.02192428494390697,0.03430315941228373,0.34008914698553383,-0.08999999999999986,-0.8276050131621171,-0.8082193602826057,0.17887423089248958,-0.7876006494284769,1.339445388791627,,0.0,0.0,0.0,0.0,,0.0,0.0,,
2025-07-07,0.01378514381224516,0.04239961595443997,-0.010121085031896015,0.03434883638425994,-0.17695513228506154,-0.16000000000000014,-0.8476612985548504,-0.7959073330830974,0.4903739744674271,-0.4852129360192489,1.339445388791627,,0.0,0.0,0.0,0.0,,0.0,0.0,,
2025-07-08,0.005871145589475546,0.04306241643677744,-0.006763408370006552,0.034321267812197895,-0.41351191014851185,-0.16000000000000014,-0.8684752726303647,-0.783837210746037,0.4903132356005489,-0.31785345472341325,0.0,,0.0,0.0,0.0,0.0,,0.0,0.0,,
2025-07-09,0.000731475418468186,0.013693801557390195,-0.006200394254968877,0.03263722856285114,-0.3582453855161205,-0.040000000000000036,-0.890104343894549,-0.7720173550201281,0.35916546669708244,-0.04311207687655699,0.0,,0.0,0.0,0.0,0.0,,0.0,0.0,,
2025-07-10,-0.026826358598542654,-0.006438593778353763,-0.03193466575775883,0.0331919010457226,-0.4999236821756625,-0.0,-0.9126122357240294,-0.7604591648588838,0.18006060234487004,0.001186371452380458,0.0,,0.0,0.0,0.0,0.0,,0.0,0.0,,
2025-07-11,0.027849526121845436,0.021410932343491673,-0.0008810456722212479,0.02957052898612375,-0.4999236821756625,-0.0,-0.9360699143124278,-0.749177731753099,0.2723763021627377,0.001186371452380458,0.0,,0.0,0.0,0.0,0.0,,0.0,0.0,,
2025-07-14,-0.021709484368399146,-0.014083695837152632,-0.01913690533682555,0.029711297256396017,-0.5022567277572998,-0.02999999999999936,-0.9605566893544116,-0.7381926933275487,0.32122525018624826,-0.16914872428117883,0.0,,0.0,0.0,0.0,0.0,,0.0,0.0,,
2025-07-15,-0.00689141304133134,-0.02684625446795952,-0.020135826024097803,0.027729561714405427,-0.561929485943824,-0.08000000000000007,-0.9861615268611861,-0.7275293559390138,-0.046172625512134934,-0.5364858611126838,0.0,,0.0,0.0,0.0,0.0,,0.0,0.0,,
2025-07-16,-0.0021068480328985117,-0.029684577919326216,-0.016044812364296668,0.027648391306231403,-0.5732846353203147,-0.1200000000000001,-1.0129846242546499,-0.7172201875965664,0.27803586390679785,-0.08112960279028458,0.0,,0.0,0.0,0.0,0.0,,0.0,0.0,,
2025-07-17,0.017324208665593588,0.014465989344810026,0.006611047560716621,0.02812014186225312,-0.6710098861511415,-0.1200000000000001,-1.0411393120957568,-0.7073068288342148,0.27803586390679785,-0.08112960279028458,0.0,,0.0,0.0,0.0,0.0,,0.0,0.0,,
2025-07-18,-0.0029656012244938523,-0.016349138001529262,0.008985442868387317,0.0281193753440899,-0.36240404131371307,-0.010000000000000675,-1.0707543657556724,-0.6978428407593614,0.09502367402498504,-0.17735262813775268,0.0,,0.0,0.0,0.0,0.0,,0.0,0.0,,
2025-07-21,-0.0020811662038244805,0.003279180163045403,0.00786960028884831,0.019941596718065085,0.18698911753280978,0.04999999999999982,-1.0766612170288292,-0.6880763893183882,-0.049347581793987995,-0.3705728319802363,0.0,,0.0,0.0,0.0,0.0,,0.0,0.0,,
2025-07-22,-0.014841738592349607,-0.004671145387972864,-0.008381329447113117,0.014271048466120305,0.6883217644935491,0.15000000000000036,-1.0826231685689414,-0.6783923904307352,-0.414587992378833,-0.36841536686669807,0.0,,0.0,0.0,0.0,0.0,,0.0,0.0,,
2025-07-23,-0.014605462733951136,-0.017169760089025488,-0.023240307358884493,0.014598048124166794,0.7040504910000633,0.05999999999999961,-1.088641213682966,-0.6687879883324136,-0.7936721142191622,-1.07170797812596,0.0,,0.0,0.0,0.0,0.0,,0.0,0.0,,
2025-07-24,0.011883138003677018,-0.022610830750942057,-0.011958989677890663,0.014796924558026735,0.8886059496810317,0.040000000000000036,-1.094716370957624,-0.6592604062940602,-1.0,-1.07170797812596,0.0,,0.0,0.0,0.0,0.0,,0.0,0.0,,
2025-07-25,-0.013263400472635745,-0.03290862999908395,-0.024946907359979065,0.01508455656741223,0.3076705772873778,0.040000000000000036,-1.1008496850972433,-0.6498069424757033,-1.0,-1.095023674024985,0.0,,0.0,0.0,0.0,0.0,,0.0,0.0,,
2025-07-28,0.023509082987579255,-0.007318380807680214,-0.0026516603460313704,0.015908712499032737,-0.5156834263780219,-0.040000000000000036,-1.107042227795859,-0.6404249659788117,-1.0,-0.950652418206012,0.0,,0.0,0.0,0.0,0.0,,0.0,0.0,,
2025-07-29,0.03679049413234825,0.044313851917017644,0.031345890361423656,0.017783088403004882,-1.0748573290664254,0.009999999999999787,-1.1132950986452241,-0.6311119130819044,-0.4895483959265871,-0.07496040354775413,0.0,,0.0,0.0,0.0,0.0,,0.0,0.0,,
2025-07-30,0.011349881195586775,0.07026919584655555,0.04084033858723135,0.016730823785729796,-1.534251570422951,0.020000000000000462,-1.1196094260805394,-0.621865283646931,-0.9983982800538862,-0.20472616583472403,0.0,,0.0,0.0,0.0,0.0,,0.0,0.0,,
2025-07-31,-0.010627703075082984,0.04775835476779555,0.02855388953298199,0.016859249562747577,-1.8020112673794664,0.05999999999999961,-1.125986368365698,-0.6126826376844619,-0.37383795434927414,0.6261620456507259,0.0,,0.0,0.0,0.0,0.0,,0.0,0.0,,
2025-08-01,-0.02826163641708579,0.03276011882334551,4.658895758513637e-05,0.018141249101697565,-1.022205146113242,0.16999999999999993,-2.137117340646141,2.1541440949784763,-0.37383795434927414,0.6261620456507259,-0.7300882736452907,,0.0,0.0,0.0,0.0,,0.0,0.0,,
2025-08-04,-0.015566846303889825,-0.006315810468123573,-0.014298321998809094,0.01817551052212268,-0.30759052156905664,0.20000000000000018,-2.108616189159664,2.100610825270115,1.0,2.0,-0.7300882736452907,,0.0,0.0,0.0,0.0,,0.0,0.0,,
2025-08-05,-0.017193272519455682,-0.060299577119927505,-0.02911643826532284,0.018431677418599475,0.048938805000353636,0.1200000000000001,-2.08101028174924,2.050055924792214,0.9929850282918277,1.4825334242184147,-0.7300882736452907,,0.0,0.0,0.0,0.0,,0.0,0.0,,
2025-08-06,-0.012508849691708512,-0.08415830800722279,-0.03858811544858032,0.01855161106455634,0.7380304799998738,0.16000000000000014,-2.054251447247667,2.002196905502297,0.9234771306705829,1.921875410724469,-0.7300882736452907,,0.0,0.0,0.0,0.0,,0.0,0.0,,
2025-08-07,-0.007330610695324147,-0.08086121562746396,-0.04385634103061431,0.01772982502962468,0.9995810090288493,0.13999999999999968,-2.028295079160182,1.9567874783215602,0.7438625502781073,1.1177005046273814,-0.7300882736452907,,0.0,0.0,0.0,0.0,,0.0,0.0,,
2025-08-08,0.0,-0.05259957921037817,-0.04040147961123264,0.016292294609799186,0.7254220284756863,-0.03999999999999915,-2.003099802925943,1.9136117869233638,0.7403559020826614,1.1177005046273814,0.0,,0.0,0.0,0.0,0.0,,0.0,0.0,,
2025-08-11,0.001251564618941714,-0.03578116828754663,-0.036843106022274696,0.015737814179650284,0.2452351885632975,-0.04999999999999982,-1.9786271803988436,1.8724797266564572,0.7366784614391579,-0.26332153856084206,0.0,,0.0,0.0,0.0,0.0,,0.0,0.0,,
2025-08-12,-0.012428383055143932,-0.031016278823234877,-0.04668783160671275,0.01587084694707838,0.5248610102540519,-0.07000000000000028,-1.9548414467234239,1.833223115132393,1.0,0.007014971708172335,0.0,,0.0,0.0,0.0,0.0,,0.0,0.0,,
2025-08-13,-0.008265823568532227,-0.026773252700058592,-0.05206204892775723,0.015920782328164382,0.3138375645806768,-0.020000000000000462,-1.9317092754890985,1.7956925371267822,1.0,0.0765228693294171,0.0,,0.0,0.0,0.0,0.0,,0.0,0.0,,
2025-08-14,0.02069420662367616,0.001251564618941714,-0.028644735954498124,0.01616200619509706,-0.11642738059969293,-0.05999999999999961,-1.9091995686382963,1.7597547277474679,0.8676946980775367,0.12383214779942942,0.0,,0.0,0.0,0.0,0.0,,0.0,0.0,,
2025-08-15,-0.01830281449160065,-0.017051249872658936,-0.04345758343316053,0.016533706301534775,-0.0039889340321730415,-0.0600000000000005,-1.8872832681014124,1.725290388550307,0.6687919805443494,-0.07156392153831204,0.0,,0.0,0.0,0.0,0.0,,0.0,0.0,,
2025-08-18,0.00982419563604875,-0.0084786188555519,-0.030738688876166265,0.016799280627674475,0.10522896829210371,-0.07000000000000028,-1.842739770662932,1.6878117757534719,0.4124013232938981,-0.3242771381452598,0.0,,0.0,0.0,0.0,0.0,,0.0,0.0,,
2025-08-19,-0.01701559698415611,-0.01306583278456408,-0.04475089401978671,0.016887448600920528,-0.37314921977888993,-0.009999999999999787,-1.8003557396293637,1.6519026788299576,0.41006571027897376,-0.5899342897210262,0.0,,0.0,0.0,0.0,0.0,,0.0,0.0,,
2025-08-20,0.013698844358161821,0.008898835142129968,-0.0294638731756951,0.017049205012719292,-0.5375010405394232,-0.04999999999999982,-1.7599462446235425,1.6174431344555409,0.7177153896770915,-0.2822846103229085,0.0,,0.0,0.0,0.0,0.0,,0.0,0.0,,
2025-08-21,0.004892300454673482,-0.006903071026872709,-0.022633854357641425,0.016828717805501547,-0.3644589148623423,-0.040000000000000036,-1.7213477264901094,1.5843254887630727,0.616421719202374,-0.25127297887516276,0.0,,0.0,0.0,0.0,0.0,,0.0,0.0,,
2025-08-22,0.0022016049150659356,0.013601348379793876,-0.019267781348580648,0.016635114602532447,0.050108984964813974,0.07000000000000028,-1.684414912317536,1.5524528075898782,1.0,0.3312080194556506,0.0,,0.0,0.0,0.0,0.0,,0.0,0.0,,
2025-08-25,0.017749181504282063,0.02152633424802719,-6.613667614008278e-05,0.016230408293085426,0.1167861900330247,0.05999999999999961,-1.649018258392944,1.5217375305872238,0.9025150404417052,0.49011371714780705,0.0,,0.0,0.0,0.0,0.0,,0.0,0.0,,
2025-08-26,-0.02421047575059898,0.014331455481584321,-0.019774100764431424,0.01427999032714887,0.16152760382497355,0.040000000000000036,-1.6150418174936776,1.4921003261311145,1.0,0.5899342897210262,0.0,,0.0,0.0,0.0,0.0,,0.0,0.0,,
2025-08-27,0.014128963454015597,0.014761574577438097,-0.0012815797610299384,0.014454814699434984,0.03999148835402977,0.04999999999999982,-1.5823814496995874,1.4634691125170365,1.0,0.2822846103229085,0.0,,0.0,0.0,0.0,0.0,,0.0,0.0,,
2025-08-28,0.006990319726910776,0.01685959384967539,0.009191396375167749,0.014589186632879017,0.6811783195674437,0.11000000000000032,-1.550943313173724,1.4357782175924614,1.0,0.383578280797626,0.0,,0.0,0.0,0.0,0.0,,0.0,0.0,,
2025-08-29,-0.00917508963464364,0.0054828992999658155,0.0025446358106879785,0.013463858244955435,0.05753366800412829,0.02999999999999936,-1.5206425845585447,1.408967654227002,0.453189138006901,-0.5468108619930989,0.0,,0.0,0.0,0.0,0.0,,0.0,0.0,,
2025-09-01,0.0,-0.012266282204316248,0.004294622565657491,0.013115894894936198,0.05753366800412829,0.02999999999999936,-1.842600192943091,-1.2148921002592292,0.453189138006901,-0.5468108619930989,0.6744918468448713,,0.0,0.0,0.0,0.0,,0.0,0.0,,
2025-09-02,0.024383924151731406,0.03632811769801414,0.028349673638798478,0.0138156287148198,-0.1296800561532141,-0.020000000000000462,-1.8008538391477036,-1.2043887635710195,0.28149995168454495,-0.7185000483154551,0.6744918468448713,,0.0,0.0,0.0,0.0,,0.0,0.0,,
2025-09-03,-0.02500902184359788,-0.002809867599599336,0.0036367873242051374,0.014682516306816586,0.18405101078959873,0.020000000000000462,-1.7610437861848371,-1.1940347852310969,0.37017995778279117,-0.6298200422172089,0.6744918468448713,,0.0,0.0,0.0,0.0,,0.0,0.0,,
2025-09-04,-0.007689327803837465,-0.017489515130347577,-0.003738469095202923,0.014691777926423675,-0.4185947887692887,0.04999999999999982,-1.7230118623986934,-1.1838260462145933,0.5873973215892647,-0.4126026784107353,0.6744918468448713,,0.0,0.0,0.0,0.0,,0.0,0.0,,
2025-09-05,-0.02568948611531141,-0.03400391161101535,-0.02782940952031776,0.015747905426694082,0.06655120033408624,0.13000000000000078,-1.6866174636092228,-1.173758583239873,1.0,0.5468108619930989,0.6744918468448713,,0.0,0.0,0.0,0.0,,0.0,0.0,,
2025-09-08,0.006283755470565033,-0.027720156140450314,-0.02019871790213834,0.015835794525478362,0.06655120033408624,0.13000000000000078,-1.6517351228101531,-1.1638285812211295,1.0,0.5468108619930989,0.0,,0.0,0.0,0.0,0.0,,0.0,0.0,,
2025-09-09,0.0059252315238591535,-0.04617884876832257,-0.013844230959615622,0.015690960480953666,0.4365129673684298,0.20000000000000018,-1.6182524800504632,-1.154032366163735,0.7475967097655801,0.4660967580810352,0.0,,0.0,0.0,0.0,0.0,,0.0,0.0,,
2025-09-10,0.01646909749161285,-0.004700729433111839,0.0018173758976542942,0.01601228194757209,0.3177456242552279,0.17999999999999972,-1.586068576978844,-1.1443663984719286,0.532926714926807,0.16274675714401582,0.0,,0.0,0.0,0.0,0.0,,0.0,0.0,,
2025-09-11,-0.020629103490902523,-0.017640505120176897,-0.017553052721861917,0.015977180416408922,0.6703217627267999,0.16000000000000014,-1.5550924165362414,-1.1348272666408281,0.8796879869512234,0.2922906653619587,0.0,,0.0,0.0,0.0,0.0,,0.0,0.0,,
2025-09-12,0.005117554747845254,0.013166535742979768,-0.012347841564602113,0.015513768945697596,0.0558569927793906,0.040000000000000036,-1.5252417405503558,-1.1254116813069206,0.7522471621795889,-0.24775283782041113,0.0,,0.0,0.0,0.0,0.0,,0.0,0.0,,
2025-09-15,0.009683383864254047,0.016566164136668782,-0.0025697607023449365,0.015509065153492235,0.44355775451696555,-0.0,-1.4964419874673043,-1.1161164696331676,0.8929075218385039,-0.10709247816149614,0.0,,0.0,0.0,0.0,0.0,,0.0,0.0,,
2025-09-16,0.019089924106877376,0.029730856719687004,0.014809584347984739,0.01553712588524285,0.8506377910881491,0.040000000000000036,-1.470075641741238,-1.119233664006154,0.9054424902384065,0.15784578047282638,0.0,,0.0,0.0,0.0,0.0,,0.0,0.0,,
2025-09-17,-0.007311224914265502,0.005950534313808653,0.006838283840791881,0.015393516451497722,0.8025986848403721,-0.019999999999999574,-1.444607340818893,-1.1223657652579464,0.8102750028084117,0.2773482878816047,0.0,,0.0,0.0,0.0,0.0,,0.0,0.0,,
2025-09-18,-0.0075223673944258,0.019057270410285376,-0.0007234257541055555,0.015464017781830802,0.24326113307333586,-0.10000000000000053,-1.4199876105569356,-1.125512910358321,0.8000388003006855,-0.07964918665053788,0.0,,0.0,0.0,0.0,0.0,,0.0,0.0,,
2025-09-19,-0.014099243460496957,-0.00015952779805683548,-0.014046968996296094,0.015770591242690132,0.2292999147933905,-0.08000000000000007,-1.3961714931031948,-1.1286752380462302,0.3949755334163617,-0.35727162876322716,0.0,,0.0,0.0,0.0,0.0,,0.0,0.0,,
2025-09-22,-0.000638365805272656,-0.010481277467583539,-0.01299025721778424,0.015157874343821114,-0.2097614340054399,-0.10000000000000053,-1.3731181377793802,-1.1318528888594521,0.42794414759905763,-0.4649633742394462,0.0,,0.0,0.0,0.0,0.0,,0.0,0.0,,
2025-09-23,0.012217526029393078,-0.017353675545067837,-0.0008990536936064331,0.014483619344191557,-0.4074376252782619,-0.08000000000000007,-1.3507904505302213,-1.1350460051648499,0.2805706837231754,-0.6248718065152311,0.0,,0.0,0.0,0.0,0.0,,0.0,0.0,,
2025-09-24,0.02461183419431734,0.014569383563515004,0.02306231445848006,0.01518950669139302,-0.849710720705743,-0.10000000000000053,-1.329154794906708,-1.1382547311892592,0.06948881380826438,-0.7407861890001473,0.0,,0.0,0.0,0.0,0.0,,0.0,0.0,,
2025-09-25,-0.00015388166530350134,0.021937869292637302,0.022615176820555583,0.015116394736639997,-0.7356578885791221,-0.0699999999999994,-1.3081807389420494,-1.1414792130510114,-0.07001353704740262,-0.8700523373480882,0.0,,0.0,0.0,0.0,0.0,,0.0,0.0,,
2025-09-26,0.011323762928112657,0.04736087568124692,0.03262074114791069,0.015135553776285084,-0.541883929480802,-0.0600000000000005,-1.2878408434776139,-1.1447195987921195,-0.1407559629050183,-0.53573149632138,0.0,,0.0,0.0,0.0,0.0,,0.0,0.0,,
2025-09-29,-0.03515109900867053,0.012848142477849045,-0.0020910015110837676,0.017197164403164166,-0.250218670085256,-0.0,-1.268110488554279,-1.1479760384111342,-0.1407559629050183,-0.53573149632138,0.0,,0.0,0.0,0.0,0.0,,0.0,0.0,,
2025-09-30,-0.017167803622364808,-0.01653718717390884,-0.01674186239506792,0.01653771637632667,-0.4318668586074992,-0.040000000000000036,-1.248967735447621,-1.1512486838966869,0.21561752147777247,-0.06495316224540293,0.0,,0.0,0.0,0.0,0.0,,0.0,0.0,,
2025-10-01,-0.009504703047595875,-0.050653724415822055,-0.02450483864408337,0.01577363084813241,0.017059066810798384,0.040000000000000036,-1.2303932228338688,1.8274832396884977,0.21547640009188496,0.14598758628362057,-0.1038365704407962,,0.0,0.0,0.0,0.0,,0.0,0.0,,
2025-10-02,-0.021266955619157812,-0.07176679836967637,-0.04335118607389443,0.0163256081960593,0.09316262643943585,0.08000000000000007,-1.2123700964672424,1.7900210688408984,0.14376519857654635,0.21377873562394897,-0.1038365704407962,,0.0,0.0,0.0,0.0,,0.0,0.0,,
2025-10-03,0.006591981682152692,-0.07649857961563633,-0.03595266959226873,0.015477769481886615,0.28795639802083883,0.07000000000000028,-1.1948839726690739,1.754281647818662,-0.2547475056609412,-0.11399154275592288,-0.1038365704407962,,0.0,0.0,0.0,0.0,,0.0,0.0,,
2025-10-06,0.013217129668116279,-0.028130350938849524,-0.022275673834556642,0.015720675256107736,-0.1308745785289167,-0.02999999999999936,-1.1779229369194957,1.7201401980896402,-0.40689020107070517,-0.11399154275592288,-0.1038365704407962,,0.0,0.0,0.0,0.0,,0.0,0.0,,
2025-10-07,0.0006481931842579058,-0.01031435413222681,-0.020903762643722956,0.01565200331350105,-0.2926663603492141,0.020000000000000462,-1.1779229369194957,1.687485696448248,-0.11404751178508603,-0.3296650332628585,-0.1038365704407962,,0.0,0.0,0.0,0.0,,0.0,0.0,,
2025-10-08,0.013196200507115563,0.012386549422484627,-0.006820199280806349,0.01547894083948049,-0.521347446779119,-0.009999999999999787,-1.1779229369194957,1.656219158461461,-0.15438904159305133,-0.3698654416849363,0.0,,0.0,0.0,0.0,0.0,,0.0,0.0,,
2025-10-09,-0.016766473692643835,0.016887031348998605,-0.022892441607561764,0.01524194079185836,-0.5485362402598781,-0.040000000000000036,-1.1779229369194957,1.6262521998870638,-0.3169777936095623,-0.46074299218610865,0.0,,0.0,0.0,0.0,0.0,,0.0,0.0,,
2025-10-10,-0.043358672562735734,-0.03306362289588982,-0.06313307143888203,0.01789295491621738,-0.8562047363560588,0.08000000000000007,,1.5975058281261891,0.16042956243037726,0.41517706809131844,0.0,,0.0,0.0,0.0,0.0,,0.0,0.0,,
2025-10-13,0.009967140542273434,-0.036313612021732666,-0.05006207599909196,0.01790374901870535,-0.8562047363560588,0.08000000000000007,,1.5699094257288937,0.16042956243037726,0.41517706809131844,0.0,,0.0,0.0,0.0,0.0,,0.0,0.0,,
2025-10-14,-0.0133685043657632,-0.05033030957175377,-0.05870380404370845,0.017245078737876333,-0.575823066784853,0.10999999999999943,,1.543399895790173,0.12138329506661898,0.235430806851705,0.0,,0.0,0.0,0.0,0.0,,0.0,0.0,,
2025-10-15,-0.007352345679068506,-0.07087885575793784,-0.06132731736338837,0.017245405533392995,-0.07253060609422324,0.08000000000000007,,1.5179209452881604,0.08223883345026585,0.23662787504331717,0.0,,0.0,0.0,0.0,0.0,,0.0,0.0,,
2025-10-16,-0.013998327603839122,-0.06811070966913313,-0.0702730145973689,0.01736102566287893,0.34717921020859244,0.14999999999999947,,1.4922521191362457,0.6634303206173641,0.9804081142269263,0.0,,0.0,0.0,0.0,0.0,,0.0,0.0,,
2025-10-17,0.001391304572258889,-0.023360732534138506,-0.06460360705688828,0.017281545168008523,0.34140739107783036,0.03000000000000025,,1.4673774389625984,0.46825421731861144,0.3078246548882342,0.0,,0.0,0.0,0.0,0.0,,0.0,0.0,,
2025-10-20,-0.00034764471061077273,-0.03367551778702271,-0.060687684854012325,0.017284889741356512,0.34140739107783036,0.03000000000000025,,1.4432511440396087,0.6595915866666995,0.3078246548882342,0.0,,0.0,0.0,0.0,0.0,,0.0,0.0,,
2025-10-21,0.005202023175408854,-0.015104990245850658,-0.05087131962241642,0.017001688710506946,0.24153712343891742,0.050000000000000266,,1.4198310467335242,0.35828493865383565,0.23690164358721666,0.0,,0.0,0.0,0.0,0.0,,0.0,0.0,,
2025-10-22,0.011692017649610698,0.003939373082828546,-0.033918969089382855,0.016051681116782363,-0.026145045431147373,0.07999999999999963,,1.3970781792179199,0.5698225311922666,0.4875836977420007,0.0,,0.0,0.0,0.0,0.0,,0.0,0.0,,
2025-10-23,0.05471478483507752,0.07265248552174519,0.023312715304098397,0.020920756804202186,-0.23477290921176674,-0.019999999999999574,,1.3749564819848534,0.8242462979572323,0.1608159773398682,0.0,,0.0,0.0,0.0,0.0,,0.0,0.0,,
2025-10-24,-0.00470436426041676,0.06655681668906954,0.021926656961510638,0.020668128605032626,-0.19195909291251922,-0.0,,1.3534325284267799,0.7679558276705774,0.2997016103519659,0.0,,0.0,0.0,0.0,0.0,,0.0,0.0,,
2025-10-27,-0.003094213037875271,0.06381024836180504,0.020547905542925626,0.019264912973148234,-0.14748687831047658,-0.009999999999999787,,1.3324752806493934,0.7643248791107666,0.10473329244406715,0.0,,0.0,0.0,0.0,0.0,,0.0,0.0,,
2025-10-28,-0.01910151935390836,0.03950670583248783,0.003258533594884483,0.019351205229351996,0.20961291096414092,-0.010000000000000231,,1.3120558724100113,0.6629096735820146,0.30462473492817893,0.0,,0.0,0.0,0.0,0.0,,0.0,0.0,,
2025-10-29,0.0054712894505897225,0.03328597763346686,0.009793170826431385,0.019327608771034354,0.30158202352769115,-0.10999999999999988,,1.2921474156867194,-0.2058458849461754,-0.775668416138442,0.0,,0.0,0.0,0.0,0.0,,0.0,0.0,,
2025-10-30,0.001486989121578297,-0.01994181808003237,0.011205810491930812,0.018736404339498743,-0.27291570038303625,-0.10000000000000053,,1.2727248278931462,-0.3137116311155235,-1.1379579290727557,0.0,,0.0,0.0,0.0,0.0,,0.0,0.0,,
2025-10-31,0.006746220567252159,-0.00849123325236345,0.01786996965884935,0.018739259729099882,-0.3732599051552654,-0.09000000000000075,,1.2537646771807143,-0.10771765945488676,-0.8756734871254641,0.0,,0.0,0.0,0.0,0.0,,0.0,0.0,,
2025-11-03,0.0011472589966050606,-0.004249761217883119,0.019538660788696482,0.01848663498359526,-0.5400715901151321,-0.1200000000000001,-0.9151002282773045,-1.1543998332882262,-0.0,-0.7643248791107666,-0.005021507288627269,,0.0,0.0,0.0,0.0,,0.0,0.0,,
2025-11-04,-0.008058591427520412,0.0067931667085048275,0.012436840725007059,0.018560013794866805,-0.9872666639588079,-0.10999999999999943,-0.9036682316278325,-1.138404015840894,-0.05684490346696009,-0.7197545770489747,-0.005021507288627269,,0.0,0.0,0.0,0.0,,0.0,0.0,,
2025-11-05,-0.01597903505788878,-0.014657157799973675,-0.0011266611908009594,0.018535613238542244,-1.0926631444804435,-0.08999999999999986,-0.8931660909555847,-1.1227211045790628,-0.28606464222675587,-0.08021875728058048,-0.005021507288627269,,0.0,0.0,0.0,0.0,,0.0,0.0,,
2025-11-06,-0.002856424692734727,-0.0190005716142867,-0.002263055191450647,0.01822719284614738,-0.33937099284979677,-0.0,-0.8837260951726086,-1.1073381982878168,0.17708160135572526,0.4907932324712488,-0.005021507288627269,,0.0,0.0,0.0,0.0,,0.0,0.0,,
2025-11-07,0.005370041433050865,-0.020376750748487993,0.0023905812338966825,0.015407019708195,-0.0017300197139746842,-0.0,-0.8755234445276118,-1.0922430930065314,-0.18402385070016308,-0.07630619124527632,-0.005021507288627269,,0.0,0.0,0.0,0.0,,0.0,0.0,,
2025-11-10,0.006339694239857252,-0.015184315505235801,0.008195242781170009,0.015313455083012753,0.1258118487096005,-0.0,-0.8687928769348431,-1.077424233174123,-0.18402385070016308,-0.07630619124527632,0.0,,0.0,0.0,0.0,0.0,,0.0,0.0,,
2025-11-11,0.015020501924723817,0.007894777847008427,0.02126126169878706,0.015272541437501747,0.1258118487096005,-0.0,-0.8638538980904351,-1.0628706668741112,-0.18402385070016308,-0.07630619124527632,0.0,,0.0,0.0,0.0,0.0,,0.0,0.0,,
2025-11-12,-0.04267358752126693,-0.018799774616369724,-0.021600746737477472,0.018172315598288125,0.6585242949834313,0.08999999999999986,-0.8611503300523968,-1.0485720047775833,-0.42795350801634047,-0.1418888657895846,0.0,,0.0,0.0,0.0,0.0,,0.0,0.0,,
2025-11-13,0.0034135551153084975,-0.0125297948083265,-0.01924620667312471,0.017871481256833934,0.7578795478525024,-0.0,-0.8613147366618376,-1.0345183824269129,-1.0,-1.1770816013557253,0.0,,0.0,0.0,0.0,0.0,,0.0,0.0,,
2025-11-14,0.023574083775593557,0.0056742475342161924,0.0021597230913474874,0.018567970615302493,0.34715128348766777,-0.02999999999999936,-0.8652783467808322,-1.0207004255422938,-1.0,-0.815976149299837,0.0,,0.0,0.0,0.0,0.0,,0.0,0.0,,
2025-11-17,-0.0030000022500029644,-0.003665448955644024,-0.002875815292807893,0.018596335191516256,0.151527142979635,-0.0,-0.8480796693119553,-1.0052007424512475,-1.0,-0.815976149299837,0.0,,0.0,0.0,0.0,0.0,,0.0,0.0,,
2025-11-18,0.013759023521768832,-0.004926927358599009,0.008419822077491368,0.018770641090680995,0.151527142979635,-0.0,-0.8311244070697733,-0.9899636703001861,-1.0,-0.815976149299837,0.0,,0.0,0.0,0.0,0.0,,0.0,0.0,,
2025-11-19,-0.021635059208098717,0.016111600954569205,-0.014012269439191982,0.019377734236915127,-0.37341237779418,-0.04999999999999982,-0.8143980187358872,-0.974978018042675,-1.0,-0.5720464919836595,0.0,,0.0,0.0,0.0,0.0,,0.0,0.0,,
2025-11-20,-0.005059885985172485,0.007638159854088222,-0.016880454191936956,0.014659223770973288,-0.7587820074934415,0.010000000000000675,-0.7978865663489804,-0.9602331505088746,-0.6226010725056095,0.3773989274943905,0.0,,0.0,0.0,0.0,0.0,,0.0,0.0,,
2025-11-21,-0.01843055582784725,-0.034366479749352585,-0.0324329992089849,0.015097804817978216,-0.7429323466146887,0.08000000000000007,-0.7815766639511147,-0.9457189498157836,-0.2664278714957927,0.7335721285042073,0.0,,0.0,0.0,0.0,0.0,,0.0,0.0,,
2025-11-24,0.01334493713675311,-0.01802154036259651,-0.017032008770163642,0.015526811293434138,-0.6625955912829662,0.08999999999999986,-0.7654554316318064,-0.931425779843014,0.17508681024132935,1.1750868102413294,0.0,,0.0,0.0,0.0,0.0,,0.0,0.0,,
2025-11-25,-0.015241325947476625,-0.04702188983184197,-0.03041029108589388,0.015326471693821855,-0.3471583423189095,0.11000000000000032,-0.7495104549951918,-0.9173444534810421,0.3484316808464551,1.3484316808464551,0.0,,0.0,0.0,0.0,0.0,,0.0,0.0,,
2025-11-26,0.012007005313724228,-0.013379825310019022,-0.016867027933580303,0.015558994680593243,0.20913958935881993,0.1299999999999999,-0.7337297502870405,-0.9034662023901616,1.0,2.0,0.0,,0.0,0.0,0.0,0.0,,0.0,0.0,,
2025-11-27,0.0,-0.008319939324846537,-0.015256420638911194,0.015547336043728769,0.20913958935881993,0.1299999999999999,-0.71810173568263,-0.8897826490358608,1.0,2.0,0.0,,0.0,0.0,0.0,0.0,,0.0,0.0,,
2025-11-28,-0.0017064850557586553,0.008404131447242058,-0.014929663118850911,0.015422597419456261,0.6668017885320898,0.040000000000000036,-0.7026152095798729,-0.8762857807905589,1.0,1.2664278714957926,0.0,,0.0,0.0,0.0,0.0,,0.0,0.0,,
2025-12-01,0.0130654272260049,0.008124621536493848,-0.00042690172849724206,0.015778109110451376,0.7635516264740572,-0.04999999999999982,-0.7946541745537444,-0.29851000010930323,0.5121790860366797,0.3370922757953504,-0.5913182334695399,,0.0,0.0,0.0,0.0,,0.0,0.0,,
2025-12-02,-0.01152945969133512,0.011836487792635353,-0.010345483842292502,0.015873568594409374,0.4002186897524185,-0.08000000000000007,-0.7791148642336325,-0.2919629774854646,0.5958308786138379,0.24739919776738278,-0.5913182334695399,,0.0,0.0,0.0,0.0,,0.0,0.0,,
2025-12-03,0.0052725694049842176,0.005102051883895342,-0.004524617082911853,0.015569521131255743,0.4207228911687899,-0.05999999999999961,-0.7638106002122661,-0.28541940837486085,1.0,0.0,-0.5913182334695399,,0.0,0.0,0.0,0.0,,0.0,0.0,,
2025-12-04,0.012139754550610782,0.017241806434506124,0.007413625859927109,0.015811729018633106,0.4207228911687899,-0.05999999999999961,-0.748737583229133,-0.2788784110850654,0.42257334494864995,0.0,-0.5913182334695399,,0.0,0.0,0.0,0.0,,0.0,0.0,,
2025-12-05,0.006847625921888145,0.025795917412152924,0.01398586094960308,0.01584057529647141,0.30267808979064226,-0.1200000000000001,-0.733893992593766,-0.27233910066134803,-0.08451466898973224,-1.0845146689897323,-0.5913182334695399,,0.0,0.0,0.0,0.0,,0.0,0.0,,
2025-12-08,-0.020175533035257764,-0.00744504284910974,-0.00513930155411213,0.016405814656108315,0.17373882310544042,-0.08000000000000007,-0.7192803518812548,-0.26580058825029074,0.08435399958799035,-0.4278250864486894,0.0,,0.0,0.0,0.0,0.0,,0.0,0.0,,
2025-12-09,-0.010757381974810798,-0.006672965132585418,-0.01355741880240302,0.016086268254596987,0.3825939955442448,-0.08999999999999986,-0.7049000217172879,-0.25926198045329407,0.08435399958799035,-0.4278250864486894,0.0,,0.0,0.0,0.0,0.0,,0.0,0.0,,
2025-12-10,0.0035986672372896322,-0.008346867300280003,-0.009933099576521442,0.013014036680066381,0.048370958871424286,-0.07000000000000028,-0.6907598659081712,-0.2527223786688103,0.16757324924648268,-0.8324267507535174,0.0,,0.0,0.0,0.0,0.0,,0.0,0.0,,
2025-12-11,-0.014820191981254283,-0.03530681383214507,-0.023815952214356173,0.013393566120233085,0.5772452985914334,-0.02999999999999936,-0.6768711578907954,-0.24618087842209058,0.502786099076224,0.080212754127574,0.0,,0.0,0.0,0.0,0.0,,0.0,0.0,,
2025-12-12,-0.0027816429618772176,-0.04493608271591043,-0.024342469495940655,0.012087890919708806,0.4491810586620071,-0.05000000000000071,-0.6632508261051044,-0.23963656868119476,0.8382719408278033,0.9227866098175356,0.0,,0.0,0.0,0.0,0.0,,0.0,0.0,,
2025-12-15,-0.010852548313926569,-0.035613097994579235,-0.03254726482637693,0.012239931935013916,0.6788600384182164,-0.009999999999999787,-0.649923186208078,-0.23308853115795636,0.761245505390626,0.6768915058026356,0.0,,0.0,0.0,0.0,0.0,,0.0,0.0,,
2025-12-16,-0.02765811058087042,-0.05251382660063886,-0.05548676571862554,0.01280844594643719,0.6570922879075236,0.02999999999999936,-0.6348029055897582,-0.23693737669859682,0.8381612384065454,0.6768915058026356,0.0,,0.0,0.0,0.0,0.0,,0.0,0.0,,
2025-12-17,0.012049421928642445,-0.044063071909286045,-0.040402958158199276,0.012680980101157787,0.43107448755005384,-0.03000000000000025,-0.6197562845815309,-0.24080179823482256,0.7513875083851533,0.5838142591386707,0.0,,0.0,0.0,0.0,0.0,,0.0,0.0,,
2025-12-18,0.003746993410637778,-0.025495886517393984,-0.034061923085567436,0.012759607863950676,-0.06067677946324235,0.019999999999999574,-0.6047723249947655,-0.24468205773654703,0.7599181601932281,0.25713206111700415,0.0,,0.0,0.0,0.0,0.0,,0.0,0.0,,
2025-12-19,0.009041813217918637,-0.01367243033759813,-0.02379968665794241,0.012439761481902387,-0.017478996073050368,0.03000000000000025,-0.5898401641489145,-0.2485784216105793,0.2573379978347338,-0.5809339429930696,0.0,,0.0,0.0,0.0,0.0,,0.0,0.0,,
2025-12-22,0.02354691507560247,0.02072703305193091,0.0004575527304231386,0.013251162719250994,-0.029260704541078653,0.009999999999999787,-0.5749491147935313,-0.25249116081364226,0.17213259316470547,-0.5891129122259204,0.0,,0.0,0.0,0.0,0.0,,0.0,0.0,,
2025-12-23,0.006357955947995819,0.05474309958079715,0.006445868896408413,0.01287951675140735,0.1538908100912284,-0.02999999999999936,-0.5600887404139273,-0.25642055096874494,-0.43338351748811565,-1.271544755894661,0.0,,0.0,0.0,0.0,0.0,,0.0,0.0,,
2025-12-24,-0.0005140066934039567,0.04217967095875075,0.006188273021350277,0.012585017932230136,0.5973950314177467,0.009999999999999787,-0.5452489829783751,-0.26036687248503143,-0.172087871783549,-0.9234753801687023,0.0,,0.0,0.0,0.0,0.0,,0.0,0.0,,
2025-12-25,0.0,0.03843267754811297,0.006444683839696097,0.012585017932230136,0.5973950314177467,0.009999999999999787,-0.5304203694575457,-0.264330410681236,-0.172087871783549,-0.9234753801687023,0.0,,0.0,0.0,0.0,0.0,,0.0,0.0,,
2025-12-26,-0.027979929351859667,0.0014109349783346659,-0.01996516247901159,0.014032381576687807,0.5766228492109171,0.020000000000000462,-0.5155943383998298,-0.26831145591286865,0.08512885768566832,-0.17220914014906552,0.0,,0.0,0.0,0.0,0.0,,0.0,0.0,,
2025-12-29,0.02334194113583532,0.0012059610385675157,0.004433035994482637,0.014765495646955428,0.33444119235410685,0.04999999999999982,-0.5007637525012931,-0.27231030370327647,0.7676240896036296,0.5954914964389242,0.0,,0.0,0.0,0.0,0.0,,0.0,0.0,,
2025-12-30,-0.002240800730779924,-0.007392795640208227,0.002784059653333948,0.014563434001761882,0.17693393046446237,0.040000000000000036,-0.4859237047988366,-0.27632725487872084,0.5084741020138188,0.9418576195019345,0.0,,0.0,0.0,0.0,0.0,,0.0,0.0,,
2025-12-31,-0.009187895092842346,-0.016066684039646617,-0.005088987824985125,0.014615825334261973,-0.2582110096351897,-0.02999999999999936,-0.4710727986597212,-0.2803626157076185,0.17016485246848193,0.3422527242520309,0.0,,0.0,0.0,0.0,0.0,,0.0,0.0,,
2026-01-01,0.0,-0.016066684039646617,-0.0031671524829306463,0.014275777196340156,-0.2582110096351897,-0.02999999999999936,1.670680017606885,-2.6670099504654545,0.17016485246848193,0.3422527242520309,-0.18952335739848003,,0.0,0.0,0.0,0.0,,0.0,0.0,,
2026-01-02,-0.0017430717329469658,0.010170173579266084,-0.002558853991082799,0.014126490564836154,-0.11182508414084857,-0.05000000000000071,1.7220427809236354,-2.5794660178790583,0.7688784312941257,0.6837495736084573,-0.18952335739848003,,0.0,0.0,0.0,0.0,,0.0,0.0,,
2026-01-05,0.017295484740431633,0.0041237171838623965,0.015214450085359488,0.014122939997642482,-0.02450039677264204,-0.04999999999999982,1.7772849042459962,-2.4988082666476688,0.9409492469123988,0.17332515730876918,-0.18952335739848003,,0.0,0.0,0.0,0.0,,0.0,0.0,,
2026-01-06,-0.020615714964031362,-0.014251197049389042,-0.0044305288931996145,0.01466233510730076,-0.2400122516714287,-0.040000000000000036,1.8369508313609726,-2.424147187466018,1.0,0.4915258979861812,-0.18952335739848003,,0.0,0.0,0.0,0.0,,0.0,0.0,,
2026-01-07,-0.020156269375569913,-0.025219571332116608,-0.02242831545265389,0.015224094027410415,-0.10547360404056239,0.02999999999999936,1.9016990233268674,-2.3547466075625008,0.5948866829478076,0.42472183047932566,-0.18952335739848003,,0.0,0.0,0.0,0.0,,0.0,0.0,,
2026-01-08,0.031123391223768948,0.00590381989165234,0.008556379426978289,0.01661564158270202,-0.10547360404056239,0.02999999999999936,1.9723346991200672,-2.289991255253132,0.2620683521800626,0.42472183047932566,0.0,,0.0,0.0,0.0,0.0,,0.0,0.0,,
2026-01-09,0.02327278205537553,0.030919673679974835,0.030387743887354546,0.017378491312653135,-0.5146903288215654,0.010000000000000675,2.049854867390779,-2.2293623389110904,-0.17590168335767556,-0.9447801146518012,0.0,,0.0,0.0,0.0,0.0,,0.0,0.0,,
2026-01-12,0.006407035911638381,0.020031224851181584,0.034490382992715674,0.01716306982553867,-0.3148324014873749,-0.020000000000000462,2.135511507183746,-2.1724188998064236,-0.2658469886718588,-1.2067962355842576,0.0,,0.0,0.0,0.0,0.0,,0.0,0.0,,
2026-01-13,0.02735354958159686,0.0680004893968098,0.056788952759911915,0.016503974671248298,-0.30004833833832123,-0.0,2.2309022340675964,-2.118783391382392,-0.4488651934621203,-1.4488651934621202,0.0,,0.0,0.0,0.0,0.0,,0.0,0.0,,
2026-01-14,0.014127051539121638,0.10228381031150136,0.06575714300410951,0.016556771323768964,-0.06823951234609105,-0.0,2.338103810648042,-2.068130397228547,-0.1820792639418601,-0.7769659468896677,0.0,,0.0,0.0,0.0,0.0,,0.0,0.0,,
2026-01-15,-0.04670430496966915,0.024456114118063255,0.01641654165853179,0.02022106096614857,0.07935688448036382,0.020000000000000462,2.459874703256766,-2.020177710805317,-0.9106315971710442,-1.1726999493511068,0.0,,0.0,0.0,0.0,0.0,,0.0,0.0,,
2026-01-16,0.0042147917068700025,0.005398123769557728,0.018236388065044018,0.020169323788994175,0.11453858086948321,-0.0600000000000005,2.374778116135556,-1.9700974338522093,-0.9933165056255474,-0.8174148222678719,0.0,,0.0,0.0,0.0,0.0,,0.0,0.0,,
2026-01-19,0.0,-0.0010089121420806535,0.017018788518468497,0.019547294734270505,0.11453858086948321,-0.0600000000000005,2.2965298270907377,-1.9227092234261762,-0.9933165056255474,-0.8174148222678719,0.0,,0.0,0.0,0.0,0.0,,0.0,0.0,,
2026-01-20,0.015027833321411777,-0.013334628402265736,0.030395528424632445,0.019762243175785635,0.5781583334790064,-0.1200000000000001,2.224219538975877,-1.8777652908172324,-1.0,-0.5511348065378797,0.0,,0.0,0.0,0.0,0.0,,0.0,0.0,,
2026-01-21,0.004629637898741379,-0.022832042042645995,0.033116890678519084,0.019766052858125466,0.5090297339723548,-0.10999999999999943,2.1570981797114204,-1.8350488867212313,-1.0,-0.8179207360581399,0.0,,0.0,0.0,0.0,0.0,,0.0,0.0,,
2026-01-22,-0.021004272770531962,0.002867990156491196,0.011254555901659025,0.02041996501290076,0.6657771859017503,-0.08999999999999986,2.094542899063919,-1.7943694847302583,-1.0,-0.8179207360581399,0.0,,0.0,0.0,0.0,0.0,,0.0,0.0,,
2026-01-23,0.0284001483759182,0.027053346825539393,0.035977638384860455,0.02011875999268145,0.9878101792248462,-0.0,2.036030932475898,-1.7555588510992934,-1.0,-0.006683494374452592,0.0,,0.0,0.0,0.0,0.0,,0.0,0.0,,
2026-01-26,-0.007230927151403499,0.019822419674135894,0.026598288755102395,0.01970314902613686,0.9878101792248462,-0.0,1.981119793137832,-1.7184678144843906,-0.9909770444863802,-0.006683494374452592,0.0,,0.0,0.0,0.0,0.0,,0.0,0.0,,
2026-01-27,0.02861518603905555,0.03340977239177967,0.0515222529773105,0.020531986914386725,1.6687108346484347,0.05999999999999961,1.9294320570718533,-1.6829635931743319,-0.7272180923530802,0.2727819076469198,0.0,,0.0,0.0,0.0,0.0,,0.0,0.0,,
2026-01-28,0.013057510361512037,0.04183764485455033,0.059776271249257995,0.020399690467124695,1.5345671429684682,-0.0,1.8806435329332822,-1.6489275698384276,-0.8440997823722456,0.1559002176277544,0.0,,0.0,0.0,0.0,0.0,,0.0,0.0,,
2026-01-29,0.03436550562603102,0.09720742325111331,0.08762000950442328,0.02139674072716456,1.4737046986397218,0.019999999999999574,1.8344739608442822,-1.6162534281641754,-0.8440997823722456,0.1559002176277544,0.0,,0.0,0.0,0.0,0.0,,0.0,0.0,,
2026-01-30,-0.0032151907051272133,0.0655920841700679,0.07795665737703938,0.021429176116506587,0.8393777502657684,-0.019999999999999574,1.7906796249075936,-1.5848455841798232,-0.47340723327684103,0.5265927667231589,0.0,,0.0,0.0,0.0,0.0,,0.0,0.0,,
2026-02-02,-0.04822292744020995,0.024600083881261448,0.026561489123604787,0.02447513519033465,-0.2612397026746649,-0.07000000000000028,3.6976142967889714,1.3670555856692095,-1.0,-0.009022955513619757,-0.1762341799844691,,0.0,0.0,0.0,0.0,,0.0,0.0,,
2026-02-03,0.01707261251930614,0.013057510361512037,0.038577444455518695,0.023993360486425745,-0.44622370102587183,-0.040000000000000036,3.4387269210114493,1.3617317626501382,-0.9517841196957857,-0.22456602734270548,-0.1762341799844691,,0.0,0.0,0.0,0.0,,0.0,0.0,,
2026-02-04,0.03007628336388013,0.03007628336388013,0.06108544299503471,0.023843867314375992,-0.6369578518564456,-0.03000000000000025,3.22353406829166,1.3564474898379422,-0.9491691011065727,-0.10506931873432712,-0.1762341799844691,,0.0,0.0,0.0,0.0,,0.0,0.0,,
2026-02-05,-0.028811461060873178,-0.03310068332302407,0.027702439724029304,0.02448533794235351,-0.9058273359241698,0.03000000000000025,3.0407733474221876,1.351202223997174,0.19021365643865165,-0.10506931873432712,-0.1762341799844691,,0.0,0.0,0.0,0.0,,0.0,0.0,,
2026-02-06,0.004099658848248922,-0.025785833769647937,0.02818921252250206,0.02408669602034765,-0.28931395865634535,0.040000000000000036,2.8828737369358777,1.3459954322969605,0.3929813565547918,0.8663885898316328,-0.1762341799844691,,0.0,0.0,0.0,0.0,,0.0,0.0,,
2026-02-09,0.012665324488719598,0.03510241815928161,0.036928736532592765,0.02416542836999368,0.6097452790575275,0.07000000000000028,2.7445318041749105,1.3408265920551385,0.6006908015775351,1.6006908015775352,0.0,,0.0,0.0,0.0,0.0,,0.0,0.0,,
2026-02-10,-0.006234434158429281,0.01179537148154619,0.0284479010825347,0.023612389639276386,0.385500828979346,0.1200000000000001,2.6219064725769794,1.3356951904900338,0.8003118705851011,1.7520959902808868,0.0,,0.0,0.0,0.0,0.0,,0.0,0.0,,
2026-02-11,0.010420811309050926,-0.007860100573283013,0.0368076231114598,0.02352863682169885,0.676558977576569,0.11000000000000032,2.5121378945304325,1.330600724479644,-0.10164490847790511,0.8475241926286676,0.0,,0.0,0.0,0.0,0.0,,0.0,0.0,,
2026-02-12,-0.02808688588738395,-0.007135525399793785,0.005728776989836426,0.021802757646392567,0.814997713145782,0.1200000000000001,2.4130467184101,1.3255427003279447,0.9132370587884572,0.7230234023498056,0.0,,0.0,0.0,0.0,0.0,,0.0,0.0,,
2026-02-13,0.0007953551679920068,-0.0104398290800507,0.0037031437505339326,0.021806070748705806,0.6046141472437205,0.17999999999999972,2.3229388882953446,1.3205206335380826,1.0,0.6070186434452082,0.0,,0.0,0.0,0.0,0.0,,0.0,0.0,,
2026-02-16,0.0,-0.023105153568770298,0.0008821553432376561,0.021806070748705806,0.6046141472437205,0.17999999999999972,2.2401808424777117,1.2977341878110582,1.0,0.6070186434452082,0.0,,0.0,0.0,0.0,0.0,,0.0,0.0,,
2026-02-17,-0.008944317734653318,-0.025815037144994335,-0.00968454324590784,0.02175856984584942,-0.1837109093136835,0.11000000000000032,2.164046970706495,1.2755515402412672,1.0,0.19968812941489889,0.0,,0.0,0.0,0.0,0.0,,0.0,0.0,,
2026-02-18,0.04486323211568877,0.008627383661643506,0.0315446283044416,0.023814040960699376,-0.3256424947705616,0.08999999999999986,2.0936526062728147,1.2539398371906494,1.0,1.1016449084779052,0.0,,0.0,0.0,0.0,0.0,,0.0,0.0,,
2026-02-19,0.018842678740702112,0.05555694828972957,0.04476089890424273,0.023305666817860102,-0.5936823620696696,0.009999999999999787,2.028270395290946,1.2328685504454602,1.0,0.08676294121154282,0.0,,0.0,0.0,0.0,0.0,,0.0,0.0,,
2026-02-20,-0.0006023189460817591,0.0541592741756558,0.03998229518335883,0.022708709958922563,-0.3964235937981231,-0.040000000000000036,1.9672960095340717,1.2123092641232798,1.0,0.0,0.0,,0.0,0.0,0.0,0.0,,0.0,0.0,,
2026-02-23,-0.0012057273502916743,0.05295354682536413,0.03429902306821031,0.02258906474022569,-0.3964235937981231,-0.040000000000000036,1.9102225790494456,1.19223548478075,1.0,0.0,0.0,,0.0,0.0,0.0,0.0,,0.0,0.0,,
2026-02-24,-0.010307806895145433,0.05159005766487201,0.021459821054918393,0.022070797566735193,-0.1773436670559514,0.009999999999999787,1.8566213385821388,1.1726224717790577,0.9453717029865344,-0.05462829701346561,0.0,,0.0,0.0,0.0,0.0,,0.0,0.0,,
2026-02-25,-0.003204886375392846,0.0035219391737904004,0.01653665939822435,0.02196188629766455,0.06245619156399762,0.040000000000000036,1.8061267779065096,1.1534470853860637,1.0,0.0,0.0,,0.0,0.0,0.0,0.0,,0.0,0.0,,
2026-02-26,-0.0032151907051272133,-0.018535930272038925,0.013482228228353321,0.020586207117106937,0.2801191521320967,0.0600000000000005,1.7584251072195505,1.13468765044849,1.0,0.0,0.0,,0.0,0.0,0.0,0.0,,0.0,0.0,,
2026-02-27,0.027378250904053658,0.009444639578096492,0.03949156658720465,0.02146516904273463,0.14356942056092947,0.10999999999999988,1.7132451968460873,1.116323833766577,1.0,0.0,0.0,,0.0,0.0,0.0,0.0,,0.0,0.0,,
2026-03-02,0.06092299568109816,0.07157336260948632,0.09358835356703477,0.022059742753842638,-0.6168416857795789,-0.019999999999999574,-2.950672823386197,-1.641229526272856,0.893582748131185,-0.10641725186881501,-0.09068692127598421,,0.0,0.0,0.0,0.0,,0.0,0.0,,
2026-03-03,0.04569009238707267,0.12757126189170442,0.13102136325945057,0.023631465880085082,-1.2614215113148974,-0.019999999999999574,-2.820233262749995,-1.6151980243507866,0.556177643740183,-0.3891940592463514,-0.09068692127598421,,0.0,0.0,0.0,0.0,,0.0,0.0,,
2026-03-04,0.0013403031091021589,0.13211645137619943,0.1255413826866354,0.02310269283361394,-1.10512953323878,-0.040000000000000036,-2.7037452448276307,-1.589986346838444,0.27808882187008943,-0.7219111781299106,-0.09068692127598421,,0.0,0.0,0.0,0.0,,0.0,0.0,,
2026-03-05,0.08162813035596272,0.21695977243728937,0.19482724978983867,0.0270065308184386,-1.4114001027953016,-0.11000000000000032,-2.598819758619935,-1.5655479730609396,-0.9138258024069705,-1.9138258024069705,-0.09068692127598421,,0.0,0.0,0.0,0.0,,0.0,0.0,,
2026-03-06,0.11518739734103267,0.3047689188742684,0.29211799695347285,0.03535523353367394,-1.4162853721239488,-0.18000000000000016,-2.503605078164155,-1.5418399907670257,-0.5429746585710952,-1.542974658571095,-0.09068692127598421,,0.0,0.0,0.0,0.0,,0.0,0.0,,
2026-03-09,0.04169290229867073,0.28553882549184095,0.314462870184248,0.03572307455610103,-0.714689003682567,-0.07000000000000028,-2.4166406086643537,-1.5188227426603165,-0.7165922840081571,-1.6101750321393422,0.0,,0.0,0.0,0.0,0.0,,0.0,0.0,,
2026-03-10,-0.12720525337425936,0.11264347973050892,0.17395812870288374,0.04830731026395964,0.5932978939850564,-0.09000000000000075,-2.33675658164391,-1.4964595143910968,-1.0,-1.5561776437401829,0.0,,0.0,0.0,0.0,0.0,,0.0,0.0,,
2026-03-11,0.044529910974691944,0.1558330875960987,0.20348309658718922,0.04879991871876933,-0.18308481109929886,-0.1200000000000001,-2.263003512397903,-1.474716258377229,-1.0,-1.2780888218700894,0.0,,0.0,0.0,0.0,0.0,,0.0,0.0,,
2026-03-12,0.0927541678757251,0.16695912511586108,0.2751902686843719,0.05063029958670688,-0.21276542361143846,-0.13999999999999968,-2.1946015136138404,-1.4535613486875318,-1.0,-0.08617419759302947,0.0,,0.0,0.0,0.0,0.0,,0.0,0.0,,
2026-03-13,0.03065452947153524,0.08242625724636365,0.28330484366218833,0.050441584103371635,-0.8877656057778349,-0.1299999999999999,-2.1309031790577824,-1.4329653629383612,-1.0,-0.45702534142890483,0.0,,0.0,0.0,0.0,0.0,,0.0,0.0,,
2026-03-16,-0.054224822135155115,-0.013491467187462192,0.20925130814007087,0.053103909830194605,-0.4868840841031785,-0.11000000000000032,-2.0713659413761865,-1.4129008877514582,-1.0,-0.45702534142890483,0.0,,0.0,0.0,0.0,0.0,,0.0,0.0,,
2026-03-17,0.028571866078531905,0.14228565226532908,0.21611865164098276,0.052695082034825515,-0.9326555794669344,-0.04999999999999982,-2.0155311716332225,-1.393342344820519,-1.0,0.0,0.0,,0.0,0.0,0.0,0.0,,0.0,0.0,,
2026-03-18,0.0011426791873372366,0.09889842047797437,0.19774283589711672,0.052590548971425774,-0.5357599433306603,-0.04999999999999982,-1.963008159076535,-1.3688374811248325,-1.0,0.0,0.0,,0.0,0.0,0.0,0.0,,0.0,0.0,,
2026-03-19,-0.0018705190946963768,0.00427373350755289,0.17738948176298752,0.0528080597648598,-0.29835748985793664,0.019999999999999574,-1.9134616786858836,-1.3450599728614463,-1.0,0.0,0.0,,0.0,0.0,0.0,0.0,,0.0,0.0,,
2026-03-20,0.0224220027919646,-0.003958793172017749,0.18017743342861614,0.052620738515696104,0.22903017623958632,-0.10999999999999943,-1.8666022336475543,-1.321969682492814,-1.0,0.0,0.0,,0.0,0.0,0.0,0.0,,0.0,0.0,,
2026-03-23,-0.10941446814620992,-0.059148439183072554,0.05653935119586695,0.05993139397724426,0.1331423765789319,-0.10999999999999943,-1.8221783178740891,-1.2995296631888402,-1.0,0.0,0.0,,0.0,0.0,0.0,0.0,,0.0,0.0,,
2026-03-24,0.046772709533679624,-0.040947595727924835,0.08623442082156618,0.060060676086908814,-0.24759498234205868,-0.1899999999999995,-1.7842195299192611,-1.2777058652444577,-1.0,0.0,0.0,,0.0,0.0,0.0,0.0,,0.0,0.0,,
2026-03-25,-0.02222678680384238,-0.06431706171910445,0.047881089131164956,0.06054740503815296,-0.1672675847761651,-0.07000000000000028,-1.7485433557580115,-1.2564668785813848,-1.0,0.0,0.0,,0.0,0.0,0.0,0.0,,0.0,0.0,,
2026-03-26,0.045029252047700474,-0.0174172905767076,0.07437157415466533,0.060697118770145726,-0.17373910178215546,-0.16999999999999993,-1.7149297854732557,-1.2357837067953703,-1.0,0.0,0.0,,0.0,0.0,0.0,0.0,,0.0,0.0,,
2026-03-27,0.05317551850487323,0.01333622513620103,0.10771846225529824,0.061167138339417226,-0.5066692607068601,-0.05000000000000071,-1.6831873948089018,-1.2156295689528853,-1.0,0.0,0.0,,0.0,0.0,0.0,0.0,,0.0,0.0,,
2026-03-30,0.031999570095329055,0.15475026337774,0.12133557322567512,0.06048249600117473,-1.1239224560206873,-0.009999999999999787,-1.6531487408403334,-1.1959797259688123,-1.0,0.0,0.0,,0.0,0.0,0.0,0.0,,0.0,0.0,,
2026-03-31,-0.014687427445105428,0.09329012639895495,0.09128456264722651,0.06055452195137605,-0.7537698899937162,0.08999999999999986,-1.6246666327664638,-1.1768113289328317,-0.9849893653504339,0.01501063464956609,0.0,,0.0,0.0,0.0,0.0,,0.0,0.0,,
2026-04-01,-0.012506366480629971,0.10301054672216736,0.06410694651273907,0.06080194233494811,0.006992529647498191,-0.0,-4.108617546148791,-0.6933999616655986,-0.9359531437485087,0.06404685625149131,0.6698267931692481,,0.0,0.0,0.0,0.0,,0.0,0.0,,
2026-04-02,0.10801380439783426,0.16599509907230114,0.15613021755462242,0.06259117396389338,-0.09469303673923513,0.11000000000000032,-3.803422711003528,-0.6803107721879108,-0.7540921257926029,0.24590787420739713,0.6698267931692481,,0.0,0.0,0.0,0.0,,0.0,0.0,,
2026-04-03,0.0,0.11281958056742791,0.14589905406572434,0.058123153558725146,0.1891051916241171,0.09000000000000075,-3.55751839918043,-0.6672905179893411,-0.9391144635291596,0.060885536470840385,0.6698267931692481,,0.0,0.0,0.0,0.0,,0.0,0.0,,
2026-04-06,0.007769630512298065,0.08858964098439692,0.14513368467844234,0.05764975799001456,0.7048681165287451,0.009999999999999787,-3.3539003747941223,-0.6543314620833863,-0.9208345943080674,0.07916540569193264,0.6698267931692481,,0.0,0.0,0.0,0.0,,0.0,0.0,,
2026-04-07,0.00479234144030638,0.10806940986980873,0.13479114647843993,0.04804812292269451,0.590738216218456,-0.03000000000000025,-3.181691712133969,-0.6414257966162384,-0.7794668511215526,0.20552251422888135,0.6698267931692481,,0.0,0.0,0.0,0.0,,0.0,0.0,,
2026-04-08,-0.17929824316958687,-0.05872246681914817,-0.04845056862424091,0.06419503155908626,0.88261885217924,0.040000000000000036,-3.0335681334681768,-0.6285656090610569,-0.4836878533951532,0.4522652903533555,0.0,,0.0,0.0,0.0,0.0,,0.0,0.0,,
2026-04-09,0.035993067693302905,-0.13074320352367952,-0.013562917854911483,0.06124918268432218,1.3304233089632578,0.019999999999999574,-2.9043930475329067,-0.6157428457325209,-0.06397499387680093,0.6901171319158019,0.0,,0.0,0.0,0.0,0.0,,0.0,0.0,,
2026-04-10,-0.01337193345890153,-0.14411513698258105,-0.025838945091265053,0.06092156836989315,1.4929158395942221,0.040000000000000036,-2.79044328503683,-0.6029492720427665,-0.2528537535189922,0.6862607100101674,0.0,,0.0,0.0,0.0,0.0,,0.0,0.0,,
2026-04-13,0.025659470642332316,-0.1262252968525468,-0.003077782865258172,0.05986449867642264,1.194550868469868,0.040000000000000036,-2.688945401765928,-0.590176428816207,-0.3162262874637045,0.6046083068443628,0.0,,0.0,0.0,0.0,0.0,,0.0,0.0,,
2026-04-14,-0.08199589906733884,-0.21301353736019202,-0.08244360209162949,0.06241964906585528,1.6305684840425494,0.07000000000000028,-2.597785308539044,-0.5774155838514022,-0.25157346406456527,0.5278933870569873,0.0,,0.0,0.0,0.0,0.0,,0.0,0.0,,
2026-04-15,0.0001095470231691209,-0.03360574716743603,-0.07965231861928501,0.062416789946443965,0.5856730578634561,-0.0,-2.5153195207886547,-0.5646576777560778,-0.0,0.4836878533951532,0.0,,0.0,0.0,0.0,0.0,,0.0,0.0,,
2026-04-16,0.03656714541841932,-0.03303166944231961,-0.04232531997734501,0.06303182221734918,0.4526500465097505,-0.03000000000000025,-2.440248506963288,-0.5518932628773932,0.03106845324589511,0.09504344712269604,0.0,,0.0,0.0,0.0,0.0,,0.0,0.0,,
2026-04-17,-0.12157890972619079,-0.14123864570960887,-0.15594433085410753,0.06825271710586077,0.6526428797393846,0.04999999999999982,-2.371529350519651,-0.5391124338913327,0.5274702308946273,0.7803239844136195,0.0,,0.0,0.0,0.0,0.0,,0.0,0.0,,
2026-04-20,0.06643743262690993,-0.10046068372503125,-0.09033959441642558,0.06577712496463428,0.6338262532817551,0.040000000000000036,-2.2972285043476495,-0.5322107958385599,0.34127968869352265,0.6575059761572272,0.0,,0.0,0.0,0.0,0.0,,0.0,0.0,,
2026-04-21,0.0,-0.018464784657692412,-0.0888336551289699,0.06488321388733688,-0.0633670192407676,-0.040000000000000036,-2.2282180555112583,-0.5253447000446296,0.37155337073154737,0.6231268347961126,0.0,,0.0,0.0,0.0,0.0,,0.0,0.0,,
2026-04-22,0.036702372207472855,0.018128040526611322,-0.053571801584605616,0.06522983120396411,-0.20116202540840789,-0.009999999999999787,-2.163865731648837,-0.5185131244238006,0.154155747562782,0.154155747562782,0.0,,0.0,0.0,0.0,0.0,,0.0,0.0,,
2026-04-23,0.030615176388052667,0.012176071496244667,-0.023676440076680905,0.06480110517068195,-0.2989989996755815,-0.019999999999999574,-2.1036403181847154,-0.5117150653798399,0.39856596754722984,0.3674975143013347,0.0,,0.0,0.0,0.0,0.0,,0.0,0.0,,
2026-04-24,-0.01524339634019789,0.11851158488223756,-0.03621870555475226,0.06368245535044317,-0.55039189698467,-0.04999999999999982,-2.0470917554973678,-0.5049495370395131,0.30690499480903805,-0.22056523608558926,0.0,,0.0,0.0,0.0,0.0,,0.0,0.0,,
2026-04-27,0.020653876711740793,0.07272802896706843,-0.012296413311705834,0.0634070097252585,-0.26083117524573485,-0.08999999999999986,-1.9938358292620926,-0.49821557051099374,0.12251297987628573,-0.21876670881723692,0.0,,0.0,0.0,0.0,0.0,,0.0,0.0,,
2026-04-28,0.0362749910105018,0.10900301997757023,0.024698872307320485,0.063945683170535,-0.2858998033488991,-0.0600000000000005,-1.9435422511122447,-0.4915122131658542,-0.15206009188780592,-0.5236134626193533,0.0,,0.0,0.0,0.0,0.0,,0.0,0.0,,
2026-04-29,0.06723676891463715,0.13953741668473452,0.08866877906072013,0.06563586156217288,-0.4191385526524316,-0.1200000000000001,-1.8959252762520276,-0.48483852794336996,-0.3290255963807036,-0.4831813439434856,0.0,,0.0,0.0,0.0,0.0,,0.0,0.0,,
2026-04-30,-0.01707991508765172,0.09184232520903013,0.07457668778610493,0.06091966566973315,0.037484574465840304,-0.0600000000000005,-1.8507362433292363,-0.4781935926759226,-0.2692604940635233,-0.6678264616107532,0.0,,0.0,0.0,0.0,0.0,,0.0,0.0,,
2026-05-01,-0.030242389788788238,0.07684333176043978,0.04883424129979108,0.0612162095016771,0.28367026195701417,-0.08000000000000007,-2.5030834590541216,0.14118221335797596,-0.11946253147990545,-0.4263675262889435,0.15325555203637986,,0.0,0.0,0.0,0.0,,0.0,0.0,,
2026-05-04,0.043009124256327524,0.09919857930502651,0.09458133417139258,0.06208887508286437,-0.23670176421266564,-0.10000000000000053,-2.4183302044315242,0.1423977830682667,-0.32614923849387384,-0.44866221837015957,0.15325555203637986,,0.0,0.0,0.0,0.0,,0.0,0.0,,
2026-05-05,-0.03977715435030138,0.023146433944223332,0.0597706232258961,0.06260209071869574,0.12713466255007688,-0.0699999999999994,-2.3402043432783755,0.14361417869899554,-0.35660922057711786,-0.20454912868931194,0.15325555203637986,,0.0,0.0,0.0,0.0,,0.0,0.0,,
2026-05-06,-0.07289773232592811,-0.11698806729634192,-0.013480691237409914,0.050324444021062405,0.8390604336782848,0.05999999999999961,-2.2678449958141704,0.14483140640336642,-0.23823924757073547,0.09078634880996814,0.15325555203637986,,0.0,0.0,0.0,0.0,,0.0,0.0,,
2026-05-07,-0.0028437535621259613,-0.10275190577081617,-0.014736185874142826,0.04962123842043471,0.5556538665722921,-0.009999999999999787,-2.200540298974192,0.1460494723547826,-0.41883782582419926,-0.14957733176067595,0.15325555203637986,,0.0,0.0,0.0,0.0,,0.0,0.0,,
2026-05-08,0.006413311158093293,-0.06609620482393463,-0.007723878021506536,0.04957114827685687,0.2984983858788537,0.009999999999999787,-2.137695745119251,0.14726838274702325,-0.2752353144701726,-0.15577278299026714,0.0,,0.0,0.0,0.0,0.0,,0.0,0.0,,
2026-05-11,0.02739330931626771,-0.08171201976399445,0.02018173605560758,0.049620978090940446,0.648172459992058,0.03000000000000025,-2.078810377253739,0.14848814379442116,-0.5160521320156568,-0.18990289352178297,0.0,,0.0,0.0,0.0,0.0,,0.0,0.0,,
2026-05-12,0.04105445449842371,-0.0008804109152693584,0.05559597763659063,0.0465175336076909,0.08168894636434443,-0.03000000000000025,-2.02345863525528,0.14970876173204153,-0.7331051491523277,-0.37649592857520986,0.0,,0.0,0.0,0.0,0.0,,0.0,0.0,,
2026-05-13,-0.011417446862745706,0.060599874547913046,0.03911466755069881,0.046660853444070026,-0.3179557351424389,-0.09999999999999964,-1.9712763326166514,0.15093024281586198,-0.6756007689274005,-0.43736152135666506,0.0,,0.0,0.0,0.0,0.0,,0.0,0.0,,
2026-05-14,0.0014837531778928437,0.06492738128793185,0.03728872711747133,0.0460699055879424,-0.5575723064512372,-0.05999999999999961,-1.9219496966221374,0.15215259332295403,-0.6790805467902873,-0.260242720966088,0.0,,0.0,0.0,0.0,0.0,,0.0,0.0,,
2026-05-15,0.041150101209261436,0.0996641713391,0.06699268416884152,0.03615535519074125,-1.053294159906204,-0.20999999999999996,-1.8752067108908237,0.15337581955166557,-1.0,-0.7247646855298274,0.0,,0.0,0.0,0.0,0.0,,0.0,0.0,,
2026-05-18,0.030271369696316164,0.10254223171914845,0.08762621285379435,0.034106591872585634,-0.8480706646495362,-0.1900000000000004,-1.8308231722019557,0.15805188881957122,-1.0,-0.4839478679843432,0.0,,0.0,0.0,0.0,0.0,,0.0,0.0,,
2026-05-19,0.0,0.06148777722072474,0.07798837184243279,0.034106591872585634,-0.7822901391956627,-0.20999999999999996,-1.7885772780694917,0.16274908070244035,-1.0,-0.2668948508476723,0.0,,0.0,0.0,0.0,0.0,,0.0,0.0,,
2026-05-20,-0.1006067143828746,-0.027701490299404163,-0.0253907292222868,0.04140977284619338,-0.5813104511803058,-0.11000000000000032,-1.7482860617046085,0.16746786085692447,-0.7848703084399877,-0.10926953951258722,0.0,,0.0,0.0,0.0,0.0,,0.0,0.0,,
2026-05-21,-0.019629631880127008,-0.048814875357424015,-0.04528050737085021,0.041155046320638995,-0.5893674538382188,-0.10000000000000053,-1.709787628116909,0.17220870438972524,-0.8036378509701375,-0.12455730417985023,0.0,,0.0,0.0,0.0,0.0,,0.0,0.0,,
2026-05-22,0.002591346358096658,-0.08737363020858879,-0.04384104441610415,0.04099434471492089,-0.0036048875568406302,0.03000000000000025,-1.6729381178649383,0.1769720961594923,-1.0,0.0,0.0,,0.0,0.0,0.0,0.0,,0.0,0.0,,
2026-05-25,0.0,-0.11764499990490496,-0.04396023398386806,0.040736547430585635,-0.0036048875568406302,0.03000000000000025,-1.63760918911213,0.18175853108974213,-1.0,0.0,0.0,,0.0,0.0,0.0,0.0,,0.0,0.0,,
2026-05-26,-0.02845485694801564,-0.1460998568529206,-0.06929778810172138,0.04028163753675345,0.2355777682899185,0.16999999999999993,-1.6036859164875026,0.1865685144932975,-0.6053691840715564,0.3946308159284436,0.0,,0.0,0.0,0.0,0.0,,0.0,0.0,,
2026-05-27,-0.057089499522345655,-0.10258264199239164,-0.11705367137205602,0.0384023352385732,-0.017203413157163006,0.08999999999999986,-1.5710650275216897,0.19140256240876632,-0.2930880102448024,0.4917822981951853,0.0,,0.0,0.0,0.0,0.0,,0.0,0.0,,
2026-05-28,0.0024777577717483013,-0.08047525234051633,-0.10622018099126684,0.03844368811790879,0.28248540240766173,0.1200000000000001,-1.53965341431768,0.19626120194961147,-0.41376958566000666,0.38986826531013086,0.0,,0.0,0.0,0.0,0.0,,0.0,0.0,,
2026-05-29,-0.017474630523263812,-0.1005412292218768,-0.11597746686876498,0.03816612146012199,0.3424519728922215,0.10999999999999943,-1.5093668710360229,0.20114497166638978,-0.38967967330661685,0.6103203266933832,0.0,,0.0,0.0,0.0,0.0,,0.0,0.0,,
2026-06-01,0.053488684950986354,-0.04705254427089045,-0.05529541530674731,0.03896281362839019,0.3424519728922215,0.10999999999999943,-0.5903815982420779,0.4602458820793959,-0.40136985704458117,0.6103203266933832,-0.2403928015558776,,0.0,0.0,0.0,0.0,,0.0,0.0,,
2026-06-02,0.01721212888112067,-0.0013855584417541422,-0.03373938397616527,0.038536006496720815,0.11219304252091389,0.040000000000000036,-0.5804069902837748,0.46324400741720434,-0.49759642566837065,0.10777275840318573,-0.2403928015558776,,0.0,0.0,0.0,0.0,,0.0,0.0,,
2026-06-03,0.023818177274091745,0.07952211835468326,-0.01041309973261395,0.03542317775480895,-0.1694034966425617,-0.009999999999999787,-0.57048694688161,0.46625421335838824,-0.8785983016439334,-0.585510291399131,-0.2403928015558776,,0.0,0.0,0.0,0.0,,0.0,0.0,,
2026-06-04,-0.03152699489238486,0.04551736569055009,-0.04099782558902554,0.036138749542704525,-0.2769848057409874,-0.019999999999999574,-0.5606185087828479,0.4692766358185406,-0.5397782137969002,-0.1260086281368935,-0.2403928015558776,,0.0,0.0,0.0,0.0,,0.0,0.0,,
2026-06-05,-0.02723776620259688,0.035754230011217025,-0.06561076888761441,0.0365591834618652,-1.013473443008528,-0.09999999999999964,-0.5507987582145739,0.47231141262301585,-1.0,-0.6103203266933832,-0.2403928015558776,,0.0,0.0,0.0,0.0,,0.0,0.0,,
2026-06-08,0.00835904559311107,-0.009375409346658259,-0.05367518720433839,0.035979779378190496,-0.7289873813937531,-0.08999999999999986,-0.5410248145474801,0.4753586835433445,-0.7977632440339304,-0.39639338698934923,0.0,,0.0,0.0,0.0,0.0,,0.0,0.0,,
2026-06-09,-0.03454382458817751,-0.061131362815956436,-0.0808625617480212,0.03500198385649741,-0.7777485615684032,-0.07000000000000028,-0.5312938300355822,0.478418590334491,-0.518502716247371,-0.02090629057900034,0.0,,0.0,0.0,0.0,0.0,,0.0,0.0,,
2026-06-10,0.020535985107639654,-0.06441355498240853,-0.05456779819440527,0.035532108353419335,-0.44276993386092034,-0.05999999999999961,-0.5216029856170307,0.48149127677298137,-0.5903642291082681,0.28823407253566524,0.0,,0.0,0.0,0.0,0.0,,0.0,0.0,,
2026-06-11,-0.026107030157095146,-0.05899359024711881,-0.07353651073877465,0.03577092194114326,-0.6332862774010017,0.019999999999999574,-0.5119494867613906,0.48457688869592197,-0.19663077314930316,0.343147440647597,0.0,,0.0,0.0,0.0,0.0,,0.0,0.0,,
2026-06-12,-0.032797423657562774,-0.0645532477020847,-0.09549824054027045,0.03430883328245614,0.4795012786978359,0.0699999999999994,-0.5023305593488149,0.48767557404093564,-0.0,1.0,0.0,,0.0,0.0,0.0,0.0,,0.0,0.0,,
2026-06-15,-0.049880532202961625,-0.1227928254981574,-0.13053548379220192,0.033933617194066894,0.5983304730326489,0.08999999999999986,-0.49274344556660676,0.4907874828870417,-0.0,0.7977632440339304,0.0,,0.0,0.0,0.0,0.0,,0.0,0.0,,
2026-06-16,-0.059966943397464334,-0.14821594430744423,-0.1726607910687621,0.03517949192527675,0.5882710898561738,0.10000000000000053,-0.4831853998085209,0.4939127674965038,0.3060906702717408,0.8245933865191117,0.0,,0.0,0.0,0.0,0.0,,0.0,0.0,,
2026-06-17,0.009683404637151227,-0.15906852477793265,-0.15065025626170936,0.029747808907938683,0.43890007288592825,0.05999999999999961,-0.47365368456199364,0.49705158235767627,-0.5936030812693938,-0.003238852161125627,0.0,,0.0,0.0,0.0,0.0,,0.0,0.0,,
2026-06-18,-0.0024773465959073704,-0.13543884121674488,-0.1416580869519244,0.029773435901597915,-0.23177324850520709,-0.009999999999999787,-0.4627376946428454,0.4865929094845476,-0.3963796907337109,-0.19974891758440771,0.0,,0.0,0.0,0.0,0.0,,0.0,0.0,,
2026-06-19,0.0,-0.1026414175591821,-0.1300590037283289,0.02971460602753161,-0.23177324850520709,-0.009999999999999787,-0.45182024506700275,0.47615157446139117,-0.3963796907337109,-0.19974891758440771,0.0,,0.0,0.0,0.0,0.0,,0.0,0.0,,
2026-06-22,-0.02351184782654503,-0.0762727331827655,-0.14079617593994964,0.02969665344915357,-1.0312967771242354,-0.040000000000000036,-0.4408964124941681,0.4657237105289829,-0.3963796907337109,-0.19974891758440771,0.0,,0.0,0.0,0.0,0.0,,0.0,0.0,,
2026-06-23,-0.021753205261449082,-0.038058995046750255,-0.15010978817080378,0.029547850217207315,-1.5086871939357316,-0.07000000000000028,-0.4299611518901905,0.4553054086346732,-0.5162554300973408,-0.8223461003690815,0.0,,0.0,0.0,0.0,0.0,,0.0,0.0,,
2026-06-24,-0.03999139661271478,-0.08773379629661626,-0.17851649689840432,0.0284135846600679,-1.696079392162142,0.08000000000000007,-0.41900928019551315,0.4448927085114392,-0.3782784188765081,0.21532466239288567,0.0,,0.0,0.0,0.0,0.0,,0.0,0.0,,
2026-06-25,0.022213763117528096,-0.0630426865831808,-0.14570484616305102,0.02925784778971584,-0.5482749398234787,0.05999999999999961,-0.4080354587304925,0.4344815893294816,-0.34577967273355975,0.050600018000151126,0.0,,0.0,0.0,0.0,0.0,,0.0,0.0,,
2026-06-26,-0.038120095473430204,-0.101162782056611,-0.17219478077114925,0.029871022800266375,-0.5482749398234787,0.05999999999999961,-0.39703417416525966,0.42406795985903106,-0.3118925682946068,0.050600018000151126,0.0,,0.0,0.0,0.0,0.0,,0.0,0.0,,
2026-06-29,0.021718241833412755,-0.055932692396653216,-0.13725785591652517,0.026925302020356076,-0.33696596245591515,0.1299999999999999,-0.3859997178587224,0.4136476480770186,-0.17329983971572963,0.050600018000151126,0.0,,0.0,0.0,0.0,0.0,,0.0,0.0,,
2026-06-30,-0.017825783952600815,-0.05200527108780495,-0.14011306120622713,0.02596381509152399,0.10771945360462665,0.05999999999999961,-0.37492616334432877,0.403216390143344,-0.31200706359941144,0.20424836649792932,0.0,,0.0,0.0,0.0,0.0,,0.0,0.0,,
2026-07-01,-0.01332580553597218,-0.02533968001106235,-0.1366110889387988,0.02431961316626662,0.21950054360360127,-0.07000000000000028,-0.03628680292278299,0.4406055469014623,-0.3121968818059905,0.06608153707051762,-0.20978348716595985,,0.0,0.0,0.0,0.0,,0.0,0.0,,
2026-07-02,0.0016026811910165861,-0.04595076193757386,-0.11983711374855144,0.024393877759136724,0.30209184352021357,-0.08999999999999986,-0.025967041196651146,0.4298624915733521,-0.3149155004376796,0.030864172295880177,-0.20978348716595985,,0.0,0.0,0.0,0.0,,0.0,0.0,,
2026-07-03,0.0,-0.007830666464143654,-0.10602770805945028,0.024445038012498605,0.30209184352021357,-0.08999999999999986,-0.015517091063854365,0.4191076875822132,-0.3149155004376796,0.030864172295880177,-0.20978348716595985,,0.0,0.0,0.0,0.0,,0.0,0.0,,
2026-07-06,-0.00204022221746758,-0.03158913051502399,-0.09373856119728785,0.024056188605238015,0.0971455736756166,-0.10000000000000053,-0.00492948750619447,0.4083362480828708,0.07133206514947991,0.24463190486520953,-0.20978348716595985,,0.0,0.0,0.0,0.0,,0.0,0.0,,
2026-07-07,0.027197877619681954,0.01343453105725878,-0.05529839960836824,0.025257192942487905,0.09121371298527192,-0.10999999999999943,0.005803700887016838,0.3975431446793189,-0.2165038780997802,0.09550318549963124,-0.20978348716595985,,0.0,0.0,0.0,0.0,,0.0,0.0,,
2026-07-08,0.04279619441942639,0.06955653101265735,-0.0023729316852945104,0.027150761379705644,0.012216714611767987,-0.07999999999999918,0.016690914392391884,0.3867231905226074,-0.29201430319622246,0.02018257860976802,0.0,,0.0,0.0,0.0,0.0,,0.0,0.0,,
2026-07-09,-0.01978086474734919,0.048172985074291574,-0.012340831199483482,0.026991203746362814,-0.0520340508177064,-0.04999999999999982,0.027741149362401046,0.37587102201692346,-0.4089023821198106,-0.09398688168213104,0.0,,0.0,0.0,0.0,0.0,,0.0,0.0,,
2026-07-10,-0.009338697739063484,0.03883428733522809,-0.013039500001311488,0.026443983022093526,-0.0520340508177064,-0.04999999999999982,0.03896401081711596,0.36498107894965515,-0.4616463018284597,-0.09398688168213104,0.0,,0.0,0.0,0.0,0.0,,0.0,0.0,,
2026-07-13,0.09006417406590561,0.13093868361860128,0.07866746768838606,0.03272606804467042,0.07754375801712898,-0.13999999999999968,0.05036977116678633,0.3540475828360174,-0.7510674156475284,-0.8223994807970083,0.0,,0.0,0.0,0.0,0.0,,0.0,0.0,,
2026-07-14,0.015240325459259907,0.11898113145817923,0.09179022332860143,0.029867639293468338,0.2828302894106183,-0.03000000000000025,0.06196943593737283,0.34306451323935855,-0.529373423139947,-0.31286954504016673,0.0,,0.0,0.0,0.0,0.0,,0.0,0.0,,
2026-07-15,0.003271677764153047,0.07945661480290589,0.09326491761736122,0.029816523376449938,0.6785232810509689,0.009999999999999787,0.07377481751770693,0.3320255817937594,0.2961116045962692,0.5881259077924916,0.0,,0.0,0.0,0.0,0.0,,0.0,0.0,,
2026-07-16,-0.0081993521486865,0.09103812740156858,0.08355468227091922,0.029887064637153873,0.3494737190794406,-0.03000000000000025,0.0857986181221847,0.32092420361499213,0.13035575479167774,0.5392581369114884,0.0,,0.0,0.0,0.0,0.0,,0.0,0.0,,
2026-07-17,0.04386233317098931,0.14423915831162137,0.12371301558560344,0.031344153616802706,-0.02232279929563763,0.009999999999999787,0.09805452337312337,0.30975346573817253,0.13035575479167774,0.5392581369114884,0.0,,0.0,0.0,0.0,0.0,,0.0,0.0,,
2026-07-20,0.008930785885363335,0.0631057701310791,0.12731766992906657,0.03069429404895454,0.16663726496236597,0.020000000000000462,0.11374325102581384,0.32669668754601855,0.14374419434637337,0.8948116099939019,0.0,,0.0,0.0,0.0,0.0,,0.0,0.0,,
2026-07-21,0.019984012253268624,0.06784945692508781,0.1398886897646996,0.030170670033429877,-0.0872396092727934,-0.04999999999999982,0.1299265616790114,0.3442363576255897,-0.4886883801385402,0.04068504300140674,0.0,,0.0,0.0,0.0,0.0,,0.0,0.0,,
2026-07-22,0.0,0.06457777916093477,0.13047612751642745,0.028119040226702433,-0.22010027529157927,-0.1200000000000001,0.14664920960702071,0.36242351645518145,-0.9585428539675532,-1.2546544585638224,0.0,,0.0,0.0,0.0,0.0,,0.0,0.0,,
2026-07-23,0.08225979279923123,0.1550369241088525,0.20032105658330135,0.03243252105150507,-0.4790951625100792,-0.13999999999999968,0.1639616062180394,0.3813154639733232,-1.0,-1.1303557547916778,0.0,,0.0,0.0,0.0,0.0,,0.0,0.0,,
2026-07-24,-0.03173820111470871,0.07943638982315449,0.1558488970183003,0.031936758740433446,-0.14850889601474293,-0.14000000000000057,0.181920800582767,0.4009767990038816,-1.0,-1.1303557547916778,0.0,,0.0,0.0,0.0,0.0,,0.0,0.0,,
2026-07-27,-0.07798272512138027,-0.007477121183589119,0.07011726179436728,0.03771845828168516,-0.19396035012415602,-0.05000000000000071,0.2005916772398223,0.42148067874616946,-0.9671247244063939,-1.1108689187527672,0.0,,0.0,0.0,0.0,0.0,,0.0,0.0,,
2026-07-28,-0.04139715081212536,-0.0688582842489831,0.022149769222663984,0.038909104379330116,-0.03881308266273642,0.019999999999999574,0.22004843085030495,0.4429103557806199,-0.5580529309985214,-0.06936455085998117,0.0,,0.0,0.0,0.0,0.0,,0.0,0.0,,
2026-07-29,0.06354446174350858,-0.005313822505474519,0.07528037584262126,0.040600227792715125,-0.1788119455668591,-0.0,0.24037639700569632,0.46536106810582456,-0.2426035907445574,0.7159392632229958,0.0,,0.0,0.0,0.0,0.0,,0.0,0.0,,
2026-07-30,-0.010354153794732923,-0.09792776909943868,0.05511020867362504,0.04082421659596017,1.0191261915100447,0.03000000000000025,0.2616743459897799,0.48894238251690125,-0.4487938703099552,0.5512061296900448,0.0,,0.0,0.0,0.0,0.0,,0.0,0.0,,
2026-07-31,0.012837451943121359,-0.05335211604160861,0.05748977464532601,0.040762632214892715,0.834310188426024,-0.05999999999999961,0.28405738514249984,0.5137811260908327,-0.4487938703099552,0.5512061296900448,0.0,,0.0,0.0,0.0,0.0,,0.0,0.0,,
2026-08-03,-0.05249371872305009,-0.027863109643278428,-0.0029391552238644536,0.04307256763848859,0.8932393505550418,-0.04999999999999982,0.30766067118354273,-0.6133239955654501,-0.6298540523763875,0.3372706720300064,0.0,,0.0,0.0,0.0,0.0,,0.0,0.0,,
2026-08-04,-0.0585651929878539,-0.045031151819006965,-0.06515140582748202,0.04526713911692126,0.8514010812047612,-0.019999999999999574,0.3326442150593919,-0.6020262482701348,-0.053387488666982154,0.5046654423315392,0.0,,0.0,0.0,0.0,0.0,,0.0,0.0,,
2026-08-05,-0.007285282901091428,-0.11586089646360698,-0.07357967247831088,0.044363698549577356,1.1599546979365716,0.040000000000000036,0.3591991823822627,-0.5909254781545987,0.16464576853083798,0.4072493592753954,0.0,,0.0,0.0,0.0,0.0,,0.0,0.0,,
2026-08-06,0.02714742807658954,-0.07835931459228451,-0.04992164279265765,0.0444397449459783,0.1370374672133523,-0.010000000000000675,0.3591991823822627,-0.5800504333129619,-0.5006918165519445,-0.05189794624198929,0.0,,0.0,0.0,0.0,0.0,,0.0,0.0,,
2026-08-07,0.011449279246028787,-0.07974748728937708,-0.04300116078681704,0.04436696277990655,0.533401724595961,0.09999999999999964,0.3591991823822627,-0.5694399063180897,0.11158556171207473,-0.05189794624198929,0.0,,0.0,0.0,0.0,0.0,,0.0,0.0,,
2026-08-10,0.04928949738729216,0.02203572882096516,0.0037982731942163284,0.04104183437984375,0.48155688912912,-0.019999999999999574,0.3591991823822627,-0.5591464820631084,0.05569120518072095,0.6855452575571084,0.0,,0.0,0.0,0.0,0.0,,0.0,0.0,,
2026-08-11,0.012943990075061862,0.09354491188388092,0.014367016632228946,0.041007485169465445,0.3500903445467607,-0.07000000000000028,,-0.5492420706855802,-0.2220050905265938,-0.16861760185961167,,,0.0,0.0,0.0,0.0,,0.0,0.0,,
2026-08-12,0.000840992420564568,0.10167118720553692,0.012954296682924138,0.04100829049314157,0.22632071370596307,-0.04999999999999982,,-0.539826290822465,-0.3940981495752617,-0.5587439181060997,,,0.0,0.0,0.0,0.0,,0.0,0.0,,
2026-08-13,-0.024557519037880837,0.04996624009106654,-0.013039026380367247,0.041389112466673456,0.2731959237327386,0.0600000000000005,,-0.5310395620205429,0.05672400015034847,0.557415816702293,,,0.0,0.0,0.0,0.0,,0.0,0.0,,
2026-08-14,0.014054615705579643,0.052571576550617394,0.0010701711730733976,0.04030339741239919,0.13614423730250458,-0.02999999999999936,,-0.5230842940407445,0.05679182170113333,-0.0547937400109414,,,0.0,0.0,0.0,0.0,,0.0,0.0,,
2026-08-17,0.02516609744770193,0.028448176611027165,0.025479084890518422,0.040655859667267216,0.2557952697603394,-0.0,,-0.5374662786389125,0.11450115885387552,0.058809953673154565,,,0.0,0.0,0.0,0.0,,0.0,0.0,,
2026-08-18,0.00519359052199686,0.020697777057962163,0.030655012768822765,0.04042156311062921,0.16437459619564887,-0.009999999999999787,,-0.5522415035025802,0.41205678398115525,0.6340618745077491,,,0.0,0.0,0.0,0.0,,0.0,0.0,,
2026-08-19,0.01042347084500328,0.030280255482400875,0.04053964742788363,0.0404884652950076,0.6590948967367671,0.02999999999999936,,-0.5674339583629152,0.731678418551234,1.1257765681264957,,,0.0,0.0,0.0,0.0,,0.0,0.0,,
2026-08-20,0.023034532198897395,0.07787230671917911,0.06599660647085503,0.0361279601822052,0.7803008437317405,-0.0600000000000005,,-0.5830697166192161,1.0,0.9432759998496515,,,0.0,0.0,0.0,0.0,,0.0,0.0,,
2026-08-21,-0.008805591804874169,0.055012099208725296,0.058466811044562306,0.03550714944831547,0.7064593937232799,-0.0600000000000005,,-0.5991771767995557,0.6040964228072183,0.547304601106085,,,0.0,0.0,0.0,0.0,,0.0,0.0,,
2026-08-24,-0.023828639494883674,0.006017362266139692,0.03320626364693702,0.031146884733070892,0.41619674449138166,0.019999999999999574,,-0.6157873392422087,0.47997643464044715,0.36547527578657163,,,0.0,0.0,0.0,0.0,,0.0,0.0,,
2026-08-25,-0.031669014469679624,-0.030845242725536792,-0.0003810655426077503,0.0305123366789631,0.634375806311982,0.07000000000000028,,-0.6329341242491269,0.6356044936265604,0.2235477096454051,,,0.0,0.0,0.0,0.0,,0.0,0.0,,
2026-08-26,-0.0015796831767840303,-0.0428483967473241,-0.000622856193242427,0.026844040191566974,-0.09574691040861172,-0.009999999999999787,,-0.6506547392807006,0.2160161716308296,-0.5156622469204044,,,0.0,0.0,0.0,0.0,,0.0,0.0,,
2026-08-27,0.01568564978501108,-0.05019727916121042,0.015098695938931428,0.027014666425320796,-0.08752287433575479,0.020000000000000462,,-0.6689901044033499,0.22367145637058364,-0.7763285436294164,,,0.0,0.0,0.0,0.0,,0.0,0.0,,
2026-08-28,-0.0015575394031142054,-0.042949226759450454,0.014296808450291465,0.02684485952871239,-0.5802843910190258,0.009999999999999787,,-0.6879853472600745,-0.42906568679538387,-1.0331621096026022,,,0.0,0.0,0.0,0.0,,0.0,0.0,,
